ev_make,ev_model,ev_variant,ev_year_basis,ev_class,gas_twin_make,gas_twin_model,gas_twin_variant,gas_twin_fuel,gas_twin_class,twin_type,candidate_rank,primary_twin,match_basis,ev_payload_lb,gas_payload_lb,ev_tow_lb,gas_tow_lb,ev_bed_or_cargo,gas_bed_or_cargo,ev_range_mi,gas_range_mi,ev_tow_range_mi,gas_tow_range_mi,ev_efficiency_basis,gas_mpg_combined,ev_energy_usd_per_mi,gas_energy_usd_per_mi,gas_twin_base_msrp_usd,ev_base_msrp_usd,class_match_score,score_payload_closeness,score_tow_closeness,score_cargo_closeness,score_cab_closeness,score_range_closeness,score_price_closeness,rank_metric,ev_ted_total,gas_ted_total,ted_score_diff_ev_minus_gas,ev_ted_points_possible,gas_ted_points_possible,match_quality,gap_notes,source_urls,fact_status
Ford,F-150 Lightning,Pro Standard Range (4WD SR),2025,half_ton,Ford,F-150,SuperCrew 5.5-ft 4WD XLT,gas,half_ton,same_badge,1,yes,class+payload+tow+cab/cargo (no badge); R1T primary forced Tacoma per Ted,2329,2120,7000,7500,5.5 ft bed,5.5 ft bed,240,not confirmed,not confirmed,not confirmed,49 kWh/100mi,20,0.0601,0.2078,51915,56975,10.0,9.0,10.0,10.0,10.0,not confirmed,10.0,8.2,66.7,53.4,13.3,70,70,strong,towing range not confirmed,https://fueleconomy.gov/feg/PowerSearch.do?action=noform&baseModel=F-150+Lightning&make=Ford&path=1&srchtyp=ymm&year1=2025&year2=2025; https://www.carweek.com/research/ford/f-150/2025; https://www.fueleconomy.gov/feg/bymodel/2025_Ford_F-150_Lightning.shtml; https://www.fueleconomy.gov/feg/bymodel/2025_ford_f150.shtml; https://www.iseecars.com/car/ford-f-150-lightning; https://www.iseecars.com/car/ford-f-150/resale-value; https://www.kbb.com/ford/f150%20supercrew%20cab/2025/xlt-pickup-4d-5-1-2-ft/; https://www.kbb.com/ford/f150-lightning/2025/specs/,closeness/TED scores INFERENCE from FACT specs; unscored cats=not confirmed; totals omitted if points_possible<60
Ford,F-150 Lightning,Pro Standard Range (4WD SR),2025,half_ton,GMC,Sierra 1500,Crew Cab Denali 4WD short bed,gas,half_ton,class_competitor,2,no,class+payload+tow+cab/cargo (no badge); R1T primary forced Tacoma per Ted,2329,1960,7000,13000,5.5 ft bed,5.75 ft bed,240,not confirmed,not confirmed,not confirmed,49 kWh/100mi,17,0.0601,0.2444,67595,56975,10.0,8.2,10.0,10.0,10.0,not confirmed,7.3,7.8,66.7,43.9,22.8,70,60,fair,towing range not confirmed,https://fueleconomy.gov/feg/PowerSearch.do?action=noform&baseModel=F-150+Lightning&make=Ford&path=1&srchtyp=ymm&year1=2025&year2=2025; https://www.fueleconomy.gov/feg/bymodel/2025_Ford_F-150_Lightning.shtml; https://www.iseecars.com/car/ford-f-150-lightning; https://www.iseecars.com/resale-value/trucks; https://www.kbb.com/ford/f150-lightning/2025/specs/; https://www.kbb.com/gmc/sierra-1500-crew-cab/2025/; https://www.kbb.com/gmc/sierra-1500-crew-cab/2025/denali-pickup-4d-5-3-4-ft/,closeness/TED scores INFERENCE from FACT specs; unscored cats=not confirmed; totals omitted if points_possible<60
Ford,F-150 Lightning,Pro Standard Range (4WD SR),2025,half_ton,Chevrolet,Silverado 1500,Crew Cab short bed 4WD WT,gas,half_ton,class_competitor,3,no,class+payload+tow+cab/cargo (no badge); R1T primary forced Tacoma per Ted,2329,not confirmed,7000,9400,5.5 ft bed,5.8 ft bed,240,not confirmed,not confirmed,not confirmed,49 kWh/100mi,18,0.0601,0.2308,46000,56975,10.0,not confirmed,10.0,10.0,10.0,not confirmed,10.0,6.7,66.7,not confirmed,not confirmed,70,50,fair,towing range not confirmed,https://cars.usnews.com/cars-trucks/chevrolet/silverado-1500/2025/specs/silverado-1500-crew-cab-short-box-4-wheel-drive-wt-458792; https://fueleconomy.gov/feg/PowerSearch.do?action=noform&baseModel=F-150+Lightning&make=Ford&path=1&srchtyp=ymm&year1=2025&year2=2025; https://www.cars.com/research/chevrolet-silverado_1500-2025/; https://www.fueleconomy.gov/feg/bymodel/2025_Ford_F-150_Lightning.shtml; https://www.iseecars.com/car/ford-f-150-lightning; https://www.kbb.com/ford/f150-lightning/2025/specs/,closeness/TED scores INFERENCE from FACT specs; unscored cats=not confirmed; totals omitted if points_possible<60
Ford,F-150 Lightning,Pro Standard Range (4WD SR),2025,half_ton,Ram,1500,Crew Cab Tradesman 4x4 5.6-ft,gas,half_ton,class_competitor,4,no,class+payload+tow+cab/cargo (no badge); R1T primary forced Tacoma per Ted,2329,1770,7000,not confirmed,5.5 ft bed,5.6 ft bed,240,not confirmed,not confirmed,not confirmed,49 kWh/100mi,19,0.0601,0.2187,46875,56975,10.0,7.2,not confirmed,10.0,10.0,not confirmed,10.0,6.4,66.7,not confirmed,not confirmed,70,50,fair,towing range not confirmed,https://fueleconomy.gov/feg/PowerSearch.do?action=noform&baseModel=F-150+Lightning&make=Ford&path=1&srchtyp=ymm&year1=2025&year2=2025; https://www.fueleconomy.gov/feg/bymodel/2025_Ford_F-150_Lightning.shtml; https://www.iseecars.com/car/2025-ram-ram_pickup_1500-price; https://www.iseecars.com/car/ford-f-150-lightning; https://www.iseecars.com/resale-value/trucks; https://www.kbb.com/ford/f150-lightning/2025/specs/; https://www.kbb.com/ram/1500-crew-cab/2025/specs/,closeness/TED scores INFERENCE from FACT specs; unscored cats=not confirmed; totals omitted if points_possible<60
Ford,F-150 Lightning,Flash Extended Range,2025,half_ton,GMC,Sierra 1500,Crew Cab Denali 4WD short bed,gas,half_ton,class_competitor,1,yes,class+payload+tow+cab/cargo (no badge); R1T primary forced Tacoma per Ted,2226,1960,10000,13000,5.5 ft bed,5.75 ft bed,300,not confirmed,not confirmed,not confirmed,47.5 kWh/100mi,17,0.0582,0.2444,67595,72190,10.0,8.7,10.0,10.0,10.0,not confirmed,10.0,8.2,66.8,44.4,22.4,70,60,strong,towing range not confirmed; PRIMARY by class/numbers is GMC Sierra 1500; same-badge twin Ford F-150 is secondary (not chosen by badge),https://fueleconomy.gov/feg/PowerSearch.do?action=noform&baseModel=F-150+Lightning&make=Ford&path=1&srchtyp=ymm&year1=2025&year2=2025; https://www.fueleconomy.gov/feg/bymodel/2025_Ford_F-150_Lightning.shtml; https://www.iseecars.com/car/ford-f-150-lightning; https://www.iseecars.com/resale-value/trucks; https://www.kbb.com/ford/f150-lightning/2025/specs/; https://www.kbb.com/gmc/sierra-1500-crew-cab/2025/; https://www.kbb.com/gmc/sierra-1500-crew-cab/2025/denali-pickup-4d-5-3-4-ft/,closeness/TED scores INFERENCE from FACT specs; unscored cats=not confirmed; totals omitted if points_possible<60
Ford,F-150 Lightning,Flash Extended Range,2025,half_ton,Ford,F-150,SuperCrew 5.5-ft 4WD XLT,gas,half_ton,same_badge,2,no,class+payload+tow+cab/cargo (no badge); R1T primary forced Tacoma per Ted,2226,2120,10000,7500,5.5 ft bed,5.5 ft bed,300,not confirmed,not confirmed,not confirmed,47.5 kWh/100mi,20,0.0582,0.2078,51915,72190,10.0,9.5,5.0,10.0,10.0,not confirmed,10.0,7.7,66.8,48.9,17.9,70,70,fair,tow delta material; towing range not confirmed,https://fueleconomy.gov/feg/PowerSearch.do?action=noform&baseModel=F-150+Lightning&make=Ford&path=1&srchtyp=ymm&year1=2025&year2=2025; https://www.carweek.com/research/ford/f-150/2025; https://www.fueleconomy.gov/feg/bymodel/2025_Ford_F-150_Lightning.shtml; https://www.fueleconomy.gov/feg/bymodel/2025_ford_f150.shtml; https://www.iseecars.com/car/ford-f-150-lightning; https://www.iseecars.com/car/ford-f-150/resale-value; https://www.kbb.com/ford/f150%20supercrew%20cab/2025/xlt-pickup-4d-5-1-2-ft/; https://www.kbb.com/ford/f150-lightning/2025/specs/,closeness/TED scores INFERENCE from FACT specs; unscored cats=not confirmed; totals omitted if points_possible<60
Ford,F-150 Lightning,Flash Extended Range,2025,half_ton,Chevrolet,Silverado 1500,Crew Cab short bed 4WD WT,gas,half_ton,class_competitor,3,no,class+payload+tow+cab/cargo (no badge); R1T primary forced Tacoma per Ted,2226,not confirmed,10000,9400,5.5 ft bed,5.8 ft bed,300,not confirmed,not confirmed,not confirmed,47.5 kWh/100mi,18,0.0582,0.2308,46000,72190,10.0,not confirmed,8.8,10.0,10.0,not confirmed,10.0,6.5,66.8,not confirmed,not confirmed,70,50,fair,towing range not confirmed,https://cars.usnews.com/cars-trucks/chevrolet/silverado-1500/2025/specs/silverado-1500-crew-cab-short-box-4-wheel-drive-wt-458792; https://fueleconomy.gov/feg/PowerSearch.do?action=noform&baseModel=F-150+Lightning&make=Ford&path=1&srchtyp=ymm&year1=2025&year2=2025; https://www.cars.com/research/chevrolet-silverado_1500-2025/; https://www.fueleconomy.gov/feg/bymodel/2025_Ford_F-150_Lightning.shtml; https://www.iseecars.com/car/ford-f-150-lightning; https://www.kbb.com/ford/f150-lightning/2025/specs/,closeness/TED scores INFERENCE from FACT specs; unscored cats=not confirmed; totals omitted if points_possible<60
Ford,F-150 Lightning,Flash Extended Range,2025,half_ton,Ram,1500,Crew Cab Tradesman 4x4 5.6-ft,gas,half_ton,class_competitor,4,no,class+payload+tow+cab/cargo (no badge); R1T primary forced Tacoma per Ted,2226,1770,10000,not confirmed,5.5 ft bed,5.6 ft bed,300,not confirmed,not confirmed,not confirmed,47.5 kWh/100mi,19,0.0582,0.2187,46875,72190,10.0,7.7,not confirmed,10.0,10.0,not confirmed,10.0,6.4,66.8,not confirmed,not confirmed,70,50,fair,towing range not confirmed,https://fueleconomy.gov/feg/PowerSearch.do?action=noform&baseModel=F-150+Lightning&make=Ford&path=1&srchtyp=ymm&year1=2025&year2=2025; https://www.fueleconomy.gov/feg/bymodel/2025_Ford_F-150_Lightning.shtml; https://www.iseecars.com/car/2025-ram-ram_pickup_1500-price; https://www.iseecars.com/car/ford-f-150-lightning; https://www.iseecars.com/resale-value/trucks; https://www.kbb.com/ford/f150-lightning/2025/specs/; https://www.kbb.com/ram/1500-crew-cab/2025/specs/,closeness/TED scores INFERENCE from FACT specs; unscored cats=not confirmed; totals omitted if points_possible<60
Rivian,R1T,Dual Motor Standard,2025,midsize,Toyota,Tacoma,Double Cab Limited 5-ft bed 4WD,gas,midsize,class_competitor,1,yes,class+payload+tow+cab/cargo (no badge); R1T primary forced Tacoma per Ted,1764,1590,7700,6300,4.52 ft bed,5.0 ft bed,329,not confirmed,not confirmed,not confirmed,43 kWh/100mi,21,0.0527,0.1979,54450,71700,10.0,9.1,7.2,10.0,10.0,not confirmed,10.0,7.9,62.0,53.3,8.7,70,70,fair,"towing range not confirmed; Tacoma Limited 5-ft weaker than R1T: payload 1590 vs 1764; tow 6300 vs 7700 (Dual Std) or 11000 (Max w/ WDH on R1T); cab is Double Cab crew peer but typically tighter rear room than R1T; bed 5 ft vs R1T 4.52 ft (Tacoma longer bed, shorter on gear tunnel/frunk utility); prior TRD Sport row used 6-ft bed on KBB — primary trim corrected to Limited 5-ft; Ted set Tacoma Double Cab as primary mid-size twin; numeric rank_metric preferred GMC Canyon before Ted Tacoma decision",https://assets.ctfassets.net/2md5qhoeajym/5ysf6K5UtGtHedY1fMeClC/3ab05048ce5c4f7e3195607919f3def3/r1t-upfitting-guide-en-us-20250924.pdf; https://rivian.com/r1t; https://www.fueleconomy.gov/feg/bymake/Rivian2025.shtml; https://www.iseecars.com/car/toyota-tacoma/resale-value; https://www.kbb.com/rivian/r1t/2025/specs/; https://www.kbb.com/toyota/tacoma-double-cab/2025/specs/,closeness/TED scores INFERENCE from FACT specs; unscored cats=not confirmed; totals omitted if points_possible<60
Rivian,R1T,Dual Motor Standard,2025,midsize,GMC,Canyon,Crew Cab Elevation,gas,midsize,class_competitor,2,no,class+payload+tow+cab/cargo (no badge); R1T primary forced Tacoma per Ted,1764,1670,7700,7700,4.52 ft bed,5.0 ft bed,329,not confirmed,not confirmed,not confirmed,43 kWh/100mi,20,0.0527,0.2078,40095,71700,10.0,9.5,10.0,10.0,10.0,not confirmed,10.0,8.3,62.0,45.7,16.3,70,60,strong,towing range not confirmed,https://assets.ctfassets.net/2md5qhoeajym/5ysf6K5UtGtHedY1fMeClC/3ab05048ce5c4f7e3195607919f3def3/r1t-upfitting-guide-en-us-20250924.pdf; https://rivian.com/r1t; https://www.fueleconomy.gov/feg/bymake/Rivian2025.shtml; https://www.iseecars.com/resale-value/midsize-trucks; https://www.kbb.com/gmc/canyon/2025/; https://www.kbb.com/rivian/r1t/2025/specs/,closeness/TED scores INFERENCE from FACT specs; unscored cats=not confirmed; totals omitted if points_possible<60
Rivian,R1T,Dual Motor Standard,2025,midsize,Chevrolet,Colorado,Crew Cab WT short bed,gas,midsize,class_competitor,3,no,class+payload+tow+cab/cargo (no badge); R1T primary forced Tacoma per Ted,1764,1684,7700,7700,4.52 ft bed,5.0 ft bed,329,not confirmed,not confirmed,not confirmed,43 kWh/100mi,20,0.0527,0.2078,33595,71700,10.0,9.6,10.0,10.0,10.0,not confirmed,10.0,8.3,62.0,54.0,8.0,70,70,strong,towing range not confirmed,https://assets.ctfassets.net/2md5qhoeajym/5ysf6K5UtGtHedY1fMeClC/3ab05048ce5c4f7e3195607919f3def3/r1t-upfitting-guide-en-us-20250924.pdf; https://rivian.com/r1t; https://www.fueleconomy.gov/feg/bymake/Rivian2025.shtml; https://www.iseecars.com/car/chevrolet-colorado/resale-value; https://www.kbb.com/chevrolet/colorado/2025/; https://www.kbb.com/rivian/r1t/2025/specs/,closeness/TED scores INFERENCE from FACT specs; unscored cats=not confirmed; totals omitted if points_possible<60
Rivian,R1T,Dual Motor Standard,2025,midsize,Ford,Ranger,SuperCrew XLT 4WD 5-ft bed,gas,midsize,class_competitor,4,no,class+payload+tow+cab/cargo (no badge); R1T primary forced Tacoma per Ted,1764,1711,7700,7500,4.52 ft bed,4.97 ft bed,329,not confirmed,not confirmed,not confirmed,43 kWh/100mi,22,0.0527,0.1889,not confirmed,71700,10.0,9.7,9.6,10.0,10.0,not confirmed,not confirmed,6.6,62.0,48.2,13.8,70,60,fair,towing range not confirmed,https://assets.ctfassets.net/2md5qhoeajym/5ysf6K5UtGtHedY1fMeClC/3ab05048ce5c4f7e3195607919f3def3/r1t-upfitting-guide-en-us-20250924.pdf; https://rivian.com/r1t; https://www.fueleconomy.gov/feg/bymake/Rivian2025.shtml; https://www.iseecars.com/resale-value/midsize-trucks; https://www.kbb.com/ford/ranger-supercrew/2025/; https://www.kbb.com/ford/ranger-supercrew/2025/specs/; https://www.kbb.com/rivian/r1t/2025/specs/,closeness/TED scores INFERENCE from FACT specs; unscored cats=not confirmed; totals omitted if points_possible<60
Rivian,R1T,Dual Motor Standard,2025,midsize,Nissan,Frontier,Crew Cab SV 4WD (specs incomplete this pass),gas,midsize,class_competitor,5,no,class+payload+tow+cab/cargo (no badge); R1T primary forced Tacoma per Ted,1764,not confirmed,7700,not confirmed,4.52 ft bed,5.0 ft bed,329,not confirmed,not confirmed,not confirmed,43 kWh/100mi,not confirmed,0.0527,not confirmed,not confirmed,71700,10.0,not confirmed,not confirmed,10.0,10.0,not confirmed,not confirmed,3.3,62.0,not confirmed,not confirmed,70,30,weak,towing range not confirmed,https://assets.ctfassets.net/2md5qhoeajym/5ysf6K5UtGtHedY1fMeClC/3ab05048ce5c4f7e3195607919f3def3/r1t-upfitting-guide-en-us-20250924.pdf; https://rivian.com/r1t; https://www.fueleconomy.gov/feg/bymake/Rivian2025.shtml; https://www.iseecars.com/resale-value/midsize-trucks; https://www.kbb.com/rivian/r1t/2025/specs/,closeness/TED scores INFERENCE from FACT specs; unscored cats=not confirmed; totals omitted if points_possible<60
Rivian,R1T,Dual Motor Standard,2025,midsize,Jeep,Gladiator,Crew Cab Sport 4x4 (specs incomplete this pass),gas,midsize,class_competitor,6,no,class+payload+tow+cab/cargo (no badge); R1T primary forced Tacoma per Ted,1764,not confirmed,7700,not confirmed,4.52 ft bed,5.0 ft bed,329,not confirmed,not confirmed,not confirmed,43 kWh/100mi,not confirmed,0.0527,not confirmed,not confirmed,71700,10.0,not confirmed,not confirmed,10.0,10.0,not confirmed,not confirmed,3.3,62.0,not confirmed,not confirmed,70,30,weak,towing range not confirmed,https://assets.ctfassets.net/2md5qhoeajym/5ysf6K5UtGtHedY1fMeClC/3ab05048ce5c4f7e3195607919f3def3/r1t-upfitting-guide-en-us-20250924.pdf; https://rivian.com/r1t; https://www.fueleconomy.gov/feg/bymake/Rivian2025.shtml; https://www.iseecars.com/resale-value/midsize-trucks; https://www.kbb.com/rivian/r1t/2025/specs/,closeness/TED scores INFERENCE from FACT specs; unscored cats=not confirmed; totals omitted if points_possible<60
Rivian,R1T,Dual/Tri/Quad Max (11k tow),2025,midsize,Toyota,Tacoma,Double Cab Limited 5-ft bed 4WD,gas,midsize,class_competitor,1,yes,class+payload+tow+cab/cargo (no badge); R1T primary forced Tacoma per Ted,1764,1590,11000,6300,4.52 ft bed,5.0 ft bed,420,not confirmed,not confirmed,not confirmed,40 kWh/100mi,21,0.049,0.1979,54450,79990,10.0,9.1,0.6,10.0,10.0,not confirmed,10.0,7.2,62.1,46.7,15.4,70,70,fair,"tow delta material; towing range not confirmed; Tacoma Limited 5-ft weaker than R1T: payload 1590 vs 1764; tow 6300 vs 7700 (Dual Std) or 11000 (Max w/ WDH on R1T); cab is Double Cab crew peer but typically tighter rear room than R1T; bed 5 ft vs R1T 4.52 ft (Tacoma longer bed, shorter on gear tunnel/frunk utility); prior TRD Sport row used 6-ft bed on KBB — primary trim corrected to Limited 5-ft; Ted set Tacoma Double Cab as primary mid-size twin; numeric rank_metric preferred GMC Canyon before Ted Tacoma decision",https://assets.ctfassets.net/2md5qhoeajym/5ysf6K5UtGtHedY1fMeClC/3ab05048ce5c4f7e3195607919f3def3/r1t-upfitting-guide-en-us-20250924.pdf; https://rivian.com/r1t; https://www.fueleconomy.gov/feg/bymake/Rivian2025.shtml; https://www.iseecars.com/car/toyota-tacoma/resale-value; https://www.kbb.com/toyota/tacoma-double-cab/2025/specs/,closeness/TED scores INFERENCE from FACT specs; unscored cats=not confirmed; totals omitted if points_possible<60
Rivian,R1T,Dual/Tri/Quad Max (11k tow),2025,midsize,GMC,Canyon,Crew Cab Elevation,gas,midsize,class_competitor,2,no,class+payload+tow+cab/cargo (no badge); R1T primary forced Tacoma per Ted,1764,1670,11000,7700,4.52 ft bed,5.0 ft bed,420,not confirmed,not confirmed,not confirmed,40 kWh/100mi,20,0.049,0.2078,40095,79990,10.0,9.5,3.4,10.0,10.0,not confirmed,10.0,7.6,62.1,39.1,23.0,70,60,fair,tow delta material; towing range not confirmed,https://assets.ctfassets.net/2md5qhoeajym/5ysf6K5UtGtHedY1fMeClC/3ab05048ce5c4f7e3195607919f3def3/r1t-upfitting-guide-en-us-20250924.pdf; https://rivian.com/r1t; https://www.fueleconomy.gov/feg/bymake/Rivian2025.shtml; https://www.iseecars.com/resale-value/midsize-trucks; https://www.kbb.com/gmc/canyon/2025/,closeness/TED scores INFERENCE from FACT specs; unscored cats=not confirmed; totals omitted if points_possible<60
Rivian,R1T,Dual/Tri/Quad Max (11k tow),2025,midsize,Chevrolet,Colorado,Crew Cab WT short bed,gas,midsize,class_competitor,3,no,class+payload+tow+cab/cargo (no badge); R1T primary forced Tacoma per Ted,1764,1684,11000,7700,4.52 ft bed,5.0 ft bed,420,not confirmed,not confirmed,not confirmed,40 kWh/100mi,20,0.049,0.2078,33595,79990,10.0,9.6,3.4,10.0,10.0,not confirmed,10.0,7.6,62.1,47.4,14.7,70,70,fair,tow delta material; towing range not confirmed,https://assets.ctfassets.net/2md5qhoeajym/5ysf6K5UtGtHedY1fMeClC/3ab05048ce5c4f7e3195607919f3def3/r1t-upfitting-guide-en-us-20250924.pdf; https://rivian.com/r1t; https://www.fueleconomy.gov/feg/bymake/Rivian2025.shtml; https://www.iseecars.com/car/chevrolet-colorado/resale-value; https://www.kbb.com/chevrolet/colorado/2025/,closeness/TED scores INFERENCE from FACT specs; unscored cats=not confirmed; totals omitted if points_possible<60
Rivian,R1T,Dual/Tri/Quad Max (11k tow),2025,midsize,Ford,Ranger,SuperCrew XLT 4WD 5-ft bed,gas,midsize,class_competitor,4,no,class+payload+tow+cab/cargo (no badge); R1T primary forced Tacoma per Ted,1764,1711,11000,7500,4.52 ft bed,4.97 ft bed,420,not confirmed,not confirmed,not confirmed,40 kWh/100mi,22,0.049,0.1889,not confirmed,79990,10.0,9.7,3.0,10.0,10.0,not confirmed,not confirmed,5.9,62.1,41.6,20.5,70,60,fair,tow delta material; towing range not confirmed,https://assets.ctfassets.net/2md5qhoeajym/5ysf6K5UtGtHedY1fMeClC/3ab05048ce5c4f7e3195607919f3def3/r1t-upfitting-guide-en-us-20250924.pdf; https://rivian.com/r1t; https://www.fueleconomy.gov/feg/bymake/Rivian2025.shtml; https://www.iseecars.com/resale-value/midsize-trucks; https://www.kbb.com/ford/ranger-supercrew/2025/; https://www.kbb.com/ford/ranger-supercrew/2025/specs/,closeness/TED scores INFERENCE from FACT specs; unscored cats=not confirmed; totals omitted if points_possible<60
Rivian,R1T,Dual/Tri/Quad Max (11k tow),2025,midsize,Nissan,Frontier,Crew Cab SV 4WD (specs incomplete this pass),gas,midsize,class_competitor,5,no,class+payload+tow+cab/cargo (no badge); R1T primary forced Tacoma per Ted,1764,not confirmed,11000,not confirmed,4.52 ft bed,5.0 ft bed,420,not confirmed,not confirmed,not confirmed,40 kWh/100mi,not confirmed,0.049,not confirmed,not confirmed,79990,10.0,not confirmed,not confirmed,10.0,10.0,not confirmed,not confirmed,3.3,62.1,not confirmed,not confirmed,70,30,weak,towing range not confirmed,https://assets.ctfassets.net/2md5qhoeajym/5ysf6K5UtGtHedY1fMeClC/3ab05048ce5c4f7e3195607919f3def3/r1t-upfitting-guide-en-us-20250924.pdf; https://rivian.com/r1t; https://www.fueleconomy.gov/feg/bymake/Rivian2025.shtml; https://www.iseecars.com/resale-value/midsize-trucks,closeness/TED scores INFERENCE from FACT specs; unscored cats=not confirmed; totals omitted if points_possible<60
Rivian,R1T,Dual/Tri/Quad Max (11k tow),2025,midsize,Jeep,Gladiator,Crew Cab Sport 4x4 (specs incomplete this pass),gas,midsize,class_competitor,6,no,class+payload+tow+cab/cargo (no badge); R1T primary forced Tacoma per Ted,1764,not confirmed,11000,not confirmed,4.52 ft bed,5.0 ft bed,420,not confirmed,not confirmed,not confirmed,40 kWh/100mi,not confirmed,0.049,not confirmed,not confirmed,79990,10.0,not confirmed,not confirmed,10.0,10.0,not confirmed,not confirmed,3.3,62.1,not confirmed,not confirmed,70,30,weak,towing range not confirmed,https://assets.ctfassets.net/2md5qhoeajym/5ysf6K5UtGtHedY1fMeClC/3ab05048ce5c4f7e3195607919f3def3/r1t-upfitting-guide-en-us-20250924.pdf; https://rivian.com/r1t; https://www.fueleconomy.gov/feg/bymake/Rivian2025.shtml; https://www.iseecars.com/resale-value/midsize-trucks,closeness/TED scores INFERENCE from FACT specs; unscored cats=not confirmed; totals omitted if points_possible<60
Chevrolet,Silverado EV,WT Short Range,2025,half_ton,GMC,Sierra 1500,Crew Cab Denali 4WD short bed,gas,half_ton,class_competitor,1,yes,class+payload+tow+cab/cargo (no badge); R1T primary forced Tacoma per Ted,2350,1960,8500,13000,5.9 ft bed,5.75 ft bed,282,not confirmed,not confirmed,not confirmed,48 kWh/100mi,17,0.0588,0.2444,67595,not confirmed,10.0,8.0,10.0,9.5,10.0,not confirmed,not confirmed,6.4,66.7,43.7,23.0,70,60,fair,towing range not confirmed; PRIMARY by class/numbers is GMC Sierra 1500; same-badge twin Chevrolet Silverado 1500 is secondary (not chosen by badge),https://fueleconomy.gov/feg/Find.do?action=sbs&id=48699; https://www.gmupfitter.com/wp-content/uploads/2025/03/2025-Silverado-EV-Specification-Guide-121525.pdf; https://www.iseecars.com/resale-value/trucks; https://www.kbb.com/chevrolet/silverado-ev/2025/specs/; https://www.kbb.com/gmc/sierra-1500-crew-cab/2025/; https://www.kbb.com/gmc/sierra-1500-crew-cab/2025/denali-pickup-4d-5-3-4-ft/,closeness/TED scores INFERENCE from FACT specs; unscored cats=not confirmed; totals omitted if points_possible<60
Chevrolet,Silverado EV,WT Short Range,2025,half_ton,Ford,F-150,SuperCrew 5.5-ft 4WD XLT,gas,half_ton,class_competitor,2,no,class+payload+tow+cab/cargo (no badge); R1T primary forced Tacoma per Ted,2350,2120,8500,7500,5.9 ft bed,5.5 ft bed,282,not confirmed,not confirmed,not confirmed,48 kWh/100mi,20,0.0588,0.2078,51915,not confirmed,10.0,8.8,8.0,8.7,10.0,not confirmed,not confirmed,6.2,66.7,51.2,15.5,70,70,fair,towing range not confirmed,https://fueleconomy.gov/feg/Find.do?action=sbs&id=48699; https://www.carweek.com/research/ford/f-150/2025; https://www.fueleconomy.gov/feg/bymodel/2025_ford_f150.shtml; https://www.gmupfitter.com/wp-content/uploads/2025/03/2025-Silverado-EV-Specification-Guide-121525.pdf; https://www.iseecars.com/car/ford-f-150/resale-value; https://www.kbb.com/chevrolet/silverado-ev/2025/specs/; https://www.kbb.com/ford/f150%20supercrew%20cab/2025/xlt-pickup-4d-5-1-2-ft/,closeness/TED scores INFERENCE from FACT specs; unscored cats=not confirmed; totals omitted if points_possible<60
Chevrolet,Silverado EV,WT Short Range,2025,half_ton,Chevrolet,Silverado 1500,Crew Cab short bed 4WD WT,gas,half_ton,same_badge,3,no,class+payload+tow+cab/cargo (no badge); R1T primary forced Tacoma per Ted,2350,not confirmed,8500,9400,5.9 ft bed,5.8 ft bed,282,not confirmed,not confirmed,not confirmed,48 kWh/100mi,18,0.0588,0.2308,46000,not confirmed,10.0,not confirmed,10.0,9.7,10.0,not confirmed,not confirmed,5.0,66.7,not confirmed,not confirmed,70,50,weak,towing range not confirmed,https://cars.usnews.com/cars-trucks/chevrolet/silverado-1500/2025/specs/silverado-1500-crew-cab-short-box-4-wheel-drive-wt-458792; https://fueleconomy.gov/feg/Find.do?action=sbs&id=48699; https://www.cars.com/research/chevrolet-silverado_1500-2025/; https://www.gmupfitter.com/wp-content/uploads/2025/03/2025-Silverado-EV-Specification-Guide-121525.pdf; https://www.kbb.com/chevrolet/silverado-ev/2025/specs/,closeness/TED scores INFERENCE from FACT specs; unscored cats=not confirmed; totals omitted if points_possible<60
Chevrolet,Silverado EV,WT Short Range,2025,half_ton,Ram,1500,Crew Cab Tradesman 4x4 5.6-ft,gas,half_ton,class_competitor,4,no,class+payload+tow+cab/cargo (no badge); R1T primary forced Tacoma per Ted,2350,1770,8500,not confirmed,5.9 ft bed,5.6 ft bed,282,not confirmed,not confirmed,not confirmed,48 kWh/100mi,19,0.0588,0.2187,46875,not confirmed,10.0,7.1,not confirmed,9.0,10.0,not confirmed,not confirmed,4.6,66.7,not confirmed,not confirmed,70,50,weak,towing range not confirmed,https://fueleconomy.gov/feg/Find.do?action=sbs&id=48699; https://www.gmupfitter.com/wp-content/uploads/2025/03/2025-Silverado-EV-Specification-Guide-121525.pdf; https://www.iseecars.com/car/2025-ram-ram_pickup_1500-price; https://www.iseecars.com/resale-value/trucks; https://www.kbb.com/chevrolet/silverado-ev/2025/specs/; https://www.kbb.com/ram/1500-crew-cab/2025/specs/,closeness/TED scores INFERENCE from FACT specs; unscored cats=not confirmed; totals omitted if points_possible<60
Chevrolet,Silverado EV,LT Extended Range,2025,half_ton,GMC,Sierra 1500,Crew Cab Denali 4WD short bed,gas,half_ton,class_competitor,1,yes,class+payload+tow+cab/cargo (no badge); R1T primary forced Tacoma per Ted,1800,1960,12500,13000,5.9 ft bed,5.75 ft bed,422,not confirmed,not confirmed,not confirmed,50 kWh/100mi,17,0.0613,0.2444,67595,75195,10.0,10.0,10.0,9.5,10.0,not confirmed,10.0,8.3,66.6,45.7,20.9,70,60,strong,towing range not confirmed; PRIMARY by class/numbers is GMC Sierra 1500; same-badge twin Chevrolet Silverado 1500 is secondary (not chosen by badge),https://www.fueleconomy.gov/feg/Find.do?action=sbs&id=48701; https://www.gmupfitter.com/wp-content/uploads/2025/03/2025-Silverado-EV-Specification-Guide-121525.pdf; https://www.iseecars.com/resale-value/trucks; https://www.kbb.com/chevrolet/silverado-ev/2025/specs/; https://www.kbb.com/gmc/sierra-1500-crew-cab/2025/; https://www.kbb.com/gmc/sierra-1500-crew-cab/2025/denali-pickup-4d-5-3-4-ft/,closeness/TED scores INFERENCE from FACT specs; unscored cats=not confirmed; totals omitted if points_possible<60
Chevrolet,Silverado EV,LT Extended Range,2025,half_ton,Ford,F-150,SuperCrew 5.5-ft 4WD XLT,gas,half_ton,class_competitor,2,no,class+payload+tow+cab/cargo (no badge); R1T primary forced Tacoma per Ted,1800,2120,12500,7500,5.9 ft bed,5.5 ft bed,422,not confirmed,not confirmed,not confirmed,50 kWh/100mi,20,0.0613,0.2078,51915,75195,10.0,10.0,0.0,8.7,10.0,not confirmed,10.0,7.1,66.6,44.4,22.2,70,70,fair,tow delta material; towing range not confirmed,https://www.carweek.com/research/ford/f-150/2025; https://www.fueleconomy.gov/feg/Find.do?action=sbs&id=48701; https://www.fueleconomy.gov/feg/bymodel/2025_ford_f150.shtml; https://www.gmupfitter.com/wp-content/uploads/2025/03/2025-Silverado-EV-Specification-Guide-121525.pdf; https://www.iseecars.com/car/ford-f-150/resale-value; https://www.kbb.com/chevrolet/silverado-ev/2025/specs/; https://www.kbb.com/ford/f150%20supercrew%20cab/2025/xlt-pickup-4d-5-1-2-ft/,closeness/TED scores INFERENCE from FACT specs; unscored cats=not confirmed; totals omitted if points_possible<60
Chevrolet,Silverado EV,LT Extended Range,2025,half_ton,Ram,1500,Crew Cab Tradesman 4x4 5.6-ft,gas,half_ton,class_competitor,3,no,class+payload+tow+cab/cargo (no badge); R1T primary forced Tacoma per Ted,1800,1770,12500,not confirmed,5.9 ft bed,5.6 ft bed,422,not confirmed,not confirmed,not confirmed,50 kWh/100mi,19,0.0613,0.2187,46875,75195,10.0,9.8,not confirmed,9.0,10.0,not confirmed,10.0,6.5,66.6,not confirmed,not confirmed,70,50,fair,towing range not confirmed,https://www.fueleconomy.gov/feg/Find.do?action=sbs&id=48701; https://www.gmupfitter.com/wp-content/uploads/2025/03/2025-Silverado-EV-Specification-Guide-121525.pdf; https://www.iseecars.com/car/2025-ram-ram_pickup_1500-price; https://www.iseecars.com/resale-value/trucks; https://www.kbb.com/chevrolet/silverado-ev/2025/specs/; https://www.kbb.com/ram/1500-crew-cab/2025/specs/,closeness/TED scores INFERENCE from FACT specs; unscored cats=not confirmed; totals omitted if points_possible<60
Chevrolet,Silverado EV,LT Extended Range,2025,half_ton,Chevrolet,Silverado 1500,Crew Cab short bed 4WD WT,gas,half_ton,same_badge,4,no,class+payload+tow+cab/cargo (no badge); R1T primary forced Tacoma per Ted,1800,not confirmed,12500,9400,5.9 ft bed,5.8 ft bed,422,not confirmed,not confirmed,not confirmed,50 kWh/100mi,18,0.0613,0.2308,46000,75195,10.0,not confirmed,3.8,9.7,10.0,not confirmed,10.0,6.0,66.6,not confirmed,not confirmed,70,50,fair,tow delta material; towing range not confirmed,https://cars.usnews.com/cars-trucks/chevrolet/silverado-1500/2025/specs/silverado-1500-crew-cab-short-box-4-wheel-drive-wt-458792; https://www.cars.com/research/chevrolet-silverado_1500-2025/; https://www.fueleconomy.gov/feg/Find.do?action=sbs&id=48701; https://www.gmupfitter.com/wp-content/uploads/2025/03/2025-Silverado-EV-Specification-Guide-121525.pdf; https://www.kbb.com/chevrolet/silverado-ev/2025/specs/,closeness/TED scores INFERENCE from FACT specs; unscored cats=not confirmed; totals omitted if points_possible<60
GMC,Sierra EV,Denali Extended Range,2025,half_ton,GMC,Sierra 1500,Crew Cab Denali 4WD short bed,gas,half_ton,same_badge,1,yes,class+payload+tow+cab/cargo (no badge); R1T primary forced Tacoma per Ted,not confirmed,1960,10500,13000,5.88 ft bed,5.75 ft bed,390,not confirmed,not confirmed,not confirmed,not confirmed,17,not confirmed,0.2444,67595,91995,10.0,not confirmed,10.0,9.6,10.0,not confirmed,10.0,6.6,not confirmed,not confirmed,not confirmed,50,50,fair,towing range not confirmed,https://www.iseecars.com/resale-value/trucks; https://www.kbb.com/gmc/sierra-1500-crew-cab/2025/; https://www.kbb.com/gmc/sierra-1500-crew-cab/2025/denali-pickup-4d-5-3-4-ft/; https://www.kbb.com/gmc/sierra-ev/2025/,closeness/TED scores INFERENCE from FACT specs; unscored cats=not confirmed; totals omitted if points_possible<60
GMC,Sierra EV,Denali Extended Range,2025,half_ton,Chevrolet,Silverado 1500,Crew Cab short bed 4WD WT,gas,half_ton,class_competitor,2,no,class+payload+tow+cab/cargo (no badge); R1T primary forced Tacoma per Ted,not confirmed,not confirmed,10500,9400,5.88 ft bed,5.8 ft bed,390,not confirmed,not confirmed,not confirmed,not confirmed,18,not confirmed,0.2308,46000,91995,10.0,not confirmed,7.8,9.7,10.0,not confirmed,10.0,6.4,not confirmed,not confirmed,not confirmed,50,50,fair,towing range not confirmed,https://cars.usnews.com/cars-trucks/chevrolet/silverado-1500/2025/specs/silverado-1500-crew-cab-short-box-4-wheel-drive-wt-458792; https://www.cars.com/research/chevrolet-silverado_1500-2025/; https://www.kbb.com/gmc/sierra-ev/2025/,closeness/TED scores INFERENCE from FACT specs; unscored cats=not confirmed; totals omitted if points_possible<60
GMC,Sierra EV,Denali Extended Range,2025,half_ton,Ford,F-150,SuperCrew 5.5-ft 4WD XLT,gas,half_ton,class_competitor,3,no,class+payload+tow+cab/cargo (no badge); R1T primary forced Tacoma per Ted,not confirmed,2120,10500,7500,5.88 ft bed,5.5 ft bed,390,not confirmed,not confirmed,not confirmed,not confirmed,20,not confirmed,0.2078,51915,91995,10.0,not confirmed,4.0,8.7,10.0,not confirmed,10.0,5.9,not confirmed,38.4,not confirmed,50,60,fair,tow delta material; towing range not confirmed,https://www.carweek.com/research/ford/f-150/2025; https://www.fueleconomy.gov/feg/bymodel/2025_ford_f150.shtml; https://www.iseecars.com/car/ford-f-150/resale-value; https://www.kbb.com/ford/f150%20supercrew%20cab/2025/xlt-pickup-4d-5-1-2-ft/; https://www.kbb.com/gmc/sierra-ev/2025/,closeness/TED scores INFERENCE from FACT specs; unscored cats=not confirmed; totals omitted if points_possible<60
GMC,Sierra EV,Denali Extended Range,2025,half_ton,Ram,1500,Crew Cab Tradesman 4x4 5.6-ft,gas,half_ton,class_competitor,4,no,class+payload+tow+cab/cargo (no badge); R1T primary forced Tacoma per Ted,not confirmed,1770,10500,not confirmed,5.88 ft bed,5.6 ft bed,390,not confirmed,not confirmed,not confirmed,not confirmed,19,not confirmed,0.2187,46875,91995,10.0,not confirmed,not confirmed,9.1,10.0,not confirmed,10.0,4.9,not confirmed,not confirmed,not confirmed,50,40,weak,towing range not confirmed,https://www.iseecars.com/car/2025-ram-ram_pickup_1500-price; https://www.iseecars.com/resale-value/trucks; https://www.kbb.com/gmc/sierra-ev/2025/; https://www.kbb.com/ram/1500-crew-cab/2025/specs/,closeness/TED scores INFERENCE from FACT specs; unscored cats=not confirmed; totals omitted if points_possible<60
Tesla,Cybertruck,AWD,2025,half_ton,Ford,F-150,SuperCrew 5.5-ft 4WD XLT,gas,half_ton,class_competitor,1,yes,class+payload+tow+cab/cargo (no badge); R1T primary forced Tacoma per Ted,2500,2120,11000,7500,6.0 ft bed,5.5 ft bed,325,not confirmed,not confirmed,not confirmed,43 kWh/100mi,20,0.0527,0.2078,51915,72235,10.0,8.1,3.0,8.3,10.0,not confirmed,10.0,7.2,63.0,45.5,17.5,70,70,fair,tow delta material; towing range not confirmed,https://www.caranddriver.com/tesla/cybertruck/specs/2025/tesla_pickup-truck_cybertruck_2025; https://www.carweek.com/research/ford/f-150/2025; https://www.fueleconomy.gov/feg/bymake/Tesla2025.shtml; https://www.fueleconomy.gov/feg/bymodel/2025_ford_f150.shtml; https://www.iseecars.com/car/ford-f-150/resale-value; https://www.kbb.com/ford/f150%20supercrew%20cab/2025/xlt-pickup-4d-5-1-2-ft/; https://www.kbb.com/tesla/cybertruck/2025/,closeness/TED scores INFERENCE from FACT specs; unscored cats=not confirmed; totals omitted if points_possible<60
Tesla,Cybertruck,AWD,2025,half_ton,Chevrolet,Silverado 1500,Crew Cab short bed 4WD WT,gas,half_ton,class_competitor,2,no,class+payload+tow+cab/cargo (no badge); R1T primary forced Tacoma per Ted,2500,not confirmed,11000,9400,6.0 ft bed,5.8 ft bed,325,not confirmed,not confirmed,not confirmed,43 kWh/100mi,18,0.0527,0.2308,46000,72235,10.0,not confirmed,6.8,9.3,10.0,not confirmed,10.0,6.2,63.0,not confirmed,not confirmed,70,50,fair,tow delta material; towing range not confirmed,https://cars.usnews.com/cars-trucks/chevrolet/silverado-1500/2025/specs/silverado-1500-crew-cab-short-box-4-wheel-drive-wt-458792; https://www.caranddriver.com/tesla/cybertruck/specs/2025/tesla_pickup-truck_cybertruck_2025; https://www.cars.com/research/chevrolet-silverado_1500-2025/; https://www.fueleconomy.gov/feg/bymake/Tesla2025.shtml; https://www.kbb.com/tesla/cybertruck/2025/,closeness/TED scores INFERENCE from FACT specs; unscored cats=not confirmed; totals omitted if points_possible<60
Tesla,Cybertruck,AWD,2025,half_ton,Ram,1500,Crew Cab Tradesman 4x4 5.6-ft,gas,half_ton,class_competitor,3,no,class+payload+tow+cab/cargo (no badge); R1T primary forced Tacoma per Ted,2500,1770,11000,not confirmed,6.0 ft bed,5.6 ft bed,325,not confirmed,not confirmed,not confirmed,43 kWh/100mi,19,0.0527,0.2187,46875,72235,10.0,6.3,not confirmed,8.7,10.0,not confirmed,10.0,6.1,63.0,not confirmed,not confirmed,70,50,fair,payload delta material; towing range not confirmed,https://www.caranddriver.com/tesla/cybertruck/specs/2025/tesla_pickup-truck_cybertruck_2025; https://www.fueleconomy.gov/feg/bymake/Tesla2025.shtml; https://www.iseecars.com/car/2025-ram-ram_pickup_1500-price; https://www.iseecars.com/resale-value/trucks; https://www.kbb.com/ram/1500-crew-cab/2025/specs/; https://www.kbb.com/tesla/cybertruck/2025/,closeness/TED scores INFERENCE from FACT specs; unscored cats=not confirmed; totals omitted if points_possible<60
Tesla,Cybertruck,AWD,2025,half_ton,Ford,F-250 Super Duty,Regular Cab XL example,gas,hd,class_competitor,4,no,class+payload+tow+cab/cargo (no badge); R1T primary forced Tacoma per Ted,2500,not confirmed,11000,not confirmed,6.0 ft bed,8.0 ft bed,325,not confirmed,not confirmed,not confirmed,43 kWh/100mi,not confirmed,0.0527,not confirmed,not confirmed,72235,6.0,not confirmed,not confirmed,10.0,0.0,not confirmed,not confirmed,1.8,63.0,not confirmed,not confirmed,70,30,weak,class half_ton vs hd (class_match 6.0); towing range not confirmed,https://www.caranddriver.com/tesla/cybertruck/specs/2025/tesla_pickup-truck_cybertruck_2025; https://www.fueleconomy.gov/feg/bymake/Tesla2025.shtml; https://www.kbb.com/tesla/cybertruck/2025/,closeness/TED scores INFERENCE from FACT specs; unscored cats=not confirmed; totals omitted if points_possible<60
Tesla,Cybertruck,Cyberbeast,2025,half_ton,Ford,F-150,SuperCrew 5.5-ft 4WD XLT,gas,half_ton,class_competitor,1,yes,class+payload+tow+cab/cargo (no badge); R1T primary forced Tacoma per Ted,2500,2120,11000,7500,6.0 ft bed,5.5 ft bed,301,not confirmed,not confirmed,not confirmed,not confirmed,20,not confirmed,0.2078,51915,not confirmed,10.0,8.1,3.0,8.3,10.0,not confirmed,not confirmed,5.5,53.1,45.5,7.6,60,70,fair,tow delta material; towing range not confirmed,https://www.carweek.com/research/ford/f-150/2025; https://www.fueleconomy.gov/feg/bymodel/2025_ford_f150.shtml; https://www.iseecars.com/car/ford-f-150/resale-value; https://www.kbb.com/ford/f150%20supercrew%20cab/2025/xlt-pickup-4d-5-1-2-ft/; https://www.kbb.com/tesla/cybertruck/2025/,closeness/TED scores INFERENCE from FACT specs; unscored cats=not confirmed; totals omitted if points_possible<60
Tesla,Cybertruck,Cyberbeast,2025,half_ton,Chevrolet,Silverado 1500,Crew Cab short bed 4WD WT,gas,half_ton,class_competitor,2,no,class+payload+tow+cab/cargo (no badge); R1T primary forced Tacoma per Ted,2500,not confirmed,11000,9400,6.0 ft bed,5.8 ft bed,301,not confirmed,not confirmed,not confirmed,not confirmed,18,not confirmed,0.2308,46000,not confirmed,10.0,not confirmed,6.8,9.3,10.0,not confirmed,not confirmed,4.6,53.1,not confirmed,not confirmed,60,50,weak,tow delta material; towing range not confirmed,https://cars.usnews.com/cars-trucks/chevrolet/silverado-1500/2025/specs/silverado-1500-crew-cab-short-box-4-wheel-drive-wt-458792; https://www.cars.com/research/chevrolet-silverado_1500-2025/; https://www.kbb.com/tesla/cybertruck/2025/,closeness/TED scores INFERENCE from FACT specs; unscored cats=not confirmed; totals omitted if points_possible<60
Tesla,Cybertruck,Cyberbeast,2025,half_ton,Ram,1500,Crew Cab Tradesman 4x4 5.6-ft,gas,half_ton,class_competitor,3,no,class+payload+tow+cab/cargo (no badge); R1T primary forced Tacoma per Ted,2500,1770,11000,not confirmed,6.0 ft bed,5.6 ft bed,301,not confirmed,not confirmed,not confirmed,not confirmed,19,not confirmed,0.2187,46875,not confirmed,10.0,6.3,not confirmed,8.7,10.0,not confirmed,not confirmed,4.5,53.1,not confirmed,not confirmed,60,50,weak,payload delta material; towing range not confirmed,https://www.iseecars.com/car/2025-ram-ram_pickup_1500-price; https://www.iseecars.com/resale-value/trucks; https://www.kbb.com/ram/1500-crew-cab/2025/specs/; https://www.kbb.com/tesla/cybertruck/2025/,closeness/TED scores INFERENCE from FACT specs; unscored cats=not confirmed; totals omitted if points_possible<60
Tesla,Cybertruck,Cyberbeast,2025,half_ton,Ford,F-250 Super Duty,Regular Cab XL example,gas,hd,class_competitor,4,no,class+payload+tow+cab/cargo (no badge); R1T primary forced Tacoma per Ted,2500,not confirmed,11000,not confirmed,6.0 ft bed,8.0 ft bed,301,not confirmed,not confirmed,not confirmed,not confirmed,not confirmed,not confirmed,not confirmed,not confirmed,not confirmed,6.0,not confirmed,not confirmed,10.0,0.0,not confirmed,not confirmed,1.8,53.1,not confirmed,not confirmed,60,30,weak,class half_ton vs hd (class_match 6.0); towing range not confirmed,https://www.kbb.com/tesla/cybertruck/2025/,closeness/TED scores INFERENCE from FACT specs; unscored cats=not confirmed; totals omitted if points_possible<60
GMC,Hummer EV Pickup,2X,2025,half_ton,Ford,F-150,SuperCrew 5.5-ft 4WD XLT,gas,half_ton,class_competitor,1,yes,class+payload+tow+cab/cargo (no badge); R1T primary forced Tacoma per Ted,not confirmed,2120,not confirmed,7500,5.0 ft bed,5.5 ft bed,not confirmed,not confirmed,not confirmed,not confirmed,not confirmed,20,not confirmed,0.2078,51915,not confirmed,10.0,not confirmed,not confirmed,10.0,10.0,not confirmed,not confirmed,3.3,not confirmed,not confirmed,not confirmed,30,50,weak,towing range not confirmed,https://www.carweek.com/research/ford/f-150/2025; https://www.fueleconomy.gov/feg/bymodel/2025_ford_f150.shtml; https://www.iseecars.com/car/ford-f-150/resale-value; https://www.kbb.com/ford/f150%20supercrew%20cab/2025/xlt-pickup-4d-5-1-2-ft/,closeness/TED scores INFERENCE from FACT specs; unscored cats=not confirmed; totals omitted if points_possible<60
GMC,Hummer EV Pickup,2X,2025,half_ton,Ram,1500,Crew Cab Tradesman 4x4 5.6-ft,gas,half_ton,class_competitor,2,no,class+payload+tow+cab/cargo (no badge); R1T primary forced Tacoma per Ted,not confirmed,1770,not confirmed,not confirmed,5.0 ft bed,5.6 ft bed,not confirmed,not confirmed,not confirmed,not confirmed,not confirmed,19,not confirmed,0.2187,46875,not confirmed,10.0,not confirmed,not confirmed,10.0,10.0,not confirmed,not confirmed,3.3,not confirmed,not confirmed,not confirmed,30,40,weak,towing range not confirmed,https://www.iseecars.com/car/2025-ram-ram_pickup_1500-price; https://www.iseecars.com/resale-value/trucks; https://www.kbb.com/ram/1500-crew-cab/2025/specs/,closeness/TED scores INFERENCE from FACT specs; unscored cats=not confirmed; totals omitted if points_possible<60
GMC,Hummer EV Pickup,2X,2025,half_ton,GMC,Sierra 1500,Crew Cab Denali 4WD short bed,gas,half_ton,class_competitor,3,no,class+payload+tow+cab/cargo (no badge); R1T primary forced Tacoma per Ted,not confirmed,1960,not confirmed,13000,5.0 ft bed,5.75 ft bed,not confirmed,not confirmed,not confirmed,not confirmed,not confirmed,17,not confirmed,0.2444,67595,not confirmed,10.0,not confirmed,not confirmed,10.0,10.0,not confirmed,not confirmed,3.3,not confirmed,not confirmed,not confirmed,30,40,weak,towing range not confirmed,https://www.iseecars.com/resale-value/trucks; https://www.kbb.com/gmc/sierra-1500-crew-cab/2025/; https://www.kbb.com/gmc/sierra-1500-crew-cab/2025/denali-pickup-4d-5-3-4-ft/,closeness/TED scores INFERENCE from FACT specs; unscored cats=not confirmed; totals omitted if points_possible<60
GMC,Hummer EV Pickup,2X,2025,half_ton,Chevrolet,Silverado 1500,Crew Cab short bed 4WD WT,gas,half_ton,class_competitor,4,no,class+payload+tow+cab/cargo (no badge); R1T primary forced Tacoma per Ted,not confirmed,not confirmed,not confirmed,9400,5.0 ft bed,5.8 ft bed,not confirmed,not confirmed,not confirmed,not confirmed,not confirmed,18,not confirmed,0.2308,46000,not confirmed,10.0,not confirmed,not confirmed,10.0,10.0,not confirmed,not confirmed,3.3,not confirmed,not confirmed,not confirmed,30,40,weak,towing range not confirmed,https://cars.usnews.com/cars-trucks/chevrolet/silverado-1500/2025/specs/silverado-1500-crew-cab-short-box-4-wheel-drive-wt-458792; https://www.cars.com/research/chevrolet-silverado_1500-2025/,closeness/TED scores INFERENCE from FACT specs; unscored cats=not confirmed; totals omitted if points_possible<60
Ford,E-Transit,Cargo Long medium roof,2025,full_van,Ford,Transit,Cargo Medium Roof LWB T-250,gas,full_van,same_badge,1,yes,class+payload+tow+cab/cargo (no badge); R1T primary forced Tacoma per Ted,3100,3834,0,5000,357.1 cu ft,357.1 cu ft,148,not confirmed,not rated US,not confirmed,not confirmed,not confirmed,not confirmed,not confirmed,56795,54405,10.0,10.0,8.0,10.0,10.0,not confirmed,9.4,8.1,57.1,not confirmed,not confirmed,60,50,strong,towing range not confirmed,https://www.caranddriver.com/ford/e-transit-2025; https://www.ford.ca/commercial-trucks/e-transit/features/; https://www.kbb.com/ford/e-transit-350-cargo-van/2025/; https://www.kbb.com/ford/e-transit-350-cargo-van/2025/specs/; https://www.kbb.com/ford/transit-250-cargo-van/2025/medium-roof-w-lwb/; https://www.kbb.com/ford/transit-250-cargo-van/2025/specs/; https://www.merchantsfleet.com/fleet-vehicles/ford-transit-250-cargo/,closeness/TED scores INFERENCE from FACT specs; unscored cats=not confirmed; totals omitted if points_possible<60
Ford,E-Transit,Cargo Long medium roof,2025,full_van,Chevrolet,Express,2500 Cargo Extended,gas,full_van,class_competitor,2,no,class+payload+tow+cab/cargo (no badge); R1T primary forced Tacoma per Ted,3100,3060,0,10000,357.1 cu ft,283.6 cu ft,148,not confirmed,not rated US,not confirmed,not confirmed,not confirmed,not confirmed,not confirmed,45695,54405,10.0,9.8,8.0,6.3,10.0,not confirmed,10.0,7.7,57.1,not confirmed,not confirmed,60,50,fair,cargo/bed delta material; towing range not confirmed,https://www.caranddriver.com/ford/e-transit-2025; https://www.ford.ca/commercial-trucks/e-transit/features/; https://www.kbb.com/chevrolet/express-2500-cargo/2025/; https://www.kbb.com/chevrolet/express-2500-cargo/2025/extended/; https://www.kbb.com/ford/e-transit-350-cargo-van/2025/; https://www.kbb.com/ford/e-transit-350-cargo-van/2025/specs/,closeness/TED scores INFERENCE from FACT specs; unscored cats=not confirmed; totals omitted if points_possible<60
Ford,E-Transit,Cargo Long medium roof,2025,full_van,Ram,ProMaster,3500 Cargo Standard Roof 136-inch WB,gas,full_van,class_competitor,3,no,class+payload+tow+cab/cargo (no badge); R1T primary forced Tacoma per Ted,3100,4680,0,6700,357.1 cu ft,307.5 cu ft,148,not confirmed,not rated US,not confirmed,not confirmed,not confirmed,not confirmed,not confirmed,not confirmed,54405,10.0,10.0,8.0,7.5,10.0,not confirmed,not confirmed,6.2,57.1,not confirmed,not confirmed,60,50,fair,towing range not confirmed,"Canadian dealer PDF, US not confirmed — https://www.birchwoodchrysler.ca/wp-content/uploads/2024/10/2025-Ram-Promaster-Payload-Towing.pdf; https://www.birchwoodchrysler.ca/wp-content/uploads/2024/10/2025-Ram-Promaster-Payload-Towing.pdf; https://www.caranddriver.com/ford/e-transit-2025; https://www.ford.ca/commercial-trucks/e-transit/features/; https://www.kbb.com/ford/e-transit-350-cargo-van/2025/; https://www.kbb.com/ford/e-transit-350-cargo-van/2025/specs/; https://www.motortrend.com/cars/ram/promaster/2025",closeness/TED scores INFERENCE from FACT specs; unscored cats=not confirmed; totals omitted if points_possible<60
Ford,E-Transit,Cargo Long medium roof,2025,full_van,Mercedes-Benz,Sprinter,2500 Cargo diesel,diesel,full_van,class_competitor,4,no,class+payload+tow+cab/cargo (no badge); R1T primary forced Tacoma per Ted,3100,not confirmed,0,5000,357.1 cu ft,488 cu ft,148,not confirmed,not rated US,not confirmed,not confirmed,not confirmed,not confirmed,not confirmed,not confirmed,54405,10.0,not confirmed,8.0,10.0,10.0,not confirmed,not confirmed,4.8,57.1,not confirmed,not confirmed,60,40,weak,towing range not confirmed,https://www.caranddriver.com/ford/e-transit-2025; https://www.ford.ca/commercial-trucks/e-transit/features/; https://www.kbb.com/ford/e-transit-350-cargo-van/2025/; https://www.kbb.com/ford/e-transit-350-cargo-van/2025/specs/; https://www.kbb.com/mercedes-benz/sprinter-2500-cargo/2025/,closeness/TED scores INFERENCE from FACT specs; unscored cats=not confirmed; totals omitted if points_possible<60
Ford,E-Transit,Cargo Long-EL high roof,2025,full_van,Chevrolet,Express,2500 Cargo Extended,gas,full_van,class_competitor,1,yes,class+payload+tow+cab/cargo (no badge); R1T primary forced Tacoma per Ted,2799,3060,0,10000,487.3 cu ft,283.6 cu ft,142,not confirmed,not rated US,not confirmed,not confirmed,not confirmed,not confirmed,not confirmed,45695,56530,10.0,10.0,8.0,0.0,10.0,not confirmed,10.0,7.0,57.1,not confirmed,not confirmed,60,50,fair,cargo/bed delta material; towing range not confirmed; PRIMARY by class/numbers is Chevrolet Express; same-badge twin Ford Transit is secondary (not chosen by badge),https://www.caranddriver.com/ford/e-transit-2025; https://www.ford.ca/commercial-trucks/e-transit/features/; https://www.kbb.com/chevrolet/express-2500-cargo/2025/; https://www.kbb.com/chevrolet/express-2500-cargo/2025/extended/; https://www.kbb.com/ford/e-transit-350-cargo-van/2025/; https://www.kbb.com/ford/e-transit-350-cargo-van/2025/extended-length-high-roof/; https://www.kbb.com/ford/e-transit-350-cargo-van/2025/specs/,closeness/TED scores INFERENCE from FACT specs; unscored cats=not confirmed; totals omitted if points_possible<60
Ford,E-Transit,Cargo Long-EL high roof,2025,full_van,Ford,Transit,Cargo Long-EL high roof T-250,gas,full_van,same_badge,2,no,class+payload+tow+cab/cargo (no badge); R1T primary forced Tacoma per Ted,2799,not confirmed,0,not confirmed,487.3 cu ft,487.3 cu ft,142,not confirmed,not rated US,not confirmed,not confirmed,not confirmed,not confirmed,not confirmed,55095,56530,10.0,not confirmed,9.0,10.0,10.0,not confirmed,10.0,6.6,57.1,not confirmed,not confirmed,60,40,fair,towing range not confirmed,https://www.caranddriver.com/ford/e-transit-2025; https://www.ford.ca/commercial-trucks/e-transit/features/; https://www.kbb.com/ford/e-transit-350-cargo-van/2025/; https://www.kbb.com/ford/e-transit-350-cargo-van/2025/extended-length-high-roof/; https://www.kbb.com/ford/e-transit-350-cargo-van/2025/specs/; https://www.kbb.com/ford/transit-250-cargo-van/2025/; https://www.kbb.com/ford/transit-250-cargo-van/2025/high-roof-extended-length/; https://www.kbb.com/ford/transit-250-cargo-van/2025/specs/,closeness/TED scores INFERENCE from FACT specs; unscored cats=not confirmed; totals omitted if points_possible<60
Ford,E-Transit,Cargo Long-EL high roof,2025,full_van,Ram,ProMaster,3500 Cargo Standard Roof 136-inch WB,gas,full_van,class_competitor,3,no,class+payload+tow+cab/cargo (no badge); R1T primary forced Tacoma per Ted,2799,4680,0,6700,487.3 cu ft,307.5 cu ft,142,not confirmed,not rated US,not confirmed,not confirmed,not confirmed,not confirmed,not confirmed,not confirmed,56530,10.0,10.0,8.0,1.0,10.0,not confirmed,not confirmed,5.5,57.1,not confirmed,not confirmed,60,50,fair,cargo/bed delta material; towing range not confirmed,"Canadian dealer PDF, US not confirmed — https://www.birchwoodchrysler.ca/wp-content/uploads/2024/10/2025-Ram-Promaster-Payload-Towing.pdf; https://www.birchwoodchrysler.ca/wp-content/uploads/2024/10/2025-Ram-Promaster-Payload-Towing.pdf; https://www.caranddriver.com/ford/e-transit-2025; https://www.ford.ca/commercial-trucks/e-transit/features/; https://www.kbb.com/ford/e-transit-350-cargo-van/2025/; https://www.kbb.com/ford/e-transit-350-cargo-van/2025/extended-length-high-roof/; https://www.kbb.com/ford/e-transit-350-cargo-van/2025/specs/; https://www.motortrend.com/cars/ram/promaster/2025",closeness/TED scores INFERENCE from FACT specs; unscored cats=not confirmed; totals omitted if points_possible<60
Ford,E-Transit,Cargo Long-EL high roof,2025,full_van,Mercedes-Benz,Sprinter,2500 Cargo diesel,diesel,full_van,class_competitor,4,no,class+payload+tow+cab/cargo (no badge); R1T primary forced Tacoma per Ted,2799,not confirmed,0,5000,487.3 cu ft,488 cu ft,142,not confirmed,not rated US,not confirmed,not confirmed,not confirmed,not confirmed,not confirmed,not confirmed,56530,10.0,not confirmed,8.0,10.0,10.0,not confirmed,not confirmed,4.8,57.1,not confirmed,not confirmed,60,40,weak,towing range not confirmed,https://www.caranddriver.com/ford/e-transit-2025; https://www.ford.ca/commercial-trucks/e-transit/features/; https://www.kbb.com/ford/e-transit-350-cargo-van/2025/; https://www.kbb.com/ford/e-transit-350-cargo-van/2025/extended-length-high-roof/; https://www.kbb.com/ford/e-transit-350-cargo-van/2025/specs/; https://www.kbb.com/mercedes-benz/sprinter-2500-cargo/2025/,closeness/TED scores INFERENCE from FACT specs; unscored cats=not confirmed; totals omitted if points_possible<60
Chevrolet,BrightDrop,400 Base FWD,2025,step_van,Chevrolet,Express,2500 Cargo Extended,gas,full_van,class_competitor,1,yes,class+payload+tow+cab/cargo (no badge); R1T primary forced Tacoma per Ted,3580,3060,not confirmed,10000,412.1 cu ft,283.6 cu ft,177,not confirmed,not confirmed,not confirmed,not confirmed,not confirmed,not confirmed,not confirmed,45695,64600,6.0,7.4,not confirmed,3.6,10.0,not confirmed,10.0,4.8,not confirmed,not confirmed,not confirmed,50,40,weak,class step_van vs full_van (class_match 6.0); cargo/bed delta material; towing range not confirmed,https://www.carsdirect.com/compare/2025-chevrolet-brightdrop-trims; https://www.kbb.com/chevrolet/express-2500-cargo/2025/; https://www.kbb.com/chevrolet/express-2500-cargo/2025/extended/; https://www.motortrend.com/cars/chevrolet/brightdrop/2025,closeness/TED scores INFERENCE from FACT specs; unscored cats=not confirmed; totals omitted if points_possible<60
Chevrolet,BrightDrop,400 Base FWD,2025,step_van,Ford,Transit,Cargo Long-EL high roof T-250,gas,full_van,class_competitor,2,no,class+payload+tow+cab/cargo (no badge); R1T primary forced Tacoma per Ted,3580,not confirmed,not confirmed,not confirmed,412.1 cu ft,487.3 cu ft,177,not confirmed,not confirmed,not confirmed,not confirmed,not confirmed,not confirmed,not confirmed,55095,64600,6.0,not confirmed,not confirmed,10.0,10.0,not confirmed,10.0,4.3,not confirmed,not confirmed,not confirmed,50,30,weak,class step_van vs full_van (class_match 6.0); towing range not confirmed,https://www.carsdirect.com/compare/2025-chevrolet-brightdrop-trims; https://www.kbb.com/ford/transit-250-cargo-van/2025/; https://www.kbb.com/ford/transit-250-cargo-van/2025/high-roof-extended-length/; https://www.kbb.com/ford/transit-250-cargo-van/2025/specs/; https://www.motortrend.com/cars/chevrolet/brightdrop/2025,closeness/TED scores INFERENCE from FACT specs; unscored cats=not confirmed; totals omitted if points_possible<60
Chevrolet,BrightDrop,400 Base FWD,2025,step_van,Ram,ProMaster,3500 Cargo Standard Roof 136-inch WB,gas,full_van,class_competitor,3,no,class+payload+tow+cab/cargo (no badge); R1T primary forced Tacoma per Ted,3580,4680,not confirmed,6700,412.1 cu ft,307.5 cu ft,177,not confirmed,not confirmed,not confirmed,not confirmed,not confirmed,not confirmed,not confirmed,not confirmed,64600,6.0,10.0,not confirmed,4.8,10.0,not confirmed,not confirmed,3.7,not confirmed,not confirmed,not confirmed,50,40,weak,class step_van vs full_van (class_match 6.0); cargo/bed delta material; towing range not confirmed,"Canadian dealer PDF, US not confirmed — https://www.birchwoodchrysler.ca/wp-content/uploads/2024/10/2025-Ram-Promaster-Payload-Towing.pdf; https://www.birchwoodchrysler.ca/wp-content/uploads/2024/10/2025-Ram-Promaster-Payload-Towing.pdf; https://www.carsdirect.com/compare/2025-chevrolet-brightdrop-trims; https://www.motortrend.com/cars/chevrolet/brightdrop/2025; https://www.motortrend.com/cars/ram/promaster/2025",closeness/TED scores INFERENCE from FACT specs; unscored cats=not confirmed; totals omitted if points_possible<60
Chevrolet,BrightDrop,400 Base FWD,2025,step_van,Mercedes-Benz,Sprinter,2500 Cargo diesel,diesel,full_van,class_competitor,4,no,class+payload+tow+cab/cargo (no badge); R1T primary forced Tacoma per Ted,3580,not confirmed,not confirmed,5000,412.1 cu ft,488 cu ft,177,not confirmed,not confirmed,not confirmed,not confirmed,not confirmed,not confirmed,not confirmed,not confirmed,64600,6.0,not confirmed,not confirmed,10.0,10.0,not confirmed,not confirmed,2.9,not confirmed,not confirmed,not confirmed,50,30,weak,class step_van vs full_van (class_match 6.0); towing range not confirmed,https://www.carsdirect.com/compare/2025-chevrolet-brightdrop-trims; https://www.kbb.com/mercedes-benz/sprinter-2500-cargo/2025/; https://www.motortrend.com/cars/chevrolet/brightdrop/2025,closeness/TED scores INFERENCE from FACT specs; unscored cats=not confirmed; totals omitted if points_possible<60
Chevrolet,BrightDrop,600 Base FWD,2025,step_van,Chevrolet,Express,3500 Cargo Extended,gas,full_van,class_competitor,1,yes,class+payload+tow+cab/cargo (no badge); R1T primary forced Tacoma per Ted,3180,4060,not confirmed,10000,614.7 cu ft,283.6 cu ft,174,not confirmed,not confirmed,not confirmed,not confirmed,not confirmed,not confirmed,not confirmed,48545,66100,6.0,10.0,not confirmed,0.0,10.0,not confirmed,10.0,4.6,not confirmed,not confirmed,not confirmed,50,40,weak,class step_van vs full_van (class_match 6.0); cargo/bed delta material; towing range not confirmed,https://www.carsdirect.com/compare/2025-chevrolet-brightdrop-trims; https://www.kbb.com/chevrolet/express-3500-cargo/2025/specs/; https://www.motortrend.com/cars/chevrolet/brightdrop/2025,closeness/TED scores INFERENCE from FACT specs; unscored cats=not confirmed; totals omitted if points_possible<60
Chevrolet,BrightDrop,600 Base FWD,2025,step_van,Ford,Transit,Cargo Long-EL high roof T-250,gas,full_van,class_competitor,2,no,class+payload+tow+cab/cargo (no badge); R1T primary forced Tacoma per Ted,3180,not confirmed,not confirmed,not confirmed,614.7 cu ft,487.3 cu ft,174,not confirmed,not confirmed,not confirmed,not confirmed,not confirmed,not confirmed,not confirmed,55095,66100,6.0,not confirmed,not confirmed,3.6,10.0,not confirmed,10.0,3.6,not confirmed,not confirmed,not confirmed,50,30,weak,class step_van vs full_van (class_match 6.0); cargo/bed delta material; towing range not confirmed,https://www.carsdirect.com/compare/2025-chevrolet-brightdrop-trims; https://www.kbb.com/ford/transit-250-cargo-van/2025/; https://www.kbb.com/ford/transit-250-cargo-van/2025/high-roof-extended-length/; https://www.kbb.com/ford/transit-250-cargo-van/2025/specs/; https://www.motortrend.com/cars/chevrolet/brightdrop/2025,closeness/TED scores INFERENCE from FACT specs; unscored cats=not confirmed; totals omitted if points_possible<60
Chevrolet,BrightDrop,600 Base FWD,2025,step_van,Ram,ProMaster,3500 Cargo Standard Roof 136-inch WB,gas,full_van,class_competitor,3,no,class+payload+tow+cab/cargo (no badge); R1T primary forced Tacoma per Ted,3180,4680,not confirmed,6700,614.7 cu ft,307.5 cu ft,174,not confirmed,not confirmed,not confirmed,not confirmed,not confirmed,not confirmed,not confirmed,not confirmed,66100,6.0,10.0,not confirmed,0.0,10.0,not confirmed,not confirmed,3.2,not confirmed,not confirmed,not confirmed,50,40,weak,class step_van vs full_van (class_match 6.0); cargo/bed delta material; towing range not confirmed,"Canadian dealer PDF, US not confirmed — https://www.birchwoodchrysler.ca/wp-content/uploads/2024/10/2025-Ram-Promaster-Payload-Towing.pdf; https://www.birchwoodchrysler.ca/wp-content/uploads/2024/10/2025-Ram-Promaster-Payload-Towing.pdf; https://www.carsdirect.com/compare/2025-chevrolet-brightdrop-trims; https://www.motortrend.com/cars/chevrolet/brightdrop/2025; https://www.motortrend.com/cars/ram/promaster/2025",closeness/TED scores INFERENCE from FACT specs; unscored cats=not confirmed; totals omitted if points_possible<60
Chevrolet,BrightDrop,600 Base FWD,2025,step_van,Mercedes-Benz,Sprinter,2500 Cargo diesel,diesel,full_van,class_competitor,4,no,class+payload+tow+cab/cargo (no badge); R1T primary forced Tacoma per Ted,3180,not confirmed,not confirmed,5000,614.7 cu ft,488 cu ft,174,not confirmed,not confirmed,not confirmed,not confirmed,not confirmed,not confirmed,not confirmed,not confirmed,66100,6.0,not confirmed,not confirmed,3.7,10.0,not confirmed,not confirmed,2.2,not confirmed,not confirmed,not confirmed,50,30,weak,class step_van vs full_van (class_match 6.0); cargo/bed delta material; towing range not confirmed,https://www.carsdirect.com/compare/2025-chevrolet-brightdrop-trims; https://www.kbb.com/mercedes-benz/sprinter-2500-cargo/2025/; https://www.motortrend.com/cars/chevrolet/brightdrop/2025,closeness/TED scores INFERENCE from FACT specs; unscored cats=not confirmed; totals omitted if points_possible<60
Ram,ProMaster EV,Cargo listed configs,2025,full_van,Mercedes-Benz,Sprinter,2500 Cargo diesel,diesel,full_van,class_competitor,1,yes,class+payload+tow+cab/cargo (no badge); R1T primary forced Tacoma per Ted,not confirmed,not confirmed,not confirmed,5000,463 cu ft,488 cu ft,not confirmed,not confirmed,not confirmed,not confirmed,not confirmed,not confirmed,not confirmed,not confirmed,not confirmed,not confirmed,10.0,not confirmed,not confirmed,10.0,10.0,not confirmed,not confirmed,3.3,not confirmed,not confirmed,not confirmed,30,30,weak,towing range not confirmed; PRIMARY by class/numbers is Mercedes-Benz Sprinter; same-badge twin Ram ProMaster is secondary (not chosen by badge),https://www.kbb.com/mercedes-benz/sprinter-2500-cargo/2025/; https://www.kbb.com/ram/promaster-cargo-van/2025/,closeness/TED scores INFERENCE from FACT specs; unscored cats=not confirmed; totals omitted if points_possible<60
Ram,ProMaster EV,Cargo listed configs,2025,full_van,Ford,Transit,Cargo Long-EL high roof T-250,gas,full_van,class_competitor,2,no,class+payload+tow+cab/cargo (no badge); R1T primary forced Tacoma per Ted,not confirmed,not confirmed,not confirmed,not confirmed,463 cu ft,487.3 cu ft,not confirmed,not confirmed,not confirmed,not confirmed,not confirmed,not confirmed,not confirmed,not confirmed,55095,not confirmed,10.0,not confirmed,not confirmed,10.0,10.0,not confirmed,not confirmed,3.3,not confirmed,not confirmed,not confirmed,30,30,weak,towing range not confirmed,https://www.kbb.com/ford/transit-250-cargo-van/2025/; https://www.kbb.com/ford/transit-250-cargo-van/2025/high-roof-extended-length/; https://www.kbb.com/ford/transit-250-cargo-van/2025/specs/; https://www.kbb.com/ram/promaster-cargo-van/2025/,closeness/TED scores INFERENCE from FACT specs; unscored cats=not confirmed; totals omitted if points_possible<60
Ram,ProMaster EV,Cargo listed configs,2025,full_van,Ram,ProMaster,3500 Cargo Standard Roof 136-inch WB,gas,full_van,same_badge,3,no,class+payload+tow+cab/cargo (no badge); R1T primary forced Tacoma per Ted,not confirmed,4680,not confirmed,6700,463 cu ft,307.5 cu ft,not confirmed,not confirmed,not confirmed,not confirmed,not confirmed,not confirmed,not confirmed,not confirmed,not confirmed,not confirmed,10.0,not confirmed,not confirmed,2.2,10.0,not confirmed,not confirmed,2.5,not confirmed,not confirmed,not confirmed,30,30,weak,cargo/bed delta material; towing range not confirmed,"Canadian dealer PDF, US not confirmed — https://www.birchwoodchrysler.ca/wp-content/uploads/2024/10/2025-Ram-Promaster-Payload-Towing.pdf; https://www.birchwoodchrysler.ca/wp-content/uploads/2024/10/2025-Ram-Promaster-Payload-Towing.pdf; https://www.kbb.com/ram/promaster-cargo-van/2025/; https://www.motortrend.com/cars/ram/promaster/2025",closeness/TED scores INFERENCE from FACT specs; unscored cats=not confirmed; totals omitted if points_possible<60
Ram,ProMaster EV,Cargo listed configs,2025,full_van,Chevrolet,Express,2500 Cargo Extended,gas,full_van,class_competitor,4,no,class+payload+tow+cab/cargo (no badge); R1T primary forced Tacoma per Ted,not confirmed,3060,not confirmed,10000,463 cu ft,283.6 cu ft,not confirmed,not confirmed,not confirmed,not confirmed,not confirmed,not confirmed,not confirmed,not confirmed,45695,not confirmed,10.0,not confirmed,not confirmed,1.0,10.0,not confirmed,not confirmed,2.4,not confirmed,not confirmed,not confirmed,30,30,weak,cargo/bed delta material; towing range not confirmed,https://www.kbb.com/chevrolet/express-2500-cargo/2025/; https://www.kbb.com/chevrolet/express-2500-cargo/2025/extended/; https://www.kbb.com/ram/promaster-cargo-van/2025/,closeness/TED scores INFERENCE from FACT specs; unscored cats=not confirmed; totals omitted if points_possible<60
Mercedes-Benz,eSprinter,2500 144 WB SR 81kWh,2025,full_van,Ford,Transit,Cargo Medium Roof LWB T-250,gas,full_van,class_competitor,1,yes,class+payload+tow+cab/cargo (no badge); R1T primary forced Tacoma per Ted,3516,3834,0,5000,319 cu ft,357.1 cu ft,150,not confirmed,not rated 144,not confirmed,not confirmed,not confirmed,not confirmed,not confirmed,56795,not confirmed,10.0,10.0,8.0,10.0,10.0,not confirmed,not confirmed,6.5,54.1,not confirmed,not confirmed,60,50,fair,towing range not confirmed; PRIMARY by class/numbers is Ford Transit; same-badge twin Mercedes-Benz Sprinter is secondary (not chosen by badge),https://www.caranddriver.com/mercedes-benz/esprinter-2025; https://www.kbb.com/ford/transit-250-cargo-van/2025/medium-roof-w-lwb/; https://www.kbb.com/ford/transit-250-cargo-van/2025/specs/; https://www.kbb.com/mercedes-benz/esprinter/2025/specs/; https://www.mbvans.com/content/dam/mb-vans/us/esprinter/eSprinter_Sell-SheetV2.pdf; https://www.merchantsfleet.com/fleet-vehicles/ford-transit-250-cargo/,closeness/TED scores INFERENCE from FACT specs; unscored cats=not confirmed; totals omitted if points_possible<60
Mercedes-Benz,eSprinter,2500 144 WB SR 81kWh,2025,full_van,Ram,ProMaster,3500 Cargo Standard Roof 136-inch WB,gas,full_van,class_competitor,2,no,class+payload+tow+cab/cargo (no badge); R1T primary forced Tacoma per Ted,3516,4680,0,6700,319 cu ft,307.5 cu ft,150,not confirmed,not rated 144,not confirmed,not confirmed,not confirmed,not confirmed,not confirmed,not confirmed,not confirmed,10.0,10.0,8.0,9.4,10.0,not confirmed,not confirmed,6.4,54.1,not confirmed,not confirmed,60,50,fair,towing range not confirmed,"Canadian dealer PDF, US not confirmed — https://www.birchwoodchrysler.ca/wp-content/uploads/2024/10/2025-Ram-Promaster-Payload-Towing.pdf; https://www.birchwoodchrysler.ca/wp-content/uploads/2024/10/2025-Ram-Promaster-Payload-Towing.pdf; https://www.caranddriver.com/mercedes-benz/esprinter-2025; https://www.kbb.com/mercedes-benz/esprinter/2025/specs/; https://www.mbvans.com/content/dam/mb-vans/us/esprinter/eSprinter_Sell-SheetV2.pdf; https://www.motortrend.com/cars/ram/promaster/2025",closeness/TED scores INFERENCE from FACT specs; unscored cats=not confirmed; totals omitted if points_possible<60
Mercedes-Benz,eSprinter,2500 144 WB SR 81kWh,2025,full_van,Chevrolet,Express,2500 Cargo Extended,gas,full_van,class_competitor,3,no,class+payload+tow+cab/cargo (no badge); R1T primary forced Tacoma per Ted,3516,3060,0,10000,319 cu ft,283.6 cu ft,150,not confirmed,not rated 144,not confirmed,not confirmed,not confirmed,not confirmed,not confirmed,45695,not confirmed,10.0,7.7,8.0,8.2,10.0,not confirmed,not confirmed,6.0,54.1,not confirmed,not confirmed,60,50,fair,towing range not confirmed,https://www.caranddriver.com/mercedes-benz/esprinter-2025; https://www.kbb.com/chevrolet/express-2500-cargo/2025/; https://www.kbb.com/chevrolet/express-2500-cargo/2025/extended/; https://www.kbb.com/mercedes-benz/esprinter/2025/specs/; https://www.mbvans.com/content/dam/mb-vans/us/esprinter/eSprinter_Sell-SheetV2.pdf,closeness/TED scores INFERENCE from FACT specs; unscored cats=not confirmed; totals omitted if points_possible<60
Mercedes-Benz,eSprinter,2500 144 WB SR 81kWh,2025,full_van,Mercedes-Benz,Sprinter,2500 Cargo diesel,diesel,full_van,same_badge,4,no,class+payload+tow+cab/cargo (no badge); R1T primary forced Tacoma per Ted,3516,not confirmed,0,5000,319 cu ft,488 cu ft,150,not confirmed,not rated 144,not confirmed,not confirmed,not confirmed,not confirmed,not confirmed,not confirmed,not confirmed,10.0,not confirmed,8.0,10.0,10.0,not confirmed,not confirmed,4.8,54.1,not confirmed,not confirmed,60,40,weak,towing range not confirmed,https://www.caranddriver.com/mercedes-benz/esprinter-2025; https://www.kbb.com/mercedes-benz/esprinter/2025/specs/; https://www.kbb.com/mercedes-benz/sprinter-2500-cargo/2025/; https://www.mbvans.com/content/dam/mb-vans/us/esprinter/eSprinter_Sell-SheetV2.pdf,closeness/TED scores INFERENCE from FACT specs; unscored cats=not confirmed; totals omitted if points_possible<60
Mercedes-Benz,eSprinter,2500 170 WB HR 113kWh,2025,full_van,Ram,ProMaster,3500 Cargo Standard Roof 136-inch WB,gas,full_van,class_competitor,1,yes,class+payload+tow+cab/cargo (no badge); R1T primary forced Tacoma per Ted,2624,4680,4100,6700,488 cu ft,307.5 cu ft,250,not confirmed,not confirmed,not confirmed,not confirmed,not confirmed,not confirmed,not confirmed,not confirmed,not confirmed,10.0,10.0,10.0,1.0,10.0,not confirmed,not confirmed,5.7,54.1,not confirmed,not confirmed,60,50,fair,cargo/bed delta material; towing range not confirmed; PRIMARY by class/numbers is Ram ProMaster; same-badge twin Mercedes-Benz Sprinter is secondary (not chosen by badge),"Canadian dealer PDF, US not confirmed — https://www.birchwoodchrysler.ca/wp-content/uploads/2024/10/2025-Ram-Promaster-Payload-Towing.pdf; https://www.birchwoodchrysler.ca/wp-content/uploads/2024/10/2025-Ram-Promaster-Payload-Towing.pdf; https://www.caranddriver.com/mercedes-benz/esprinter-2025; https://www.mbvans.com/content/dam/mb-vans/us/esprinter/eSprinter_Sell-SheetV2.pdf; https://www.motortrend.com/cars/ram/promaster/2025",closeness/TED scores INFERENCE from FACT specs; unscored cats=not confirmed; totals omitted if points_possible<60
Mercedes-Benz,eSprinter,2500 170 WB HR 113kWh,2025,full_van,Chevrolet,Express,2500 Cargo Extended,gas,full_van,class_competitor,2,no,class+payload+tow+cab/cargo (no badge); R1T primary forced Tacoma per Ted,2624,3060,4100,10000,488 cu ft,283.6 cu ft,250,not confirmed,not confirmed,not confirmed,not confirmed,not confirmed,not confirmed,not confirmed,45695,not confirmed,10.0,10.0,10.0,0.0,10.0,not confirmed,not confirmed,5.6,54.1,not confirmed,not confirmed,60,50,fair,cargo/bed delta material; towing range not confirmed,https://www.caranddriver.com/mercedes-benz/esprinter-2025; https://www.kbb.com/chevrolet/express-2500-cargo/2025/; https://www.kbb.com/chevrolet/express-2500-cargo/2025/extended/; https://www.mbvans.com/content/dam/mb-vans/us/esprinter/eSprinter_Sell-SheetV2.pdf,closeness/TED scores INFERENCE from FACT specs; unscored cats=not confirmed; totals omitted if points_possible<60
Mercedes-Benz,eSprinter,2500 170 WB HR 113kWh,2025,full_van,Mercedes-Benz,Sprinter,2500 Cargo diesel,diesel,full_van,same_badge,3,no,class+payload+tow+cab/cargo (no badge); R1T primary forced Tacoma per Ted,2624,not confirmed,4100,5000,488 cu ft,488 cu ft,250,not confirmed,not confirmed,not confirmed,not confirmed,not confirmed,not confirmed,not confirmed,not confirmed,not confirmed,10.0,not confirmed,10.0,10.0,10.0,not confirmed,not confirmed,5.0,54.1,not confirmed,not confirmed,60,40,weak,towing range not confirmed,https://www.caranddriver.com/mercedes-benz/esprinter-2025; https://www.kbb.com/mercedes-benz/sprinter-2500-cargo/2025/; https://www.mbvans.com/content/dam/mb-vans/us/esprinter/eSprinter_Sell-SheetV2.pdf,closeness/TED scores INFERENCE from FACT specs; unscored cats=not confirmed; totals omitted if points_possible<60
Mercedes-Benz,eSprinter,2500 170 WB HR 113kWh,2025,full_van,Ford,Transit,Cargo Long-EL high roof T-250,gas,full_van,class_competitor,4,no,class+payload+tow+cab/cargo (no badge); R1T primary forced Tacoma per Ted,2624,not confirmed,4100,not confirmed,488 cu ft,487.3 cu ft,250,not confirmed,not confirmed,not confirmed,not confirmed,not confirmed,not confirmed,not confirmed,55095,not confirmed,10.0,not confirmed,not confirmed,10.0,10.0,not confirmed,not confirmed,3.3,54.1,not confirmed,not confirmed,60,30,weak,towing range not confirmed,https://www.caranddriver.com/mercedes-benz/esprinter-2025; https://www.kbb.com/ford/transit-250-cargo-van/2025/; https://www.kbb.com/ford/transit-250-cargo-van/2025/high-roof-extended-length/; https://www.kbb.com/ford/transit-250-cargo-van/2025/specs/; https://www.mbvans.com/content/dam/mb-vans/us/esprinter/eSprinter_Sell-SheetV2.pdf,closeness/TED scores INFERENCE from FACT specs; unscored cats=not confirmed; totals omitted if points_possible<60
Rivian,Commercial Van RCV/EDV,Delivery 500,2025,full_van,Chevrolet,Express,2500 Cargo Extended,gas,full_van,class_competitor,1,yes,class+payload+tow+cab/cargo (no badge); R1T primary forced Tacoma per Ted,2663,3060,not confirmed,10000,487 cu ft,283.6 cu ft,161,not confirmed,not confirmed,not confirmed,not confirmed,not confirmed,not confirmed,not confirmed,45695,79900,10.0,10.0,not confirmed,0.0,10.0,not confirmed,10.0,5.6,not confirmed,not confirmed,not confirmed,50,40,fair,cargo/bed delta material; towing range not confirmed,https://assets.ctfassets.net/2md5qhoeajym/5FQcJgfAOa4vDYu9rWwEYO/2fa75339d6e533532ba08bf395275015/RCV-QuickRef-v17.pdf; https://rivian.com/fleet; https://www.kbb.com/chevrolet/express-2500-cargo/2025/; https://www.kbb.com/chevrolet/express-2500-cargo/2025/extended/,closeness/TED scores INFERENCE from FACT specs; unscored cats=not confirmed; totals omitted if points_possible<60
Rivian,Commercial Van RCV/EDV,Delivery 500,2025,full_van,Ford,Transit,Cargo Long-EL high roof T-250,gas,full_van,class_competitor,2,no,class+payload+tow+cab/cargo (no badge); R1T primary forced Tacoma per Ted,2663,not confirmed,not confirmed,not confirmed,487 cu ft,487.3 cu ft,161,not confirmed,not confirmed,not confirmed,not confirmed,not confirmed,not confirmed,not confirmed,55095,79900,10.0,not confirmed,not confirmed,10.0,10.0,not confirmed,10.0,5.0,not confirmed,not confirmed,not confirmed,50,30,weak,towing range not confirmed,https://assets.ctfassets.net/2md5qhoeajym/5FQcJgfAOa4vDYu9rWwEYO/2fa75339d6e533532ba08bf395275015/RCV-QuickRef-v17.pdf; https://rivian.com/fleet; https://www.kbb.com/ford/transit-250-cargo-van/2025/; https://www.kbb.com/ford/transit-250-cargo-van/2025/high-roof-extended-length/; https://www.kbb.com/ford/transit-250-cargo-van/2025/specs/,closeness/TED scores INFERENCE from FACT specs; unscored cats=not confirmed; totals omitted if points_possible<60
Rivian,Commercial Van RCV/EDV,Delivery 500,2025,full_van,Ram,ProMaster,3500 Cargo Standard Roof 136-inch WB,gas,full_van,class_competitor,3,no,class+payload+tow+cab/cargo (no badge); R1T primary forced Tacoma per Ted,2663,4680,not confirmed,6700,487 cu ft,307.5 cu ft,161,not confirmed,not confirmed,not confirmed,not confirmed,not confirmed,not confirmed,not confirmed,not confirmed,79900,10.0,10.0,not confirmed,1.0,10.0,not confirmed,not confirmed,4.0,not confirmed,not confirmed,not confirmed,50,40,weak,cargo/bed delta material; towing range not confirmed,"Canadian dealer PDF, US not confirmed — https://www.birchwoodchrysler.ca/wp-content/uploads/2024/10/2025-Ram-Promaster-Payload-Towing.pdf; https://assets.ctfassets.net/2md5qhoeajym/5FQcJgfAOa4vDYu9rWwEYO/2fa75339d6e533532ba08bf395275015/RCV-QuickRef-v17.pdf; https://rivian.com/fleet; https://www.birchwoodchrysler.ca/wp-content/uploads/2024/10/2025-Ram-Promaster-Payload-Towing.pdf; https://www.motortrend.com/cars/ram/promaster/2025",closeness/TED scores INFERENCE from FACT specs; unscored cats=not confirmed; totals omitted if points_possible<60
Rivian,Commercial Van RCV/EDV,Delivery 500,2025,full_van,Mercedes-Benz,Sprinter,2500 Cargo diesel,diesel,full_van,class_competitor,4,no,class+payload+tow+cab/cargo (no badge); R1T primary forced Tacoma per Ted,2663,not confirmed,not confirmed,5000,487 cu ft,488 cu ft,161,not confirmed,not confirmed,not confirmed,not confirmed,not confirmed,not confirmed,not confirmed,not confirmed,79900,10.0,not confirmed,not confirmed,10.0,10.0,not confirmed,not confirmed,3.3,not confirmed,not confirmed,not confirmed,50,30,weak,towing range not confirmed,https://assets.ctfassets.net/2md5qhoeajym/5FQcJgfAOa4vDYu9rWwEYO/2fa75339d6e533532ba08bf395275015/RCV-QuickRef-v17.pdf; https://rivian.com/fleet; https://www.kbb.com/mercedes-benz/sprinter-2500-cargo/2025/,closeness/TED scores INFERENCE from FACT specs; unscored cats=not confirmed; totals omitted if points_possible<60
Rivian,Commercial Van RCV/EDV,Delivery 700,2025,step_van,Chevrolet,Express,3500 Cargo Extended,gas,full_van,class_competitor,1,yes,class+payload+tow+cab/cargo (no badge); R1T primary forced Tacoma per Ted,2258,4060,not confirmed,10000,652 cu ft,283.6 cu ft,160,not confirmed,not confirmed,not confirmed,not confirmed,not confirmed,not confirmed,not confirmed,48545,83900,6.0,10.0,not confirmed,0.0,10.0,not confirmed,10.0,4.6,not confirmed,not confirmed,not confirmed,50,40,weak,class step_van vs full_van (class_match 6.0); cargo/bed delta material; towing range not confirmed,https://assets.ctfassets.net/2md5qhoeajym/5FQcJgfAOa4vDYu9rWwEYO/2fa75339d6e533532ba08bf395275015/RCV-QuickRef-v17.pdf; https://rivian.com/fleet; https://www.caranddriver.com/rivian/commercial-van; https://www.kbb.com/chevrolet/express-3500-cargo/2025/specs/,closeness/TED scores INFERENCE from FACT specs; unscored cats=not confirmed; totals omitted if points_possible<60
Rivian,Commercial Van RCV/EDV,Delivery 700,2025,step_van,Ford,Transit,Cargo Long-EL high roof T-250,gas,full_van,class_competitor,2,no,class+payload+tow+cab/cargo (no badge); R1T primary forced Tacoma per Ted,2258,not confirmed,not confirmed,not confirmed,652 cu ft,487.3 cu ft,160,not confirmed,not confirmed,not confirmed,not confirmed,not confirmed,not confirmed,not confirmed,55095,83900,6.0,not confirmed,not confirmed,1.8,10.0,not confirmed,10.0,3.4,not confirmed,not confirmed,not confirmed,50,30,weak,class step_van vs full_van (class_match 6.0); cargo/bed delta material; towing range not confirmed,https://assets.ctfassets.net/2md5qhoeajym/5FQcJgfAOa4vDYu9rWwEYO/2fa75339d6e533532ba08bf395275015/RCV-QuickRef-v17.pdf; https://rivian.com/fleet; https://www.caranddriver.com/rivian/commercial-van; https://www.kbb.com/ford/transit-250-cargo-van/2025/; https://www.kbb.com/ford/transit-250-cargo-van/2025/high-roof-extended-length/; https://www.kbb.com/ford/transit-250-cargo-van/2025/specs/,closeness/TED scores INFERENCE from FACT specs; unscored cats=not confirmed; totals omitted if points_possible<60
Rivian,Commercial Van RCV/EDV,Delivery 700,2025,step_van,Ram,ProMaster,3500 Cargo Standard Roof 136-inch WB,gas,full_van,class_competitor,3,no,class+payload+tow+cab/cargo (no badge); R1T primary forced Tacoma per Ted,2258,4680,not confirmed,6700,652 cu ft,307.5 cu ft,160,not confirmed,not confirmed,not confirmed,not confirmed,not confirmed,not confirmed,not confirmed,not confirmed,83900,6.0,10.0,not confirmed,0.0,10.0,not confirmed,not confirmed,3.2,not confirmed,not confirmed,not confirmed,50,40,weak,class step_van vs full_van (class_match 6.0); cargo/bed delta material; towing range not confirmed,"Canadian dealer PDF, US not confirmed — https://www.birchwoodchrysler.ca/wp-content/uploads/2024/10/2025-Ram-Promaster-Payload-Towing.pdf; https://assets.ctfassets.net/2md5qhoeajym/5FQcJgfAOa4vDYu9rWwEYO/2fa75339d6e533532ba08bf395275015/RCV-QuickRef-v17.pdf; https://rivian.com/fleet; https://www.birchwoodchrysler.ca/wp-content/uploads/2024/10/2025-Ram-Promaster-Payload-Towing.pdf; https://www.caranddriver.com/rivian/commercial-van; https://www.motortrend.com/cars/ram/promaster/2025",closeness/TED scores INFERENCE from FACT specs; unscored cats=not confirmed; totals omitted if points_possible<60
Rivian,Commercial Van RCV/EDV,Delivery 700,2025,step_van,Mercedes-Benz,Sprinter,2500 Cargo diesel,diesel,full_van,class_competitor,4,no,class+payload+tow+cab/cargo (no badge); R1T primary forced Tacoma per Ted,2258,not confirmed,not confirmed,5000,652 cu ft,488 cu ft,160,not confirmed,not confirmed,not confirmed,not confirmed,not confirmed,not confirmed,not confirmed,not confirmed,83900,6.0,not confirmed,not confirmed,1.8,10.0,not confirmed,not confirmed,2.0,not confirmed,not confirmed,not confirmed,50,30,weak,class step_van vs full_van (class_match 6.0); cargo/bed delta material; towing range not confirmed,https://assets.ctfassets.net/2md5qhoeajym/5FQcJgfAOa4vDYu9rWwEYO/2fa75339d6e533532ba08bf395275015/RCV-QuickRef-v17.pdf; https://rivian.com/fleet; https://www.caranddriver.com/rivian/commercial-van; https://www.kbb.com/mercedes-benz/sprinter-2500-cargo/2025/,closeness/TED scores INFERENCE from FACT specs; unscored cats=not confirmed; totals omitted if points_possible<60
GreenPower,EV Star,Cargo Class 4,2024,class4,Isuzu,NPR-HD,Class 4 diesel cab-chassis,diesel,class4,class_competitor,1,yes,class+payload+tow+cab/cargo (no badge); R1T primary forced Tacoma per Ted,6300,7545,not confirmed,not confirmed,477 cu ft,not confirmed,150,not confirmed,not confirmed,not confirmed,77 kWh/100mi,not confirmed,0.0944,not confirmed,not confirmed,not confirmed,10.0,10.0,not confirmed,not confirmed,10.0,not confirmed,not confirmed,3.3,48.3,not confirmed,not confirmed,60,40,weak,towing range not confirmed,https://californiahvip.org/wp-content/uploads/2021/04/AL-MY23-EV-Star-Cargo-Van-Brochure-4-24-Revision-240416.pdf; https://greenpowermotor.com/gp-products/ev-star-cargo/; https://pub.imanpro.com/oem/isuzu/npr-hd_diesel_specs.pdf; https://www.isuzucv.com/en/app/site/pdf?file=2025IsuzuModelLineupPocketGuide.pdf,closeness/TED scores INFERENCE from FACT specs; unscored cats=not confirmed; totals omitted if points_possible<60
GreenPower,EV Star,Cargo Class 4,2024,class4,Mercedes-Benz,Sprinter,2500 Cargo diesel,diesel,full_van,class_competitor,2,no,class+payload+tow+cab/cargo (no badge); R1T primary forced Tacoma per Ted,6300,not confirmed,not confirmed,5000,477 cu ft,488 cu ft,150,not confirmed,not confirmed,not confirmed,77 kWh/100mi,not confirmed,0.0944,not confirmed,not confirmed,not confirmed,3.0,not confirmed,not confirmed,10.0,10.0,not confirmed,not confirmed,2.5,48.3,not confirmed,not confirmed,60,30,weak,class class4 vs full_van (class_match 3.0); towing range not confirmed,https://californiahvip.org/wp-content/uploads/2021/04/AL-MY23-EV-Star-Cargo-Van-Brochure-4-24-Revision-240416.pdf; https://greenpowermotor.com/gp-products/ev-star-cargo/; https://www.kbb.com/mercedes-benz/sprinter-2500-cargo/2025/,closeness/TED scores INFERENCE from FACT specs; unscored cats=not confirmed; totals omitted if points_possible<60
GreenPower,EV Star,Cargo Class 4,2024,class4,Ford,Transit,Cargo Long-EL high roof T-250,gas,full_van,class_competitor,3,no,class+payload+tow+cab/cargo (no badge); R1T primary forced Tacoma per Ted,6300,not confirmed,not confirmed,not confirmed,477 cu ft,487.3 cu ft,150,not confirmed,not confirmed,not confirmed,77 kWh/100mi,not confirmed,0.0944,not confirmed,55095,not confirmed,3.0,not confirmed,not confirmed,10.0,10.0,not confirmed,not confirmed,2.5,48.3,not confirmed,not confirmed,60,30,weak,class class4 vs full_van (class_match 3.0); towing range not confirmed,https://californiahvip.org/wp-content/uploads/2021/04/AL-MY23-EV-Star-Cargo-Van-Brochure-4-24-Revision-240416.pdf; https://greenpowermotor.com/gp-products/ev-star-cargo/; https://www.kbb.com/ford/transit-250-cargo-van/2025/; https://www.kbb.com/ford/transit-250-cargo-van/2025/high-roof-extended-length/; https://www.kbb.com/ford/transit-250-cargo-van/2025/specs/,closeness/TED scores INFERENCE from FACT specs; unscored cats=not confirmed; totals omitted if points_possible<60
GreenPower,EV Star,Cargo Class 4,2024,class4,Chevrolet,Express,3500 Cargo Extended,gas,full_van,class_competitor,4,no,class+payload+tow+cab/cargo (no badge); R1T primary forced Tacoma per Ted,6300,4060,not confirmed,10000,477 cu ft,283.6 cu ft,150,not confirmed,not confirmed,not confirmed,77 kWh/100mi,not confirmed,0.0944,not confirmed,48545,not confirmed,3.0,0.0,not confirmed,0.3,10.0,not confirmed,not confirmed,1.6,48.3,not confirmed,not confirmed,60,40,weak,class class4 vs full_van (class_match 3.0); payload delta material; cargo/bed delta material; towing range not confirmed,https://californiahvip.org/wp-content/uploads/2021/04/AL-MY23-EV-Star-Cargo-Van-Brochure-4-24-Revision-240416.pdf; https://greenpowermotor.com/gp-products/ev-star-cargo/; https://www.kbb.com/chevrolet/express-3500-cargo/2025/specs/,closeness/TED scores INFERENCE from FACT specs; unscored cats=not confirmed; totals omitted if points_possible<60
