year,make,model,trim_config,epa_model_string,motors,pack,wheel_in,all_terrain,generation,drive,payload_lb,tow_lb_wdh,tow_lb_no_wdh,epa_range_mi,epa_mpge_city,epa_mpge_hwy,epa_mpge_comb,epa_kwh_per_100mi,usable_kwh,batt_warranty_yr,batt_warranty_mi,capacity_guarantee_pct,label,label_config,label_payload,label_tow,label_epa,label_kwh,label_warranty,fe_id,epa_source_url,payload_source_url,tow_source_url,kwh_source_url,warranty_source_url,accessed
2022,Rivian,R1T,Quad Large,R1T,Quad,Large,,N,1,Part-time 4-Wheel Drive,1764,11000,5000,314,74,66,70,48.1,131,8,175000,70,INF,INF,FACT,FACT,FACT,FACT,FACT,44462,https://www.fueleconomy.gov/feg/noframes/44462.shtml,https://rivian.com/support/article/what-is-the-maximum-payload,https://rivian.com/support/article/what-is-the-maximum-towing-capacity,https://rivian.com/support/article/what-is-the-usable-kwh-capacity-of-your-batteries,https://assets.ctfassets.net/2md5qhoeajym/3jyOsY7odpa35j9Yzb0KXK/edc6d556b122b351117b409a9bb8cf8a/r1t_r1s-new-vehicle-limited-warranty-guide-us-en-us-20260813.pdf,2026-09-27
2023,Rivian,R1T,Dual Large,R1T 21 inch Dual Large,Dual,Large,21,N,1,Part-time 4-Wheel Drive,1764,11000,5000,352,82,74,78,43.2,131,8,150000,70,FACT,FACT,FACT,FACT,FACT,FACT,FACT,47000,https://www.fueleconomy.gov/feg/noframes/47000.shtml,https://rivian.com/support/article/what-is-the-maximum-payload,https://rivian.com/support/article/what-is-the-maximum-towing-capacity,https://rivian.com/support/article/what-is-the-usable-kwh-capacity-of-your-batteries,https://assets.ctfassets.net/2md5qhoeajym/3jyOsY7odpa35j9Yzb0KXK/edc6d556b122b351117b409a9bb8cf8a/r1t_r1s-new-vehicle-limited-warranty-guide-us-en-us-20260813.pdf,2026-09-27
2023,Rivian,R1T,Dual Large,R1T 22 inch Dual Large,Dual,Large,22,N,1,Part-time 4-Wheel Drive,1764,11000,5000,341,80,71,76,44.5,131,8,150000,70,FACT,FACT,FACT,FACT,FACT,FACT,FACT,47002,https://www.fueleconomy.gov/feg/noframes/47002.shtml,https://rivian.com/support/article/what-is-the-maximum-payload,https://rivian.com/support/article/what-is-the-maximum-towing-capacity,https://rivian.com/support/article/what-is-the-usable-kwh-capacity-of-your-batteries,https://assets.ctfassets.net/2md5qhoeajym/3jyOsY7odpa35j9Yzb0KXK/edc6d556b122b351117b409a9bb8cf8a/r1t_r1s-new-vehicle-limited-warranty-guide-us-en-us-20260813.pdf,2026-09-27
2023,Rivian,R1T,Performance Dual Large,R1T 21 inch Performance Dual Large,Performance Dual,Large,21,N,1,Part-time 4-Wheel Drive,1764,11000,5000,352,82,74,78,43.2,131,8,150000,70,FACT,FACT,FACT,FACT,FACT,FACT,FACT,47001,https://www.fueleconomy.gov/feg/noframes/47001.shtml,https://rivian.com/support/article/what-is-the-maximum-payload,https://rivian.com/support/article/what-is-the-maximum-towing-capacity,https://rivian.com/support/article/what-is-the-usable-kwh-capacity-of-your-batteries,https://assets.ctfassets.net/2md5qhoeajym/3jyOsY7odpa35j9Yzb0KXK/edc6d556b122b351117b409a9bb8cf8a/r1t_r1s-new-vehicle-limited-warranty-guide-us-en-us-20260813.pdf,2026-09-27
2023,Rivian,R1T,Performance Dual Large,R1T 22 inch Performance Dual Large,Performance Dual,Large,22,N,1,Part-time 4-Wheel Drive,1764,11000,5000,341,80,71,76,44.5,131,8,150000,70,FACT,FACT,FACT,FACT,FACT,FACT,FACT,47003,https://www.fueleconomy.gov/feg/noframes/47003.shtml,https://rivian.com/support/article/what-is-the-maximum-payload,https://rivian.com/support/article/what-is-the-maximum-towing-capacity,https://rivian.com/support/article/what-is-the-usable-kwh-capacity-of-your-batteries,https://assets.ctfassets.net/2md5qhoeajym/3jyOsY7odpa35j9Yzb0KXK/edc6d556b122b351117b409a9bb8cf8a/r1t_r1s-new-vehicle-limited-warranty-guide-us-en-us-20260813.pdf,2026-09-27
2023,Rivian,R1T,Quad Large,R1T (20 inch wheels),Quad,Large,20,N,1,All-Wheel Drive,1764,11000,5000,289,69,60,64,52.4,131,8,175000,70,INF,INF,FACT,FACT,FACT,FACT,FACT,46312,https://www.fueleconomy.gov/feg/noframes/46312.shtml,https://rivian.com/support/article/what-is-the-maximum-payload,https://rivian.com/support/article/what-is-the-maximum-towing-capacity,https://rivian.com/support/article/what-is-the-usable-kwh-capacity-of-your-batteries,https://assets.ctfassets.net/2md5qhoeajym/3jyOsY7odpa35j9Yzb0KXK/edc6d556b122b351117b409a9bb8cf8a/r1t_r1s-new-vehicle-limited-warranty-guide-us-en-us-20260813.pdf,2026-09-27
2023,Rivian,R1T,Quad Large,R1T (21 inch wheels),Quad,Large,21,N,1,All-Wheel Drive,1764,11000,5000,328,76,69,73,46.1,131,8,175000,70,INF,INF,FACT,FACT,FACT,FACT,FACT,46313,https://www.fueleconomy.gov/feg/noframes/46313.shtml,https://rivian.com/support/article/what-is-the-maximum-payload,https://rivian.com/support/article/what-is-the-maximum-towing-capacity,https://rivian.com/support/article/what-is-the-usable-kwh-capacity-of-your-batteries,https://assets.ctfassets.net/2md5qhoeajym/3jyOsY7odpa35j9Yzb0KXK/edc6d556b122b351117b409a9bb8cf8a/r1t_r1s-new-vehicle-limited-warranty-guide-us-en-us-20260813.pdf,2026-09-27
2023,Rivian,R1T,Quad Large,R1T (22 inch wheels),Quad,Large,22,N,1,All-Wheel Drive,1764,11000,5000,303,73,63,68,49.4,131,8,175000,70,INF,INF,FACT,FACT,FACT,FACT,FACT,46314,https://www.fueleconomy.gov/feg/noframes/46314.shtml,https://rivian.com/support/article/what-is-the-maximum-payload,https://rivian.com/support/article/what-is-the-maximum-towing-capacity,https://rivian.com/support/article/what-is-the-usable-kwh-capacity-of-your-batteries,https://assets.ctfassets.net/2md5qhoeajym/3jyOsY7odpa35j9Yzb0KXK/edc6d556b122b351117b409a9bb8cf8a/r1t_r1s-new-vehicle-limited-warranty-guide-us-en-us-20260813.pdf,2026-09-27
2024,Rivian,R1T,Dual Large,R1T All-Terrain Dual Large (20in),Dual,Large,20,Y,1,Part-time 4-Wheel Drive,1764,11000,5000,307,72,64,68,49.2,131,8,150000,70,FACT,FACT,FACT,FACT,FACT,FACT,FACT,47861,https://www.fueleconomy.gov/feg/noframes/47861.shtml,https://rivian.com/support/article/what-is-the-maximum-payload,https://rivian.com/support/article/what-is-the-maximum-towing-capacity,https://rivian.com/support/article/what-is-the-usable-kwh-capacity-of-your-batteries,https://assets.ctfassets.net/2md5qhoeajym/3jyOsY7odpa35j9Yzb0KXK/edc6d556b122b351117b409a9bb8cf8a/r1t_r1s-new-vehicle-limited-warranty-guide-us-en-us-20260813.pdf,2026-09-27
2024,Rivian,R1T,Dual Large,R1T Dual Large (21in),Dual,Large,21,N,1,Part-time 4-Wheel Drive,1764,11000,5000,352,82,74,78,43.2,131,8,150000,70,FACT,FACT,FACT,FACT,FACT,FACT,FACT,47868,https://www.fueleconomy.gov/feg/noframes/47868.shtml,https://rivian.com/support/article/what-is-the-maximum-payload,https://rivian.com/support/article/what-is-the-maximum-towing-capacity,https://rivian.com/support/article/what-is-the-usable-kwh-capacity-of-your-batteries,https://assets.ctfassets.net/2md5qhoeajym/3jyOsY7odpa35j9Yzb0KXK/edc6d556b122b351117b409a9bb8cf8a/r1t_r1s-new-vehicle-limited-warranty-guide-us-en-us-20260813.pdf,2026-09-27
2024,Rivian,R1T,Dual Large,R1T Dual Large (22in),Dual,Large,22,N,1,Part-time 4-Wheel Drive,1764,11000,5000,341,80,71,76,44.5,131,8,150000,70,FACT,FACT,FACT,FACT,FACT,FACT,FACT,47869,https://www.fueleconomy.gov/feg/noframes/47869.shtml,https://rivian.com/support/article/what-is-the-maximum-payload,https://rivian.com/support/article/what-is-the-maximum-towing-capacity,https://rivian.com/support/article/what-is-the-usable-kwh-capacity-of-your-batteries,https://assets.ctfassets.net/2md5qhoeajym/3jyOsY7odpa35j9Yzb0KXK/edc6d556b122b351117b409a9bb8cf8a/r1t_r1s-new-vehicle-limited-warranty-guide-us-en-us-20260813.pdf,2026-09-27
2024,Rivian,R1T,Performance Dual Large,R1T All-Terrain Performance Dual Large (20in),Performance Dual,Large,20,Y,1,Part-time 4-Wheel Drive,1764,11000,5000,307,72,64,68,49.2,131,8,150000,70,FACT,FACT,FACT,FACT,FACT,FACT,FACT,47864,https://www.fueleconomy.gov/feg/noframes/47864.shtml,https://rivian.com/support/article/what-is-the-maximum-payload,https://rivian.com/support/article/what-is-the-maximum-towing-capacity,https://rivian.com/support/article/what-is-the-usable-kwh-capacity-of-your-batteries,https://assets.ctfassets.net/2md5qhoeajym/3jyOsY7odpa35j9Yzb0KXK/edc6d556b122b351117b409a9bb8cf8a/r1t_r1s-new-vehicle-limited-warranty-guide-us-en-us-20260813.pdf,2026-09-27
2024,Rivian,R1T,Performance Dual Large,R1T Performance Dual Large (21in),Performance Dual,Large,21,N,1,Part-time 4-Wheel Drive,1764,11000,5000,352,82,74,78,43.2,131,8,150000,70,FACT,FACT,FACT,FACT,FACT,FACT,FACT,47876,https://www.fueleconomy.gov/feg/noframes/47876.shtml,https://rivian.com/support/article/what-is-the-maximum-payload,https://rivian.com/support/article/what-is-the-maximum-towing-capacity,https://rivian.com/support/article/what-is-the-usable-kwh-capacity-of-your-batteries,https://assets.ctfassets.net/2md5qhoeajym/3jyOsY7odpa35j9Yzb0KXK/edc6d556b122b351117b409a9bb8cf8a/r1t_r1s-new-vehicle-limited-warranty-guide-us-en-us-20260813.pdf,2026-09-27
2024,Rivian,R1T,Performance Dual Large,R1T Performance Dual Large (22in),Performance Dual,Large,22,N,1,Part-time 4-Wheel Drive,1764,11000,5000,341,80,71,76,44.5,131,8,150000,70,FACT,FACT,FACT,FACT,FACT,FACT,FACT,47877,https://www.fueleconomy.gov/feg/noframes/47877.shtml,https://rivian.com/support/article/what-is-the-maximum-payload,https://rivian.com/support/article/what-is-the-maximum-towing-capacity,https://rivian.com/support/article/what-is-the-usable-kwh-capacity-of-your-batteries,https://assets.ctfassets.net/2md5qhoeajym/3jyOsY7odpa35j9Yzb0KXK/edc6d556b122b351117b409a9bb8cf8a/r1t_r1s-new-vehicle-limited-warranty-guide-us-en-us-20260813.pdf,2026-09-27
2024,Rivian,R1T,Quad Large,R1T Quad Large (20in),Quad,Large,20,N,1,All-Wheel Drive,1764,11000,5000,289,69,60,64,52.4,131,8,175000,70,FACT,FACT,FACT,FACT,FACT,FACT,FACT,47882,https://www.fueleconomy.gov/feg/noframes/47882.shtml,https://rivian.com/support/article/what-is-the-maximum-payload,https://rivian.com/support/article/what-is-the-maximum-towing-capacity,https://rivian.com/support/article/what-is-the-usable-kwh-capacity-of-your-batteries,https://assets.ctfassets.net/2md5qhoeajym/3jyOsY7odpa35j9Yzb0KXK/edc6d556b122b351117b409a9bb8cf8a/r1t_r1s-new-vehicle-limited-warranty-guide-us-en-us-20260813.pdf,2026-09-27
2024,Rivian,R1T,Quad Large,R1T All-Terrain Quad Large (20in),Quad,Large,20,Y,1,All-Wheel Drive,1764,11000,5000,274,65,60,63,53.7,131,8,175000,70,FACT,FACT,FACT,FACT,FACT,FACT,FACT,47866,https://www.fueleconomy.gov/feg/noframes/47866.shtml,https://rivian.com/support/article/what-is-the-maximum-payload,https://rivian.com/support/article/what-is-the-maximum-towing-capacity,https://rivian.com/support/article/what-is-the-usable-kwh-capacity-of-your-batteries,https://assets.ctfassets.net/2md5qhoeajym/3jyOsY7odpa35j9Yzb0KXK/edc6d556b122b351117b409a9bb8cf8a/r1t_r1s-new-vehicle-limited-warranty-guide-us-en-us-20260813.pdf,2026-09-27
2024,Rivian,R1T,Quad Large,R1T Quad Large (21in),Quad,Large,21,N,1,All-Wheel Drive,1764,11000,5000,328,76,69,73,46.1,131,8,175000,70,FACT,FACT,FACT,FACT,FACT,FACT,FACT,47883,https://www.fueleconomy.gov/feg/noframes/47883.shtml,https://rivian.com/support/article/what-is-the-maximum-payload,https://rivian.com/support/article/what-is-the-maximum-towing-capacity,https://rivian.com/support/article/what-is-the-usable-kwh-capacity-of-your-batteries,https://assets.ctfassets.net/2md5qhoeajym/3jyOsY7odpa35j9Yzb0KXK/edc6d556b122b351117b409a9bb8cf8a/r1t_r1s-new-vehicle-limited-warranty-guide-us-en-us-20260813.pdf,2026-09-27
2024,Rivian,R1T,Quad Large,R1T Quad Large (22in),Quad,Large,22,N,1,All-Wheel Drive,1764,11000,5000,303,73,63,68,49.4,131,8,175000,70,FACT,FACT,FACT,FACT,FACT,FACT,FACT,47884,https://www.fueleconomy.gov/feg/noframes/47884.shtml,https://rivian.com/support/article/what-is-the-maximum-payload,https://rivian.com/support/article/what-is-the-maximum-towing-capacity,https://rivian.com/support/article/what-is-the-usable-kwh-capacity-of-your-batteries,https://assets.ctfassets.net/2md5qhoeajym/3jyOsY7odpa35j9Yzb0KXK/edc6d556b122b351117b409a9bb8cf8a/r1t_r1s-new-vehicle-limited-warranty-guide-us-en-us-20260813.pdf,2026-09-27
2024,Rivian,R1T,Dual Max,R1T All-Terrain Dual Max (20in),Dual,Max,20,Y,1,Part-time 4-Wheel Drive,1764,11000,5000,355,78,67,73,46.1,141,8,150000,70,FACT,FACT,FACT,FACT,FACT,FACT,FACT,47862,https://www.fueleconomy.gov/feg/noframes/47862.shtml,https://rivian.com/support/article/what-is-the-maximum-payload,https://rivian.com/support/article/what-is-the-maximum-towing-capacity,https://rivian.com/support/article/what-is-the-usable-kwh-capacity-of-your-batteries,https://assets.ctfassets.net/2md5qhoeajym/3jyOsY7odpa35j9Yzb0KXK/edc6d556b122b351117b409a9bb8cf8a/r1t_r1s-new-vehicle-limited-warranty-guide-us-en-us-20260813.pdf,2026-09-27
2024,Rivian,R1T,Dual Max,R1T Dual Max (21in),Dual,Max,21,N,1,Part-time 4-Wheel Drive,1764,11000,5000,410,91,77,84,39.9,141,8,150000,70,FACT,FACT,FACT,FACT,FACT,FACT,FACT,47870,https://www.fueleconomy.gov/feg/noframes/47870.shtml,https://rivian.com/support/article/what-is-the-maximum-payload,https://rivian.com/support/article/what-is-the-maximum-towing-capacity,https://rivian.com/support/article/what-is-the-usable-kwh-capacity-of-your-batteries,https://assets.ctfassets.net/2md5qhoeajym/3jyOsY7odpa35j9Yzb0KXK/edc6d556b122b351117b409a9bb8cf8a/r1t_r1s-new-vehicle-limited-warranty-guide-us-en-us-20260813.pdf,2026-09-27
2024,Rivian,R1T,Dual Max,R1T Dual Max (22in),Dual,Max,22,N,1,Part-time 4-Wheel Drive,1764,11000,5000,380,84,72,78,43.3,141,8,150000,70,FACT,FACT,FACT,FACT,FACT,FACT,FACT,47871,https://www.fueleconomy.gov/feg/noframes/47871.shtml,https://rivian.com/support/article/what-is-the-maximum-payload,https://rivian.com/support/article/what-is-the-maximum-towing-capacity,https://rivian.com/support/article/what-is-the-usable-kwh-capacity-of-your-batteries,https://assets.ctfassets.net/2md5qhoeajym/3jyOsY7odpa35j9Yzb0KXK/edc6d556b122b351117b409a9bb8cf8a/r1t_r1s-new-vehicle-limited-warranty-guide-us-en-us-20260813.pdf,2026-09-27
2024,Rivian,R1T,Performance Dual Max,R1T All-Terrain Performance Dual Max (20in),Performance Dual,Max,20,Y,1,Part-time 4-Wheel Drive,1764,11000,5000,355,78,67,73,46.1,141,8,150000,70,FACT,FACT,FACT,FACT,FACT,FACT,FACT,47865,https://www.fueleconomy.gov/feg/noframes/47865.shtml,https://rivian.com/support/article/what-is-the-maximum-payload,https://rivian.com/support/article/what-is-the-maximum-towing-capacity,https://rivian.com/support/article/what-is-the-usable-kwh-capacity-of-your-batteries,https://assets.ctfassets.net/2md5qhoeajym/3jyOsY7odpa35j9Yzb0KXK/edc6d556b122b351117b409a9bb8cf8a/r1t_r1s-new-vehicle-limited-warranty-guide-us-en-us-20260813.pdf,2026-09-27
2024,Rivian,R1T,Performance Dual Max,R1T Performance Dual Max (21in),Performance Dual,Max,21,N,1,Part-time 4-Wheel Drive,1764,11000,5000,410,91,77,84,39.9,141,8,150000,70,FACT,FACT,FACT,FACT,FACT,FACT,FACT,47878,https://www.fueleconomy.gov/feg/noframes/47878.shtml,https://rivian.com/support/article/what-is-the-maximum-payload,https://rivian.com/support/article/what-is-the-maximum-towing-capacity,https://rivian.com/support/article/what-is-the-usable-kwh-capacity-of-your-batteries,https://assets.ctfassets.net/2md5qhoeajym/3jyOsY7odpa35j9Yzb0KXK/edc6d556b122b351117b409a9bb8cf8a/r1t_r1s-new-vehicle-limited-warranty-guide-us-en-us-20260813.pdf,2026-09-27
2024,Rivian,R1T,Performance Dual Max,R1T Performance Dual Max (22in),Performance Dual,Max,22,N,1,Part-time 4-Wheel Drive,1764,11000,5000,380,84,72,78,43.3,141,8,150000,70,FACT,FACT,FACT,FACT,FACT,FACT,FACT,47879,https://www.fueleconomy.gov/feg/noframes/47879.shtml,https://rivian.com/support/article/what-is-the-maximum-payload,https://rivian.com/support/article/what-is-the-maximum-towing-capacity,https://rivian.com/support/article/what-is-the-usable-kwh-capacity-of-your-batteries,https://assets.ctfassets.net/2md5qhoeajym/3jyOsY7odpa35j9Yzb0KXK/edc6d556b122b351117b409a9bb8cf8a/r1t_r1s-new-vehicle-limited-warranty-guide-us-en-us-20260813.pdf,2026-09-27
2024,Rivian,R1T,Dual Standard,R1T Dual Standard (21in),Dual,Standard,21,N,1,Part-time 4-Wheel Drive,1764,11000,5000,270,78,71,75,45.2,106,8,120000,70,FACT,FACT,FACT,FACT,FACT,FACT,FACT,47872,https://www.fueleconomy.gov/feg/noframes/47872.shtml,https://rivian.com/support/article/what-is-the-maximum-payload,https://rivian.com/support/article/what-is-the-maximum-towing-capacity,https://rivian.com/support/article/what-is-the-usable-kwh-capacity-of-your-batteries,https://assets.ctfassets.net/2md5qhoeajym/3jyOsY7odpa35j9Yzb0KXK/edc6d556b122b351117b409a9bb8cf8a/r1t_r1s-new-vehicle-limited-warranty-guide-us-en-us-20260813.pdf,2026-09-27
2024,Rivian,R1T,Dual Standard,R1T Dual Standard (22in),Dual,Standard,22,N,1,Part-time 4-Wheel Drive,1764,11000,5000,255,74,66,70,48.0,106,8,120000,70,FACT,FACT,FACT,FACT,FACT,FACT,FACT,47873,https://www.fueleconomy.gov/feg/noframes/47873.shtml,https://rivian.com/support/article/what-is-the-maximum-payload,https://rivian.com/support/article/what-is-the-maximum-towing-capacity,https://rivian.com/support/article/what-is-the-usable-kwh-capacity-of-your-batteries,https://assets.ctfassets.net/2md5qhoeajym/3jyOsY7odpa35j9Yzb0KXK/edc6d556b122b351117b409a9bb8cf8a/r1t_r1s-new-vehicle-limited-warranty-guide-us-en-us-20260813.pdf,2026-09-27
2024,Rivian,R1T,Dual Standard+,R1T All-Terrain Dual Standard Plus (20in),Dual,Standard+,20,Y,1,Part-time 4-Wheel Drive,1764,11000,5000,277,68,62,65,51.6,121,8,120000,70,FACT,FACT,FACT,FACT,FACT,FACT,FACT,47863,https://www.fueleconomy.gov/feg/noframes/47863.shtml,https://rivian.com/support/article/what-is-the-maximum-payload,https://rivian.com/support/article/what-is-the-maximum-towing-capacity,https://rivian.com/support/article/what-is-the-usable-kwh-capacity-of-your-batteries,https://assets.ctfassets.net/2md5qhoeajym/3jyOsY7odpa35j9Yzb0KXK/edc6d556b122b351117b409a9bb8cf8a/r1t_r1s-new-vehicle-limited-warranty-guide-us-en-us-20260813.pdf,2026-09-27
2024,Rivian,R1T,Dual Standard+,R1T Dual Standard Plus (21in),Dual,Standard+,21,N,1,Part-time 4-Wheel Drive,1764,11000,5000,315,80,74,77,43.8,121,8,120000,70,FACT,FACT,FACT,FACT,FACT,FACT,FACT,47874,https://www.fueleconomy.gov/feg/noframes/47874.shtml,https://rivian.com/support/article/what-is-the-maximum-payload,https://rivian.com/support/article/what-is-the-maximum-towing-capacity,https://rivian.com/support/article/what-is-the-usable-kwh-capacity-of-your-batteries,https://assets.ctfassets.net/2md5qhoeajym/3jyOsY7odpa35j9Yzb0KXK/edc6d556b122b351117b409a9bb8cf8a/r1t_r1s-new-vehicle-limited-warranty-guide-us-en-us-20260813.pdf,2026-09-27
2024,Rivian,R1T,Dual Standard+,R1T Dual Standard Plus (22in),Dual,Standard+,22,N,1,Part-time 4-Wheel Drive,1764,11000,5000,300,76,68,72,46.7,121,8,120000,70,FACT,FACT,FACT,FACT,FACT,FACT,FACT,47875,https://www.fueleconomy.gov/feg/noframes/47875.shtml,https://rivian.com/support/article/what-is-the-maximum-payload,https://rivian.com/support/article/what-is-the-maximum-towing-capacity,https://rivian.com/support/article/what-is-the-usable-kwh-capacity-of-your-batteries,https://assets.ctfassets.net/2md5qhoeajym/3jyOsY7odpa35j9Yzb0KXK/edc6d556b122b351117b409a9bb8cf8a/r1t_r1s-new-vehicle-limited-warranty-guide-us-en-us-20260813.pdf,2026-09-27
2024,Rivian,R1T,Performance Dual Standard+,R1T AT Performance Dual Standard Plus (20in),Performance Dual,Standard+,20,Y,1,Part-time 4-Wheel Drive,1764,11000,5000,277,68,62,65,51.6,121,8,120000,70,FACT,FACT,FACT,FACT,FACT,FACT,FACT,47867,https://www.fueleconomy.gov/feg/noframes/47867.shtml,https://rivian.com/support/article/what-is-the-maximum-payload,https://rivian.com/support/article/what-is-the-maximum-towing-capacity,https://rivian.com/support/article/what-is-the-usable-kwh-capacity-of-your-batteries,https://assets.ctfassets.net/2md5qhoeajym/3jyOsY7odpa35j9Yzb0KXK/edc6d556b122b351117b409a9bb8cf8a/r1t_r1s-new-vehicle-limited-warranty-guide-us-en-us-20260813.pdf,2026-09-27
2024,Rivian,R1T,Performance Dual Standard+,R1T Performance Dual Standard Plus (21in),Performance Dual,Standard+,21,N,1,Part-time 4-Wheel Drive,1764,11000,5000,315,80,74,77,43.8,121,8,120000,70,FACT,FACT,FACT,FACT,FACT,FACT,FACT,47880,https://www.fueleconomy.gov/feg/noframes/47880.shtml,https://rivian.com/support/article/what-is-the-maximum-payload,https://rivian.com/support/article/what-is-the-maximum-towing-capacity,https://rivian.com/support/article/what-is-the-usable-kwh-capacity-of-your-batteries,https://assets.ctfassets.net/2md5qhoeajym/3jyOsY7odpa35j9Yzb0KXK/edc6d556b122b351117b409a9bb8cf8a/r1t_r1s-new-vehicle-limited-warranty-guide-us-en-us-20260813.pdf,2026-09-27
2024,Rivian,R1T,Performance Dual Standard+,R1T Performance Dual Standard Plus (22in),Performance Dual,Standard+,22,N,1,Part-time 4-Wheel Drive,1764,11000,5000,300,76,68,72,46.7,121,8,120000,70,FACT,FACT,FACT,FACT,FACT,FACT,FACT,47881,https://www.fueleconomy.gov/feg/noframes/47881.shtml,https://rivian.com/support/article/what-is-the-maximum-payload,https://rivian.com/support/article/what-is-the-maximum-towing-capacity,https://rivian.com/support/article/what-is-the-usable-kwh-capacity-of-your-batteries,https://assets.ctfassets.net/2md5qhoeajym/3jyOsY7odpa35j9Yzb0KXK/edc6d556b122b351117b409a9bb8cf8a/r1t_r1s-new-vehicle-limited-warranty-guide-us-en-us-20260813.pdf,2026-09-27
2025,Rivian,R1T,Dual Large,R1T Dual Large (20in),Dual,Large,20,N,2,4-Wheel Drive,2172,7700,5000,300,85,72,79,42.9,108.5,8,150000,70,FACT,FACT,FACT,FACT,FACT,FACT,FACT,48755,https://www.fueleconomy.gov/feg/noframes/48755.shtml,https://rivian.com/support/article/what-is-the-maximum-payload,https://rivian.com/support/article/what-is-the-maximum-towing-capacity,https://rivian.com/en-CA/support/article/what-is-the-usable-kwh-capacity-of-your-batteries,https://assets.ctfassets.net/2md5qhoeajym/3jyOsY7odpa35j9Yzb0KXK/edc6d556b122b351117b409a9bb8cf8a/r1t_r1s-new-vehicle-limited-warranty-guide-us-en-us-20260813.pdf,2026-09-27
2025,Rivian,R1T,Dual Large,R1T All-Terrain Dual Large (20in),Dual,Large,20,Y,2,4-Wheel Drive,2172,7700,5000,289,82,70,76,44.4,108.5,8,150000,70,FACT,FACT,FACT,FACT,FACT,FACT,FACT,48752,https://www.fueleconomy.gov/feg/noframes/48752.shtml,https://rivian.com/support/article/what-is-the-maximum-payload,https://rivian.com/support/article/what-is-the-maximum-towing-capacity,https://rivian.com/en-CA/support/article/what-is-the-usable-kwh-capacity-of-your-batteries,https://assets.ctfassets.net/2md5qhoeajym/3jyOsY7odpa35j9Yzb0KXK/edc6d556b122b351117b409a9bb8cf8a/r1t_r1s-new-vehicle-limited-warranty-guide-us-en-us-20260813.pdf,2026-09-27
2025,Rivian,R1T,Dual Large,R1T Dual Large (22in),Dual,Large,22,N,2,4-Wheel Drive,2172,7700,5000,329,94,77,85,39.5,108.5,8,150000,70,FACT,FACT,FACT,FACT,FACT,FACT,FACT,48756,https://www.fueleconomy.gov/feg/noframes/48756.shtml,https://rivian.com/support/article/what-is-the-maximum-payload,https://rivian.com/support/article/what-is-the-maximum-towing-capacity,https://rivian.com/en-CA/support/article/what-is-the-usable-kwh-capacity-of-your-batteries,https://assets.ctfassets.net/2md5qhoeajym/3jyOsY7odpa35j9Yzb0KXK/edc6d556b122b351117b409a9bb8cf8a/r1t_r1s-new-vehicle-limited-warranty-guide-us-en-us-20260813.pdf,2026-09-27
2025,Rivian,R1T,Performance Dual Large,R1T Performance Dual Large (20in),Performance Dual,Large,20,N,2,4-Wheel Drive,2172,7700,5000,300,85,72,79,42.9,108.5,8,150000,70,FACT,FACT,FACT,FACT,FACT,FACT,FACT,48758,https://www.fueleconomy.gov/feg/noframes/48758.shtml,https://rivian.com/support/article/what-is-the-maximum-payload,https://rivian.com/support/article/what-is-the-maximum-towing-capacity,https://rivian.com/en-CA/support/article/what-is-the-usable-kwh-capacity-of-your-batteries,https://assets.ctfassets.net/2md5qhoeajym/3jyOsY7odpa35j9Yzb0KXK/edc6d556b122b351117b409a9bb8cf8a/r1t_r1s-new-vehicle-limited-warranty-guide-us-en-us-20260813.pdf,2026-09-27
2025,Rivian,R1T,Performance Dual Large,R1T All-Terrain Performance Dual Large (20in),Performance Dual,Large,20,Y,2,4-Wheel Drive,2172,7700,5000,289,82,70,76,44.4,108.5,8,150000,70,FACT,FACT,FACT,FACT,FACT,FACT,FACT,48753,https://www.fueleconomy.gov/feg/noframes/48753.shtml,https://rivian.com/support/article/what-is-the-maximum-payload,https://rivian.com/support/article/what-is-the-maximum-towing-capacity,https://rivian.com/en-CA/support/article/what-is-the-usable-kwh-capacity-of-your-batteries,https://assets.ctfassets.net/2md5qhoeajym/3jyOsY7odpa35j9Yzb0KXK/edc6d556b122b351117b409a9bb8cf8a/r1t_r1s-new-vehicle-limited-warranty-guide-us-en-us-20260813.pdf,2026-09-27
2025,Rivian,R1T,Performance Dual Large,R1T Performance Dual Large (22in),Performance Dual,Large,22,N,2,4-Wheel Drive,2172,7700,5000,329,94,77,85,39.5,108.5,8,150000,70,FACT,FACT,FACT,FACT,FACT,FACT,FACT,48759,https://www.fueleconomy.gov/feg/noframes/48759.shtml,https://rivian.com/support/article/what-is-the-maximum-payload,https://rivian.com/support/article/what-is-the-maximum-towing-capacity,https://rivian.com/en-CA/support/article/what-is-the-usable-kwh-capacity-of-your-batteries,https://assets.ctfassets.net/2md5qhoeajym/3jyOsY7odpa35j9Yzb0KXK/edc6d556b122b351117b409a9bb8cf8a/r1t_r1s-new-vehicle-limited-warranty-guide-us-en-us-20260813.pdf,2026-09-27
2025,Rivian,R1T,Dual Large Plus,R1T Dual Large Plus (20in),Dual,Large Plus,20,N,2,4-Wheel Drive,UNKNOWN,UNKNOWN,5000,317,85,72,78,43.1,UNKNOWN,UNKNOWN,UNKNOWN,70,MIXED/UNKNOWN,FACT,UNKNOWN,UNKNOWN,FACT,UNKNOWN,UNKNOWN,48757,https://www.fueleconomy.gov/feg/noframes/48757.shtml,https://rivian.com/support/article/what-is-the-maximum-payload,https://rivian.com/support/article/what-is-the-maximum-towing-capacity,https://rivian.com/en-CA/support/article/what-is-the-usable-kwh-capacity-of-your-batteries,https://assets.ctfassets.net/2md5qhoeajym/3jyOsY7odpa35j9Yzb0KXK/edc6d556b122b351117b409a9bb8cf8a/r1t_r1s-new-vehicle-limited-warranty-guide-us-en-us-20260813.pdf,2026-09-27
2025,Rivian,R1T,Dual Large Plus,R1T All-Terrain Dual Large Plus (20in),Dual,Large Plus,20,Y,2,4-Wheel Drive,UNKNOWN,UNKNOWN,5000,292,76,67,72,46.9,UNKNOWN,UNKNOWN,UNKNOWN,70,MIXED/UNKNOWN,FACT,UNKNOWN,UNKNOWN,FACT,UNKNOWN,UNKNOWN,48416,https://www.fueleconomy.gov/feg/noframes/48416.shtml,https://rivian.com/support/article/what-is-the-maximum-payload,https://rivian.com/support/article/what-is-the-maximum-towing-capacity,https://rivian.com/en-CA/support/article/what-is-the-usable-kwh-capacity-of-your-batteries,https://assets.ctfassets.net/2md5qhoeajym/3jyOsY7odpa35j9Yzb0KXK/edc6d556b122b351117b409a9bb8cf8a/r1t_r1s-new-vehicle-limited-warranty-guide-us-en-us-20260813.pdf,2026-09-27
2025,Rivian,R1T,Dual Large Plus,R1T Dual Large Plus (22in),Dual,Large Plus,22,N,2,4-Wheel Drive,UNKNOWN,UNKNOWN,5000,330,89,75,82,40.9,UNKNOWN,UNKNOWN,UNKNOWN,70,MIXED/UNKNOWN,FACT,UNKNOWN,UNKNOWN,FACT,UNKNOWN,UNKNOWN,48420,https://www.fueleconomy.gov/feg/noframes/48420.shtml,https://rivian.com/support/article/what-is-the-maximum-payload,https://rivian.com/support/article/what-is-the-maximum-towing-capacity,https://rivian.com/en-CA/support/article/what-is-the-usable-kwh-capacity-of-your-batteries,https://assets.ctfassets.net/2md5qhoeajym/3jyOsY7odpa35j9Yzb0KXK/edc6d556b122b351117b409a9bb8cf8a/r1t_r1s-new-vehicle-limited-warranty-guide-us-en-us-20260813.pdf,2026-09-27
2025,Rivian,R1T,Performance Dual Large Plus,R1T Performance Dual Large Plus (20in),Performance Dual,Large Plus,20,N,2,4-Wheel Drive,UNKNOWN,UNKNOWN,5000,317,85,72,78,43.1,UNKNOWN,UNKNOWN,UNKNOWN,70,MIXED/UNKNOWN,FACT,UNKNOWN,UNKNOWN,FACT,UNKNOWN,UNKNOWN,48760,https://www.fueleconomy.gov/feg/noframes/48760.shtml,https://rivian.com/support/article/what-is-the-maximum-payload,https://rivian.com/support/article/what-is-the-maximum-towing-capacity,https://rivian.com/en-CA/support/article/what-is-the-usable-kwh-capacity-of-your-batteries,https://assets.ctfassets.net/2md5qhoeajym/3jyOsY7odpa35j9Yzb0KXK/edc6d556b122b351117b409a9bb8cf8a/r1t_r1s-new-vehicle-limited-warranty-guide-us-en-us-20260813.pdf,2026-09-27
2025,Rivian,R1T,Performance Dual Large Plus,R1T All-Terrain Performance Dual Large Plus (20in),Performance Dual,Large Plus,20,Y,2,4-Wheel Drive,UNKNOWN,UNKNOWN,5000,292,76,67,72,46.9,UNKNOWN,UNKNOWN,UNKNOWN,70,MIXED/UNKNOWN,FACT,UNKNOWN,UNKNOWN,FACT,UNKNOWN,UNKNOWN,48418,https://www.fueleconomy.gov/feg/noframes/48418.shtml,https://rivian.com/support/article/what-is-the-maximum-payload,https://rivian.com/support/article/what-is-the-maximum-towing-capacity,https://rivian.com/en-CA/support/article/what-is-the-usable-kwh-capacity-of-your-batteries,https://assets.ctfassets.net/2md5qhoeajym/3jyOsY7odpa35j9Yzb0KXK/edc6d556b122b351117b409a9bb8cf8a/r1t_r1s-new-vehicle-limited-warranty-guide-us-en-us-20260813.pdf,2026-09-27
2025,Rivian,R1T,Performance Dual Large Plus,R1T Performance Dual Large Plus (22in),Performance Dual,Large Plus,22,N,2,4-Wheel Drive,UNKNOWN,UNKNOWN,5000,330,89,75,82,40.9,UNKNOWN,UNKNOWN,UNKNOWN,70,MIXED/UNKNOWN,FACT,UNKNOWN,UNKNOWN,FACT,UNKNOWN,UNKNOWN,48425,https://www.fueleconomy.gov/feg/noframes/48425.shtml,https://rivian.com/support/article/what-is-the-maximum-payload,https://rivian.com/support/article/what-is-the-maximum-towing-capacity,https://rivian.com/en-CA/support/article/what-is-the-usable-kwh-capacity-of-your-batteries,https://assets.ctfassets.net/2md5qhoeajym/3jyOsY7odpa35j9Yzb0KXK/edc6d556b122b351117b409a9bb8cf8a/r1t_r1s-new-vehicle-limited-warranty-guide-us-en-us-20260813.pdf,2026-09-27
2025,Rivian,R1T,Dual Max,R1T Dual Max (20in),Dual,Max,20,N,2,Part-time 4-Wheel Drive,1764,11000,5000,380,86,74,80,42.0,140,8,150000,70,FACT,FACT,FACT,FACT,FACT,FACT,FACT,48421,https://www.fueleconomy.gov/feg/noframes/48421.shtml,https://rivian.com/support/article/what-is-the-maximum-payload,https://rivian.com/support/article/what-is-the-maximum-towing-capacity,https://rivian.com/en-CA/support/article/what-is-the-usable-kwh-capacity-of-your-batteries,https://assets.ctfassets.net/2md5qhoeajym/3jyOsY7odpa35j9Yzb0KXK/edc6d556b122b351117b409a9bb8cf8a/r1t_r1s-new-vehicle-limited-warranty-guide-us-en-us-20260813.pdf,2026-09-27
2025,Rivian,R1T,Dual Max,R1T All-Terrain Dual Max (20in),Dual,Max,20,Y,2,Part-time 4-Wheel Drive,1764,11000,5000,370,82,73,78,43.2,140,8,150000,70,FACT,FACT,FACT,FACT,FACT,FACT,FACT,48417,https://www.fueleconomy.gov/feg/noframes/48417.shtml,https://rivian.com/support/article/what-is-the-maximum-payload,https://rivian.com/support/article/what-is-the-maximum-towing-capacity,https://rivian.com/en-CA/support/article/what-is-the-usable-kwh-capacity-of-your-batteries,https://assets.ctfassets.net/2md5qhoeajym/3jyOsY7odpa35j9Yzb0KXK/edc6d556b122b351117b409a9bb8cf8a/r1t_r1s-new-vehicle-limited-warranty-guide-us-en-us-20260813.pdf,2026-09-27
2025,Rivian,R1T,Dual Max,R1T Dual Max (22in),Dual,Max,22,N,2,Part-time 4-Wheel Drive,1764,11000,5000,420,93,80,87,38.8,140,8,150000,70,FACT,FACT,FACT,FACT,FACT,FACT,FACT,48422,https://www.fueleconomy.gov/feg/noframes/48422.shtml,https://rivian.com/support/article/what-is-the-maximum-payload,https://rivian.com/support/article/what-is-the-maximum-towing-capacity,https://rivian.com/en-CA/support/article/what-is-the-usable-kwh-capacity-of-your-batteries,https://assets.ctfassets.net/2md5qhoeajym/3jyOsY7odpa35j9Yzb0KXK/edc6d556b122b351117b409a9bb8cf8a/r1t_r1s-new-vehicle-limited-warranty-guide-us-en-us-20260813.pdf,2026-09-27
2025,Rivian,R1T,Performance Dual Max,R1T Performance Dual Max (20in),Performance Dual,Max,20,N,2,Part-time 4-Wheel Drive,1764,11000,5000,380,86,74,80,42.0,140,8,150000,70,FACT,FACT,FACT,FACT,FACT,FACT,FACT,48426,https://www.fueleconomy.gov/feg/noframes/48426.shtml,https://rivian.com/support/article/what-is-the-maximum-payload,https://rivian.com/support/article/what-is-the-maximum-towing-capacity,https://rivian.com/en-CA/support/article/what-is-the-usable-kwh-capacity-of-your-batteries,https://assets.ctfassets.net/2md5qhoeajym/3jyOsY7odpa35j9Yzb0KXK/edc6d556b122b351117b409a9bb8cf8a/r1t_r1s-new-vehicle-limited-warranty-guide-us-en-us-20260813.pdf,2026-09-27
2025,Rivian,R1T,Performance Dual Max,R1T All-Terrain Performance Dual Max (20in),Performance Dual,Max,20,Y,2,Part-time 4-Wheel Drive,1764,11000,5000,370,82,73,78,43.2,140,8,150000,70,FACT,FACT,FACT,FACT,FACT,FACT,FACT,48419,https://www.fueleconomy.gov/feg/noframes/48419.shtml,https://rivian.com/support/article/what-is-the-maximum-payload,https://rivian.com/support/article/what-is-the-maximum-towing-capacity,https://rivian.com/en-CA/support/article/what-is-the-usable-kwh-capacity-of-your-batteries,https://assets.ctfassets.net/2md5qhoeajym/3jyOsY7odpa35j9Yzb0KXK/edc6d556b122b351117b409a9bb8cf8a/r1t_r1s-new-vehicle-limited-warranty-guide-us-en-us-20260813.pdf,2026-09-27
2025,Rivian,R1T,Performance Dual Max,R1T Performance Dual Max (22in),Performance Dual,Max,22,N,2,Part-time 4-Wheel Drive,1764,11000,5000,420,93,80,87,38.8,140,8,150000,70,FACT,FACT,FACT,FACT,FACT,FACT,FACT,48427,https://www.fueleconomy.gov/feg/noframes/48427.shtml,https://rivian.com/support/article/what-is-the-maximum-payload,https://rivian.com/support/article/what-is-the-maximum-towing-capacity,https://rivian.com/en-CA/support/article/what-is-the-usable-kwh-capacity-of-your-batteries,https://assets.ctfassets.net/2md5qhoeajym/3jyOsY7odpa35j9Yzb0KXK/edc6d556b122b351117b409a9bb8cf8a/r1t_r1s-new-vehicle-limited-warranty-guide-us-en-us-20260813.pdf,2026-09-27
2025,Rivian,R1T,Tri Max,R1T All-Terrain Tri Max (20in),Tri,Max,20,Y,2,4-Wheel Drive,1764,11000,5000,329,72,63,68,49.8,140,8,150000,70,FACT,FACT,FACT,FACT,FACT,FACT,FACT,48754,https://www.fueleconomy.gov/feg/noframes/48754.shtml,https://rivian.com/support/article/what-is-the-maximum-payload,https://rivian.com/support/article/what-is-the-maximum-towing-capacity,https://rivian.com/en-CA/support/article/what-is-the-usable-kwh-capacity-of-your-batteries,https://assets.ctfassets.net/2md5qhoeajym/3jyOsY7odpa35j9Yzb0KXK/edc6d556b122b351117b409a9bb8cf8a/r1t_r1s-new-vehicle-limited-warranty-guide-us-en-us-20260813.pdf,2026-09-27
2025,Rivian,R1T,Tri Max,R1T Tri Max (22in),Tri,Max,22,N,2,4-Wheel Drive,1764,11000,5000,371,81,70,76,44.6,140,8,150000,70,FACT,FACT,FACT,FACT,FACT,FACT,FACT,48761,https://www.fueleconomy.gov/feg/noframes/48761.shtml,https://rivian.com/support/article/what-is-the-maximum-payload,https://rivian.com/support/article/what-is-the-maximum-towing-capacity,https://rivian.com/en-CA/support/article/what-is-the-usable-kwh-capacity-of-your-batteries,https://assets.ctfassets.net/2md5qhoeajym/3jyOsY7odpa35j9Yzb0KXK/edc6d556b122b351117b409a9bb8cf8a/r1t_r1s-new-vehicle-limited-warranty-guide-us-en-us-20260813.pdf,2026-09-27
2025,Rivian,R1T,Dual Standard,R1T Dual Standard (20in),Dual,Standard,20,N,2,Part-time 4-Wheel Drive,1984,7700,5000,258,85,72,79,42.9,92.5,8,120000,70,FACT,FACT,FACT,FACT,FACT,FACT,FACT,48423,https://www.fueleconomy.gov/feg/noframes/48423.shtml,https://rivian.com/support/article/what-is-the-maximum-payload,https://rivian.com/support/article/what-is-the-maximum-towing-capacity,https://rivian.com/en-CA/support/article/what-is-the-usable-kwh-capacity-of-your-batteries,https://assets.ctfassets.net/2md5qhoeajym/3jyOsY7odpa35j9Yzb0KXK/edc6d556b122b351117b409a9bb8cf8a/r1t_r1s-new-vehicle-limited-warranty-guide-us-en-us-20260813.pdf,2026-09-27
2025,Rivian,R1T,Dual Standard,R1T Dual Standard (22in),Dual,Standard,22,N,2,Part-time 4-Wheel Drive,1984,7700,5000,270,92,77,85,39.9,92.5,8,120000,70,FACT,FACT,FACT,FACT,FACT,FACT,FACT,48424,https://www.fueleconomy.gov/feg/noframes/48424.shtml,https://rivian.com/support/article/what-is-the-maximum-payload,https://rivian.com/support/article/what-is-the-maximum-towing-capacity,https://rivian.com/en-CA/support/article/what-is-the-usable-kwh-capacity-of-your-batteries,https://assets.ctfassets.net/2md5qhoeajym/3jyOsY7odpa35j9Yzb0KXK/edc6d556b122b351117b409a9bb8cf8a/r1t_r1s-new-vehicle-limited-warranty-guide-us-en-us-20260813.pdf,2026-09-27
