year,make,model,source,n,price_min_usd,price_median_usd,price_max_usd,avg_usd,miles_min,miles_median,miles_max,listing_dates,label,source_url,accessed
2022,Rivian,R1T,internal listing sample (vinnotdiesel used-ev-truck-inventory.csv),10,43294,53343,60290,,4004,41446,75666,2026-09-24;2026-09-25,FACT (listing asks; not transaction prices),/workspace/vinnotdiesel/inventory/used-ev-truck-inventory.csv (per-row listing_url inside),2026-09-27
2023,Rivian,R1T,internal listing sample (vinnotdiesel used-ev-truck-inventory.csv),5,54990,60989,63999,,15122,23188,41760,2026-09-24,FACT (listing asks; not transaction prices),/workspace/vinnotdiesel/inventory/used-ev-truck-inventory.csv (per-row listing_url inside),2026-09-27
2024,Rivian,R1T,internal listing sample (vinnotdiesel used-ev-truck-inventory.csv),2,60550,65274,69999,,11710,16856,22003,2026-09-24,FACT (listing asks; not transaction prices),/workspace/vinnotdiesel/inventory/used-ev-truck-inventory.csv (per-row listing_url inside),2026-09-27
2025,Rivian,R1T,internal listing sample (vinnotdiesel used-ev-truck-inventory.csv),3,67999,68084,69357,,20187,28686,30663,2026-09-24;2026-09-25,FACT (listing asks; not transaction prices),/workspace/vinnotdiesel/inventory/used-ev-truck-inventory.csv (per-row listing_url inside),2026-09-27
2025,Rivian,R1T,"iSeeCars ""Avg Used Car Price"" by model year (page shows unrounded values, e.g. 58666.92)",not stated,,,,73244,,,,,FACT,https://www.iseecars.com/car/rivian-r1t,2026-09-27
2024,Rivian,R1T,"iSeeCars ""Avg Used Car Price"" by model year (page shows unrounded values, e.g. 58666.92)",not stated,,,,65047,,,,,FACT,https://www.iseecars.com/car/rivian-r1t,2026-09-27
2023,Rivian,R1T,"iSeeCars ""Avg Used Car Price"" by model year (page shows unrounded values, e.g. 58666.92)",not stated,,,,58667,,,,,FACT,https://www.iseecars.com/car/rivian-r1t,2026-09-27
2022,Rivian,R1T,"iSeeCars ""Avg Used Car Price"" by model year (page shows unrounded values, e.g. 58666.92)",not stated,,,,51927,,,,,FACT,https://www.iseecars.com/car/rivian-r1t,2026-09-27
all,Rivian,R1T,"CarWhere national median ADVERTISED asking price, Sep 2026 snapshot (457 dealer listings; Aug 2026 median $59,794 / 415 listings)",457,,58599,,,,,,,FACT,https://www.carwhere.com/market/rivian/r1t,2026-09-27
