year,make,model,nhtsa_campaign,report_received_date,mys_in_summary,component,summary,consequence,remedy,ota_remedy,park_outside,applies_to_ev,api_query_url,recall_url,label,accessed
2023,Ford,E-Transit,25V860000,2025-12-12,2022-2025 E-Transit,POWER TRAIN:AXLE ASSEMBLY:AXLE SHAFT,"Ford Motor Company (Ford) is recalling certain 2022-2025 E-Transit vehicles. The left rear axle half shaft may partially disengage from the power drive unit, which can result in a loss of drive power.","A loss of drive power increases the risk of a crash. In addition, a half shaft that is not fully engaged to the primary drive unit can result in a vehicle rollaway if the parking brake is not applied, increasing the risk of a crash or injury.","Dealer will inspect and replace the rear half shaft and power drive unit components as necessary, free of charge. Owner notification letters were mailed April 3, 2026. Owners may contact Ford customer service at 1-866-436-7332. Ford's number for this recall is 25SD9. Vehicle Identification Numbers (VINs) involved in this recall became searchable on NHTSA.gov on December 15, 2025.",False,False,YES (BEV named in campaign or BEV-only model query),https://api.nhtsa.gov/recalls/recallsByVehicle?make=FORD&model=E-TRANSIT&modelYear=2023,https://www.nhtsa.gov/recalls?nhtsaId=25V860000,FACT,2026-09-27
2024,Chevrolet,Silverado EV,23V786000,2023-11-22,"2023-2024 GMC Hummer EV pick up, 2024 GMC Hummer EV SUV, and 2024 Chevrolet Silverado EV",SEAT BELTS:FRONT:ANCHORAGE,"General Motors, LLC (GM) is recalling certain 2023-2024 GMC Hummer EV pick up, 2024 GMC Hummer EV SUV, and 2024 Chevrolet Silverado EV vehicles. The left or right front seat belt buckle attachment bolts may not be tightened properly.","An improperly tightened seat belt buckle may not restrain an occupant as intended, increasing the risk of injury during a crash.","Dealers will tighten the left and right front seat belt buckle attachment bolts, free of charge. Owner notification letters were mailed December 21, 2023. Owners may contact GMC customer service at 1-833-EVCHEVY (1-833-382-4389) (TTY 711 / 1-800-833-2438) /1-833-HUMMER-EV (1-833-486-6373) (TTY 711 / 1-800-833-2438). GM's number for this recall is N232419280.",False,False,YES (BEV named in campaign or BEV-only model query),https://api.nhtsa.gov/recalls/recallsByVehicle?make=CHEVROLET&model=SILVERADO+EV&modelYear=2024,https://www.nhtsa.gov/recalls?nhtsaId=23V786000,FACT,2026-09-27
2024,Chevrolet,Silverado EV,24V087000,2024-02-08,2024 Chevrolet Silverado EV,SEAT BELTS:REAR/OTHER,General Motors (GM) is recalling certain 2024 Chevrolet Silverado EV vehicles. An incorrect seat belt bezel on the second-row center seat belt may damage or tear the seat belt in the event of a crash.,"A torn or damaged seat belt may not properly restrain an occupant in a crash, increasing the risk of injury.","Do not allow passengers to sit in the second-row center seat until remedied. Dealers will replace the second-row center seat belt bezel, free of charge. Owner notification letters were mailed March 13, 2024. Owners may contact Chevrolet customer service at 1-800-222-1020. GM's number for this recall is N242430730.",False,False,YES (BEV named in campaign or BEV-only model query),https://api.nhtsa.gov/recalls/recallsByVehicle?make=CHEVROLET&model=SILVERADO+EV&modelYear=2024,https://www.nhtsa.gov/recalls?nhtsaId=24V087000,FACT,2026-09-27
2024,Chevrolet,Silverado EV,24V320000,2024-05-09,"2024 Cadillac Lyriq, Chevrolet Blazer EV, Chevrolet Silverado EV, GMC Hummer EV SUV, and GMC Sierra EV",ELECTRICAL SYSTEM:WIRING,"General Motors, LLC (GM) is recalling certain 2024 Cadillac Lyriq, Chevrolet Blazer EV, Chevrolet Silverado EV, GMC Hummer EV SUV, and GMC Sierra EV vehicles. The electric motors in the rear drive units may have insufficiently insulated wires that can contact each other, resulting in a loss of drive power.",A loss of drive power increases the risk of a crash.,"Dealers will replace the rear drive unit, free of charge. Owner notification letters were mailed May 16, 2024. Owners may contact Chevrolet customer service at 1-800-222-1020; Cadillac customer service at 1-800-458-8006; Hummer customer service at 1-800-732-5493; or GMC customer service at 1-800-462-8782. GM's number for this recall is N242447080.",False,False,YES (BEV named in campaign or BEV-only model query),https://api.nhtsa.gov/recalls/recallsByVehicle?make=CHEVROLET&model=SILVERADO+EV&modelYear=2024,https://www.nhtsa.gov/recalls?nhtsaId=24V320000,FACT,2026-09-27
2024,Chevrolet,Silverado EV,25V015000,2025-01-16,2024 Chevrolet Silverado EV and 2024-2025 GMC Sierra EV,SEAT BELTS:REAR/OTHER:ANCHORAGE,"General Motors, LLC (GM) is recalling certain 2024 Chevrolet Silverado EV and 2024-2025 GMC Sierra EV pickup trucks. The bolt that secures the rear center seat belt assembly to the seat structure may not have been properly tightened.","An improperly secured seat belt assembly may not restrain an occupant as intended, increasing the risk of injury in a crash.","GM will tighten the bolt that attaches the center seat belt assembly to the rear seat structure, free of charge. All affected vehicles are still in dealer inventory and, therefore, no owner letters will be mailed. Owners may contact GM customer service at 1-888-988-7267, or Chevrolet customer service at 1-800-222-1020. GM's number for this recall is N242489901.",False,False,YES (BEV named in campaign or BEV-only model query),https://api.nhtsa.gov/recalls/recallsByVehicle?make=CHEVROLET&model=SILVERADO+EV&modelYear=2024,https://www.nhtsa.gov/recalls?nhtsaId=25V015000,FACT,2026-09-27
2022,Ford,F-150 Lightning,22V453000,2022-06-24,2022 F-150 BEV,TIRES:PRESSURE MONITORING AND REGULATING SYSTEMS,"Ford Motor Company (Ford) is recalling certain 2022 F-150 BEV vehicles equipped with 20"" or 22"" all season tires. The tire pressure monitoring system (TPMS) light may not illuminate as intended, failing to warn the driver of low tire pressure. As such, these vehicles fail to comply with the requirements of Federal Motor Vehicle Safety Standard number 138, ""Tire Pressure Monitoring Systems.""","Low tire pressure can lead to poor vehicle handling and a loss of vehicle control, increasing the risk of a crash.","The body control module (BCM) software will be updated by a dealer, or through an over-the-air (OTA) update, free of charge. Owner notification letters were mailed July 20, 2022. Owners may contact Ford customer service at 1-866-436-7332. Ford's number for this recall is 22C15.",True,False,YES (BEV named in campaign or BEV-only model query),https://api.nhtsa.gov/recalls/recallsByVehicle?make=FORD&model=F-150+LIGHTNING+BEV&modelYear=2022,https://www.nhtsa.gov/recalls?nhtsaId=22V453000,FACT,2026-09-27
2022,Ford,F-150 Lightning,23V801000,2023-11-28,2022-2023 F-150 Lightning,ELECTRONIC STABILITY CONTROL (ESC),"Ford Motor Company (Ford) is recalling certain 2022-2023 F-150 Lightning vehicles. The SYNC software may fail to activate the electronic stability control (ESC) system at the beginning of each ignition cycle. As such, these vehicles fail to comply with the requirements of Federal Motor Vehicle Safety Standard number 126, ""Electronic Stability Control Systems.""","Failure to reset the ESC to active may result in the driver unknowingly operating the vehicle without electronic stability control, increasing the risk of a crash.","The Accessory Protocol Interface Module (APIM) software will be updated by a dealer or through an over-the-air (OTA) update, free of charge. Owner notification letters were mailed December 21, 2023. Owners may contact Ford customer service at 1-866-436-7332. Ford's number for this recall is 23C38.",True,False,YES (BEV named in campaign or BEV-only model query),https://api.nhtsa.gov/recalls/recallsByVehicle?make=FORD&model=F-150+LIGHTNING+BEV&modelYear=2022,https://www.nhtsa.gov/recalls?nhtsaId=23V801000,FACT,2026-09-27
2022,Ford,F-150 Lightning,23V418000,2023-06-09,2022-2023 F-150 BEV,EXTERIOR LIGHTING,"Ford Motor Company (Ford) is recalling certain 2022-2023 F-150 BEV vehicles. The rear lightbar may have microcracks in the outer lens that allows moisture to accumulate, which can result in inoperative or flickering reverse lights.","Inoperative or flickering reverse lights may not alert other driver's that the vehicle is reversing, increasing the risk of injury or crash.","Dealers will replace the rear lightbar, free of charge. Owner notification letters were mailed October 9, 2023. Owners may contact Ford customer service at 1-866-436-7332. Ford's number for this recall is 23S30.",False,False,YES (BEV named in campaign or BEV-only model query),https://api.nhtsa.gov/recalls/recallsByVehicle?make=FORD&model=F-150+LIGHTNING+BEV&modelYear=2022,https://www.nhtsa.gov/recalls?nhtsaId=23V418000,FACT,2026-09-27
2022,Ford,F-150 Lightning,25V131000,2025-02-28,2022-2024 F-150 Lightning,ELECTRICAL SYSTEM:PROPULSION SYSTEM:TRACTION BATTERY,Ford Motor Company (Ford) is recalling certain 2022-2024 F-150 Lightning battery electric vehicles. A manufacturing defect in the high voltage battery cells may result in an internal short circuit.,A battery short circuit increases the risk of a fire.,"Owners are advised to only charge their vehicles to a maximum of 80% battery capacity until the repair has been completed. Dealers will inspect and replace the high voltage battery array as necessary, free of charge. Owner notification letters were mailed June 27, 2025. Owners may contact Ford customer service at 1-866-436-7332. Ford's number for this recall is 25S18.",False,False,YES (BEV named in campaign or BEV-only model query),https://api.nhtsa.gov/recalls/recallsByVehicle?make=FORD&model=F-150+LIGHTNING+BEV&modelYear=2022,https://www.nhtsa.gov/recalls?nhtsaId=25V131000,FACT,2026-09-27
2022,Ford,F-150 Lightning,25V313000,2025-05-09,2022-2023 F-150 Lightning,ELECTRONIC STABILITY CONTROL (ESC),"Ford Motor Company (Ford) is recalling certain 2022-2023 F-150 Lightning vehicles previously repaired incorrectly under recall number 23V801. The SYNC software may fail to activate the electronic stability control (ESC) system at the beginning of each ignition cycle. As such, these vehicles fail to comply with the requirements of Federal Motor Vehicle Safety Standard number 126, ""Electronic Stability Control Systems.""","Failure to reset the ESC to active may result in the driver unknowingly operating the vehicle without electronic stability control, increasing the risk of a crash.","Dealers will update the Accessory Protocol Interface Module (APIM) software, free of charge. Owner notification letters were mailed June 18, 2025. Owners may contact Ford customer service at 1-866-436-7332. Ford's number for this recall is 25C15.",False,False,YES (BEV named in campaign or BEV-only model query),https://api.nhtsa.gov/recalls/recallsByVehicle?make=FORD&model=F-150+LIGHTNING+BEV&modelYear=2022,https://www.nhtsa.gov/recalls?nhtsaId=25V313000,FACT,2026-09-27
2022,Ford,F-150 Lightning,25V340000,2025-05-23,2022 F-150 Lightning BEV,TIRES:PRESSURE MONITORING AND REGULATING SYSTEMS,"Ford Motor Company (Ford) is recalling certain 2022 F-150 Lightning BEV vehicles equipped with 20"" or 22"" all season tires that were repaired incorrectly under recall 22V-453. The tire pressure monitoring system (TPMS) light may not illuminate as intended, failing to warn the driver of low tire pressure. As such, these vehicles fail to comply with the requirements of Federal Motor Vehicle Safety Standard number 138, ""Tire Pressure Monitoring Systems.""","Low tire pressure can lead to poor vehicle handling and a loss of vehicle control, increasing the risk of a crash.","Dealers will update the body control module (BCM) software, free of charge. Owner notification letters were mailed June 27, 2025. Owners may contact Ford customer service at 1-866-436-7332. Ford's number for this recall is 25C20.",False,False,YES (BEV named in campaign or BEV-only model query),https://api.nhtsa.gov/recalls/recallsByVehicle?make=FORD&model=F-150+LIGHTNING+BEV&modelYear=2022,https://www.nhtsa.gov/recalls?nhtsaId=25V340000,FACT,2026-09-27
2022,Ford,F-150 Lightning,25V731000,2025-10-24,2022-2023 F-150 Lightning BEV,EXTERIOR LIGHTING,"Ford Motor Company (Ford) is recalling certain 2022-2023 F-150 Lightning BEV vehicles previously repaired under recall number 23V418. The rear lightbar may have microcracks in the outer lens that allows moisture to accumulate, which can result in inoperative or flickering reverse lights.","Inoperative or flickering reverse lights may not alert other driver's that the vehicle is reversing, increasing the risk of injury or crash.","Dealers will inspect and replace the rear lightbar and fasteners as necessary, free of charge. Owner notification letters were mailed June 3, 2026. Owners may contact Ford customer service at 1-866-436-7332. Ford's number for this recall is 25SB6. Vehicle Identification Numbers (VINs) involved in this recall became searchable on NHTSA.gov on October 29, 2025.",False,False,YES (BEV named in campaign or BEV-only model query),https://api.nhtsa.gov/recalls/recallsByVehicle?make=FORD&model=F-150+LIGHTNING+BEV&modelYear=2022,https://www.nhtsa.gov/recalls?nhtsaId=25V731000,FACT,2026-09-27
2022,Ford,F-150 Lightning,25V272000,2025-04-23,2023 F-150 Lightning,ELECTRICAL SYSTEM:PROPULSION SYSTEM:TRACTION BATTERY,"Ford Motor Company (Ford) is recalling certain 2023 F-150 Lightning vehicles. The fasteners that secure the junction box bus bars inside the high-voltage battery pack may not have been tightened securely, which can cause electrical arcing at the busbars.","Electrical arcing increases the risk of a fire. In addition, a loss of drive power may occur, which can increase the risk of a crash.","Dealers will inspect and repair the busbar fasteners and replace any damaged components as necessary, free of charge. Owner notification letters were mailed on May 21, 2025. Owners may contact Ford Customer Service at 1-866-436-7332. Ford's number for this recall is 24S11. This recall expands previous recall number 24V-144.",False,False,YES (BEV named in campaign or BEV-only model query),https://api.nhtsa.gov/recalls/recallsByVehicle?make=FORD&model=F-150+LIGHTNING+BEV&modelYear=2022,https://www.nhtsa.gov/recalls?nhtsaId=25V272000,FACT,2026-09-27
2022,Ford,F-150 Lightning,25V863000,2025-12-12,"2022-2026 F-150 Lightning BEV, 2024-2026 Mustang Mach-E, and 2025-2026 Maverick",POWER TRAIN:AUTOMATIC TRANSMISSION:INTERNAL:PARK PAWL,"Ford Motor Company (Ford) is recalling certain 2022-2026 F-150 Lightning BEV, 2024-2026 Mustang Mach-E, and 2025-2026 Maverick vehicles. The integrated park module may fail to lock into the park position when the driver shifts into park. As such, these vehicles fail to comply with the requirements of Federal Motor Vehicle Safety Standard (FMVSS) number 114, ""Theft Protection and Rollaway Prevention.""","A loss of park function can allow the vehicle to rollaway, increasing the risk of a crash.","The park module software will be updated over-the-air (OTA) or by a dealer, free of charge. Owner notification letters were mailed February 3, 2026. Owners may contact Ford customer service at 1-866-436-7332. Ford's number for this recall is 25C69. Vehicle Identification Numbers (VINs) involved in this recall will be searchable on NHTSA.gov beginning January 26, 2026.",False,False,YES (BEV named in campaign or BEV-only model query),https://api.nhtsa.gov/recalls/recallsByVehicle?make=FORD&model=F-150+LIGHTNING+BEV&modelYear=2022,https://www.nhtsa.gov/recalls?nhtsaId=25V863000,FACT,2026-09-27
2023,Ford,F-150 Lightning,23V801000,2023-11-28,2022-2023 F-150 Lightning,ELECTRONIC STABILITY CONTROL (ESC),"Ford Motor Company (Ford) is recalling certain 2022-2023 F-150 Lightning vehicles. The SYNC software may fail to activate the electronic stability control (ESC) system at the beginning of each ignition cycle. As such, these vehicles fail to comply with the requirements of Federal Motor Vehicle Safety Standard number 126, ""Electronic Stability Control Systems.""","Failure to reset the ESC to active may result in the driver unknowingly operating the vehicle without electronic stability control, increasing the risk of a crash.","The Accessory Protocol Interface Module (APIM) software will be updated by a dealer or through an over-the-air (OTA) update, free of charge. Owner notification letters were mailed December 21, 2023. Owners may contact Ford customer service at 1-866-436-7332. Ford's number for this recall is 23C38.",True,False,YES (BEV named in campaign or BEV-only model query),https://api.nhtsa.gov/recalls/recallsByVehicle?make=FORD&model=F-150+LIGHTNING+BEV&modelYear=2023,https://www.nhtsa.gov/recalls?nhtsaId=23V801000,FACT,2026-09-27
2023,Ford,F-150 Lightning,23V418000,2023-06-09,2022-2023 F-150 BEV,EXTERIOR LIGHTING,"Ford Motor Company (Ford) is recalling certain 2022-2023 F-150 BEV vehicles. The rear lightbar may have microcracks in the outer lens that allows moisture to accumulate, which can result in inoperative or flickering reverse lights.","Inoperative or flickering reverse lights may not alert other driver's that the vehicle is reversing, increasing the risk of injury or crash.","Dealers will replace the rear lightbar, free of charge. Owner notification letters were mailed October 9, 2023. Owners may contact Ford customer service at 1-866-436-7332. Ford's number for this recall is 23S30.",False,False,YES (BEV named in campaign or BEV-only model query),https://api.nhtsa.gov/recalls/recallsByVehicle?make=FORD&model=F-150+LIGHTNING+BEV&modelYear=2023,https://www.nhtsa.gov/recalls?nhtsaId=23V418000,FACT,2026-09-27
2023,Ford,F-150 Lightning,25V131000,2025-02-28,2022-2024 F-150 Lightning,ELECTRICAL SYSTEM:PROPULSION SYSTEM:TRACTION BATTERY,Ford Motor Company (Ford) is recalling certain 2022-2024 F-150 Lightning battery electric vehicles. A manufacturing defect in the high voltage battery cells may result in an internal short circuit.,A battery short circuit increases the risk of a fire.,"Owners are advised to only charge their vehicles to a maximum of 80% battery capacity until the repair has been completed. Dealers will inspect and replace the high voltage battery array as necessary, free of charge. Owner notification letters were mailed June 27, 2025. Owners may contact Ford customer service at 1-866-436-7332. Ford's number for this recall is 25S18.",False,False,YES (BEV named in campaign or BEV-only model query),https://api.nhtsa.gov/recalls/recallsByVehicle?make=FORD&model=F-150+LIGHTNING+BEV&modelYear=2023,https://www.nhtsa.gov/recalls?nhtsaId=25V131000,FACT,2026-09-27
2023,Ford,F-150 Lightning,24V144000,2024-02-23,2023 F-150 Lightning,ELECTRICAL SYSTEM:PROPULSION SYSTEM:TRACTION BATTERY,"Ford Motor Company (Ford) is recalling certain 2023 F-150 Lightning vehicles. The fasteners that secure the junction box bus bars inside the high-voltage battery pack may not have been tightened securely, which can cause electrical arcing at the busbars.","Electrical arcing increases the risk of a fire. In addition, a loss of drive power may occur, which can increase the risk of a crash.","Dealers will inspect and repair the busbar fasteners and replace any damaged components as necessary, free of charge. Owner notification letters were mailed on May 31, 2024. Owners may contact Ford customer service at 1-866-436-7332. Ford's number for this recall is 24S11.",False,False,YES (BEV named in campaign or BEV-only model query),https://api.nhtsa.gov/recalls/recallsByVehicle?make=FORD&model=F-150+LIGHTNING+BEV&modelYear=2023,https://www.nhtsa.gov/recalls?nhtsaId=24V144000,FACT,2026-09-27
2023,Ford,F-150 Lightning,25V272000,2025-04-23,2023 F-150 Lightning,ELECTRICAL SYSTEM:PROPULSION SYSTEM:TRACTION BATTERY,"Ford Motor Company (Ford) is recalling certain 2023 F-150 Lightning vehicles. The fasteners that secure the junction box bus bars inside the high-voltage battery pack may not have been tightened securely, which can cause electrical arcing at the busbars.","Electrical arcing increases the risk of a fire. In addition, a loss of drive power may occur, which can increase the risk of a crash.","Dealers will inspect and repair the busbar fasteners and replace any damaged components as necessary, free of charge. Owner notification letters were mailed on May 21, 2025. Owners may contact Ford Customer Service at 1-866-436-7332. Ford's number for this recall is 24S11. This recall expands previous recall number 24V-144.",False,False,YES (BEV named in campaign or BEV-only model query),https://api.nhtsa.gov/recalls/recallsByVehicle?make=FORD&model=F-150+LIGHTNING+BEV&modelYear=2023,https://www.nhtsa.gov/recalls?nhtsaId=25V272000,FACT,2026-09-27
2023,Ford,F-150 Lightning,25V313000,2025-05-09,2022-2023 F-150 Lightning,ELECTRONIC STABILITY CONTROL (ESC),"Ford Motor Company (Ford) is recalling certain 2022-2023 F-150 Lightning vehicles previously repaired incorrectly under recall number 23V801. The SYNC software may fail to activate the electronic stability control (ESC) system at the beginning of each ignition cycle. As such, these vehicles fail to comply with the requirements of Federal Motor Vehicle Safety Standard number 126, ""Electronic Stability Control Systems.""","Failure to reset the ESC to active may result in the driver unknowingly operating the vehicle without electronic stability control, increasing the risk of a crash.","Dealers will update the Accessory Protocol Interface Module (APIM) software, free of charge. Owner notification letters were mailed June 18, 2025. Owners may contact Ford customer service at 1-866-436-7332. Ford's number for this recall is 25C15.",False,False,YES (BEV named in campaign or BEV-only model query),https://api.nhtsa.gov/recalls/recallsByVehicle?make=FORD&model=F-150+LIGHTNING+BEV&modelYear=2023,https://www.nhtsa.gov/recalls?nhtsaId=25V313000,FACT,2026-09-27
2023,Ford,F-150 Lightning,24V949000,2024-12-19,2023-2024 F-150 Lightning BEV,SUSPENSION:FRONT:CONTROL ARM:UPPER BALL JOINT,"Ford Motor Company (Ford) is recalling certain 2023-2024 F-150 Lightning BEV vehicles. The front upper control arm ball joint nut may not have been tightened properly, allowing the front upper control arm to detach from the knuckle assembly.","A detached control arm can cause a loss of vehicle steering and control, increasing the risk of a crash.","Dealers will inspect the upper control arm ball joint nut, and replace the nut and/or knuckle assembly, as necessary, free of charge. Owner notification letters were mailed February 10, 2025. Owners may contact Ford customer service at 1-866-436-7332. Ford's number for this recall is 24S76.",False,False,YES (BEV named in campaign or BEV-only model query),https://api.nhtsa.gov/recalls/recallsByVehicle?make=FORD&model=F-150+LIGHTNING+BEV&modelYear=2023,https://www.nhtsa.gov/recalls?nhtsaId=24V949000,FACT,2026-09-27
2023,Ford,F-150 Lightning,25V731000,2025-10-24,2022-2023 F-150 Lightning BEV,EXTERIOR LIGHTING,"Ford Motor Company (Ford) is recalling certain 2022-2023 F-150 Lightning BEV vehicles previously repaired under recall number 23V418. The rear lightbar may have microcracks in the outer lens that allows moisture to accumulate, which can result in inoperative or flickering reverse lights.","Inoperative or flickering reverse lights may not alert other driver's that the vehicle is reversing, increasing the risk of injury or crash.","Dealers will inspect and replace the rear lightbar and fasteners as necessary, free of charge. Owner notification letters were mailed June 3, 2026. Owners may contact Ford customer service at 1-866-436-7332. Ford's number for this recall is 25SB6. Vehicle Identification Numbers (VINs) involved in this recall became searchable on NHTSA.gov on October 29, 2025.",False,False,YES (BEV named in campaign or BEV-only model query),https://api.nhtsa.gov/recalls/recallsByVehicle?make=FORD&model=F-150+LIGHTNING+BEV&modelYear=2023,https://www.nhtsa.gov/recalls?nhtsaId=25V731000,FACT,2026-09-27
2023,Ford,F-150 Lightning,25V863000,2025-12-12,"2022-2026 F-150 Lightning BEV, 2024-2026 Mustang Mach-E, and 2025-2026 Maverick",POWER TRAIN:AUTOMATIC TRANSMISSION:INTERNAL:PARK PAWL,"Ford Motor Company (Ford) is recalling certain 2022-2026 F-150 Lightning BEV, 2024-2026 Mustang Mach-E, and 2025-2026 Maverick vehicles. The integrated park module may fail to lock into the park position when the driver shifts into park. As such, these vehicles fail to comply with the requirements of Federal Motor Vehicle Safety Standard (FMVSS) number 114, ""Theft Protection and Rollaway Prevention.""","A loss of park function can allow the vehicle to rollaway, increasing the risk of a crash.","The park module software will be updated over-the-air (OTA) or by a dealer, free of charge. Owner notification letters were mailed February 3, 2026. Owners may contact Ford customer service at 1-866-436-7332. Ford's number for this recall is 25C69. Vehicle Identification Numbers (VINs) involved in this recall will be searchable on NHTSA.gov beginning January 26, 2026.",False,False,YES (BEV named in campaign or BEV-only model query),https://api.nhtsa.gov/recalls/recallsByVehicle?make=FORD&model=F-150+LIGHTNING+BEV&modelYear=2023,https://www.nhtsa.gov/recalls?nhtsaId=25V863000,FACT,2026-09-27
2023,Ford,F-150 Lightning,23V168000,2023-03-15,2023 F-150 Lightning,ELECTRICAL SYSTEM:PROPULSION SYSTEM:TRACTION BATTERY,Ford Motor Company (Ford) is recalling certain 2023 F-150 Lightning pickup trucks. The high-voltage battery pack may experience an electrical short-circuit when the battery is fully charged or near fully charged.,A battery short-circuit increases the risk of a fire.,"Dealers will replace the high-voltage battery pack, free of charge. Owner notification letters were mailed March 31, 2023. Owners may contact Ford customer service at 1-866-436-7332. Ford's number for this recall is 23S15.",False,False,YES (BEV named in campaign or BEV-only model query),https://api.nhtsa.gov/recalls/recallsByVehicle?make=FORD&model=F-150+LIGHTNING&modelYear=2023,https://www.nhtsa.gov/recalls?nhtsaId=23V168000,FACT,2026-09-27
2023,Ford,F-150 Lightning,23V688000,2023-10-13,2023 F-150 Lightning,VISIBILITY:DEFROSTER/DEFOGGER/HVAC SYSTEM:WINDSHIELD:ELECTRICAL HEATING ELEMENT,"Ford Motor Company (Ford) is recalling certain 2023 F-150 Lightning pickup trucks. The electronic cabin coolant heater module may be missing a solder joint, which can cause intermittent or no cabin heat and result in an inoperative windshield defrosting and defogging system. As such, these vehicles fail to comply with the requirements of Federal Motor Vehicle Safety Standard number 103, ""Windshield Defrosting and Defogging Systems.""","An inoperative windshield defrosting and defogging system may decrease the driver's visibility, increasing the risk of a crash.","Dealers will replace the electronic cabin coolant heater, free of charge. Owner notification letters were mailed January 3, 2024. Owners may contact Ford customer service at 1-866-436-7332. Ford's number for this recall is 23C32.",False,False,YES (BEV named in campaign or BEV-only model query),https://api.nhtsa.gov/recalls/recallsByVehicle?make=FORD&model=F-150+LIGHTNING&modelYear=2023,https://www.nhtsa.gov/recalls?nhtsaId=23V688000,FACT,2026-09-27
2023,Ram,ProMaster EV,NONE_RETURNED,,,,NHTSA recallsByVehicle returned 0 results for all model-name variants queried: https://api.nhtsa.gov/recalls/recallsByVehicle?make=RAM&model=PROMASTER+BEV&modelYear=2023,,,,,n/a,https://api.nhtsa.gov/recalls/recallsByVehicle?make=RAM&model=PROMASTER+BEV&modelYear=2023,,FACT (API returned 0) / UNKNOWN (naming variants may miss campaigns),2026-09-27
2024,Ram,ProMaster EV,24V715000,2024-09-26,2024 Ram Promaster Battery Electric (BEV),ELECTRICAL SYSTEM:PROPULSION SYSTEM:TRACTION MOTOR:CONTROLLER:SOFTWARE,"Chrysler (FCA US, LLC) is recalling certain 2024 Ram Promaster Battery Electric (BEV) vehicles. Incorrect software in the motor control processor module (MCPA) may cause a loss of drive power.",A loss of drive power can increase the risk of a crash.,"Dealers will update the MCPA software, free of charge. Owner notification letters were mailed October 31, 2024. Owners may contact Chrysler customer service at 1-800-853-1403. Chrysler's number for this recall is 99B.",False,False,YES (BEV named in campaign or BEV-only model query),https://api.nhtsa.gov/recalls/recallsByVehicle?make=RAM&model=PROMASTER+BEV&modelYear=2024,https://www.nhtsa.gov/recalls?nhtsaId=24V715000,FACT,2026-09-27
2024,Ram,ProMaster EV,24V416000,2024-06-06,2021-2024 Ram Promaster,STRUCTURE:BODY:DOOR,"Chrysler (FCA US, LLC) is recalling certain 2021-2024 Ram Promaster vehicles. The vehicles are missing a side door beam, and the tire placard contains incorrect seating capacity information. As such, these vehicles fail to comply with the requirements of Federal Motor Vehicle Safety Standard numbers 214, ""Side Impact Protection"" and 110, ""Tire Selection and Rims.""","A missing side door beam may not provide adequate occupant protection in a crash, increasing the risk of injury. Incorrect seating capacity information can result in an improperly loaded vehicle, increasing the risk of injury in a crash.","Dealers will install a door beam and apply an overlay label, free of charge. Owner notification letters were mailed August 1, 2024. Owners may contact FCA US, LLC customer service at 1-800-853-1403. FCA US, LLC's number for this recall is 53B.",False,False,UNCONFIRMED (generic PROMASTER query; summary does not name BEV),https://api.nhtsa.gov/recalls/recallsByVehicle?make=RAM&model=PROMASTER&modelYear=2024,https://www.nhtsa.gov/recalls?nhtsaId=24V416000,FACT,2026-09-27
2024,Ram,ProMaster EV,25V330000,2025-05-21,2022-2025 Ram ProMaster,BACK OVER PREVENTION: SENSING SYSTEM: CAMERA,"Chrysler (FCA US, LLC) is recalling certain 2022-2025 Ram ProMaster vehicles. A software error in the security gateway module may cause the rearview camera image not to display. As such, these vehicles fail to comply with the requirements of Federal Motor Vehicle Safety Standard (FMVSS) number 111, ""Rear Visibility.""","A rearview image that does not display reduces the driver's view of what is behind the vehicle, increasing the risk of a crash.","Dealers will update the security gateway module software, free of charge. Owner notification letters were mailed June 12, 2025. Owners may contact Chrysler customer service at 800-853-1403. Chrysler's number for this recall is 40C.",False,False,UNCONFIRMED (generic PROMASTER query; summary does not name BEV),https://api.nhtsa.gov/recalls/recallsByVehicle?make=RAM&model=PROMASTER&modelYear=2024,https://www.nhtsa.gov/recalls?nhtsaId=25V330000,FACT,2026-09-27
2024,Ram,ProMaster EV,25V665000,2025-10-06,2024-2025 Ram ProMaster,ELECTRICAL SYSTEM:PROPULSION SYSTEM:TRACTION MOTOR:CONTROLLER:SOFTWARE,"Chrysler (FCA US, LLC) is recalling certain 2024-2025 Ram ProMaster battery electric (BEV) vehicles. The electric drive module software may not effectively manage torque, which can result in a loss of drive power.",A loss of drive power increases the risk of a crash.,"Dealers will update the software for the motor control processor, battery processor control module, integrated dual charge module, and electric vehicle control unit. Additionally, dealers will inspect and replace the electric drive module, as necessary. All repairs will be performed free of charge. Owner notification letters were mailed October 30, 2025. Owners may contact Chrysler customer servic",False,False,YES (summary names BEV),https://api.nhtsa.gov/recalls/recallsByVehicle?make=RAM&model=PROMASTER&modelYear=2024,https://www.nhtsa.gov/recalls?nhtsaId=25V665000,FACT,2026-09-27
2024,Ram,ProMaster EV,25V720000,2025-10-23,2018-2026 Ram ProMaster,ENGINE AND ENGINE COOLING:COOLING SYSTEM:RADIATOR ASSEMBLY,"Chrysler (FCA US, LLC) is recalling certain 2018-2026 Ram ProMaster vehicles. The electrical circuit for the radiator fan may overheat.",Electrical circuits that overheat increase the risk of a fire.,"Dealers will replace the cooling fan module and fuse. In addition dealers will provide an addendum for the manual and label for the power distribution center. Some interim notification letters, notifying owners of the safety risk, were mailed December 11, 2025. Some owner notification letters were mailed beginning December 11, 2025. Additional owner notification letters were mailed in January, Mar",False,False,UNCONFIRMED (generic PROMASTER query; summary does not name BEV),https://api.nhtsa.gov/recalls/recallsByVehicle?make=RAM&model=PROMASTER&modelYear=2024,https://www.nhtsa.gov/recalls?nhtsaId=25V720000,FACT,2026-09-27
2024,Ram,ProMaster EV,25V876000,2025-12-17,"GMC Yukon, Sierra, Chevrolet Express 2500, Ford Transit, E-250, Toyota Sienna, Sienna Hybrid, Honda Odyssey, Chrysler Town and Country, Voyager, Pacifica, Dodge Grand Caravan, and Ram Promaster",EQUIPMENT ADAPTIVE/MOBILITY:WHEELCHAIR RESTRAINTS/SECUREMENT:LATCH/ANCHOR:,"Rollx Vans (Rollx) is recalling certain GMC Yukon, Sierra, Chevrolet Express 2500, Ford Transit, E-250, Toyota Sienna, Sienna Hybrid, Honda Odyssey, Chrysler Town and Country, Voyager, Pacifica, Dodge Grand Caravan, and Ram Promaster vehicles equipped with QRT-Deluxe and QRT-Max wheelchair restraints. Please refer to Rollx's recall report for specific model year information. The retractors may not lock, preventing the wheelchair from being properly secured.","An unsecured wheelchair can move during transit, increasing the risk of injury.","Rollx will work with Q'Straint to inspect and replace the retractors as necessary, free of charge. Owner notification letters were mailed February 5, 2026. Owners may contact Rollx's customer service at 1-800-956-6668.",False,False,UNCONFIRMED (generic PROMASTER query; summary does not name BEV),https://api.nhtsa.gov/recalls/recallsByVehicle?make=RAM&model=PROMASTER&modelYear=2024,https://www.nhtsa.gov/recalls?nhtsaId=25V876000,FACT,2026-09-27
2026,GMC,Sierra EV,25V594000,2025-09-11,2026 Chevrolet Silverado EV and GMC Sierra EV,ELECTRONIC STABILITY CONTROL (ESC):CONTROL MODULE:SOFTWARE,"General Motors, LLC (GM) is recalling certain 2026 Chevrolet Silverado EV and GMC Sierra EV electric vehicles. After experiencing an electronic stability control (ESC) system malfunction, the ESC malfunction warning light may not illuminate on the next key cycle. As such, these vehicles fail to comply with the requirements of Federal Motor Vehicle Safety Standard number 126, ""Electronic Stability Control Systems.""","An indicator light that does not illuminate may fail to warn the driver of an ESC system issue, increasing the risk of a crash.","The EBCM software will be updated by a dealer, or through an over-the-air (OTA) software update, free of charge. Owner notification letters were mailed October 15, 2025. Owners may contact Chevrolet customer service at 1-800-222-1020, or GMC customer service at 1-800-462-8782. GM's number for this recall is N252515340.",False,False,YES (BEV named in campaign or BEV-only model query),https://api.nhtsa.gov/recalls/recallsByVehicle?make=GMC&model=SIERRA+EV&modelYear=2026,https://www.nhtsa.gov/recalls?nhtsaId=25V594000,FACT,2026-09-27
2026,GMC,Sierra EV,26V114000,2026-02-26,"2027 Chevrolet Bolt EV, 2025-2026 Cadillac OPTIQ, Chevrolet Colorado, Equinox EV, GMC Canyon, 2026 Buick Enclave, Envision, Cadillac CT5, Escalade, Escalade ESV, Escalade IQ, Escalade IQL, LYRIQ, VISTIQ, Chevrolet Blazer EV, Corvette Convertible, Corvette Coupe, Corvette Convertible E-Ray, Equinox, Silverado 1500, 2500, 3500, Silverado EV, Suburban 1500, Tahoe, Traverse, GMC Acadia, Hummer EV Pickup, Hummer EV SUV, Sierra 1500, 2500, 3500, Sierra EV, Terrain, Yukon, and Yukon XL",EQUIPMENT:OTHER:OWNERS/SERVICE/OTHER MANUAL,"General Motors has decided that certain 2027 Chevrolet Bolt EV, 2025-2026 Cadillac OPTIQ, Chevrolet Colorado, Equinox EV, GMC Canyon, 2026 Buick Enclave, Envision, Cadillac CT5, Escalade, Escalade ESV, Escalade IQ, Escalade IQL, LYRIQ, VISTIQ, Chevrolet Blazer EV, Corvette Convertible, Corvette Coupe, Corvette Convertible E-Ray, Equinox, Silverado 1500, 2500, 3500, Silverado EV, Suburban 1500, Tahoe, Traverse, GMC Acadia, Hummer EV Pickup, Hummer EV SUV, Sierra 1500, 2500, 3500, Sierra EV, Terrain, Yukon, and Yukon XL vehicles. The radio may not have been set to the correct status to download the electronic owner's manual during production. As such, these vehicles fail to comply with the requirements of Federal Motor Vehicle Safety Standard number 208, “Occupant Protection.”","Without an owner's manual to consult, owners may not know how to safely use and operate the vehicle, increasing the risk of injury in a crash.","Dealers will reset the vehicle radio, which will facilitate automatic download of the electronic owner’s manual, free of charge. Owner notification letters were mailed April 16, 2026. Owners may contact GM customer service at 1-866-467-9700, Chevrolet customer service at 1-800-222-1020 or Cadillac customer service at 1-800-333-4223. The manufacturer's number for this recall is N252540430. Vehicle ",False,False,YES (BEV named in campaign or BEV-only model query),https://api.nhtsa.gov/recalls/recallsByVehicle?make=GMC&model=SIERRA+EV&modelYear=2026,https://www.nhtsa.gov/recalls?nhtsaId=26V114000,FACT,2026-09-27
2026,GMC,Sierra EV,26V494000,2026-07-30,"2026 Cadillac Escalade IQ, Escalade IQL, GMC Sierra EV, Chevrolet Silverado EV, and 2022 GMC Hummer EV Pickup",ELECTRICAL SYSTEM:PROPULSION SYSTEM:TRACTION BATTERY,"General Motors, LLC is recalling certain 2026 Cadillac Escalade IQ, Escalade IQL, GMC Sierra EV, Chevrolet Silverado EV, and 2022 GMC Hummer EV Pickup vehicles. The high voltage battery may have an improperly secured internal module component.","A loose component may move and damage the high voltage battery, increasing the risk of a fire.","Dealers will replace the high voltage battery, free of charge. Owner notification letters were mailed August 24, 2026. Owners may contact Cadillac customer service at 1-800-333-4223, GMC customer service at 1-800-462-8782, and Chevrolet customer service at 1-800-222-1020. GM's number for this recall is N262562600. Vehicle Identification Numbers (VINs) involved in this recall became searchable on N",False,False,YES (BEV named in campaign or BEV-only model query),https://api.nhtsa.gov/recalls/recallsByVehicle?make=GMC&model=SIERRA+EV&modelYear=2026,https://www.nhtsa.gov/recalls?nhtsaId=26V494000,FACT,2026-09-27
2026,GMC,Sierra EV,26V496000,2026-07-30,2026 Chevrolet Silverado EV and GMC Sierra EV,WHEELS,"General Motors, LLC (GM) is recalling certain 2026 Chevrolet Silverado EV and GMC Sierra EV vehicles. A manufacturing defect may result in the steel wheels cracking at the disc vent holes.","A cracked wheel may lead to disc separation and a loss of control, increasing the risk of a crash.","Dealers will inspect and replace the wheels as necessary, free of charge. Owner notification letters were mailed September 23, 2026. Owners may contact GMC customer service at 1-800-462-8782 and Chevrolet customer service at 1-800-222-1020. GM's number for this recall is N262556920. Vehicle Identification Numbers (VINs) involved in this recall became searchable on NHTSA.gov on July 30, 2026.",False,False,YES (BEV named in campaign or BEV-only model query),https://api.nhtsa.gov/recalls/recallsByVehicle?make=GMC&model=SIERRA+EV&modelYear=2026,https://www.nhtsa.gov/recalls?nhtsaId=26V496000,FACT,2026-09-27
2025,Chevrolet,BrightDrop 600,NONE_RETURNED,,,,NHTSA recallsByVehicle returned 0 results for all model-name variants queried: https://api.nhtsa.gov/recalls/recallsByVehicle?make=CHEVROLET&model=BRIGHTDROP&modelYear=2025 | https://api.nhtsa.gov/recalls/recallsByVehicle?make=CHEVROLET&model=BRIGHTDROP+600&modelYear=2025 | https://api.nhtsa.gov/recalls/recallsByVehicle?make=BRIGHTDROP&model=ZEVO+600&modelYear=2025,,,,,n/a,https://api.nhtsa.gov/recalls/recallsByVehicle?make=CHEVROLET&model=BRIGHTDROP&modelYear=2025,,FACT (API returned 0) / UNKNOWN (naming variants may miss campaigns),2026-09-27
2026,Chevrolet,Silverado EV,25V594000,2025-09-11,2026 Chevrolet Silverado EV and GMC Sierra EV,ELECTRONIC STABILITY CONTROL (ESC):CONTROL MODULE:SOFTWARE,"General Motors, LLC (GM) is recalling certain 2026 Chevrolet Silverado EV and GMC Sierra EV electric vehicles. After experiencing an electronic stability control (ESC) system malfunction, the ESC malfunction warning light may not illuminate on the next key cycle. As such, these vehicles fail to comply with the requirements of Federal Motor Vehicle Safety Standard number 126, ""Electronic Stability Control Systems.""","An indicator light that does not illuminate may fail to warn the driver of an ESC system issue, increasing the risk of a crash.","The EBCM software will be updated by a dealer, or through an over-the-air (OTA) software update, free of charge. Owner notification letters were mailed October 15, 2025. Owners may contact Chevrolet customer service at 1-800-222-1020, or GMC customer service at 1-800-462-8782. GM's number for this recall is N252515340.",False,False,YES (BEV named in campaign or BEV-only model query),https://api.nhtsa.gov/recalls/recallsByVehicle?make=CHEVROLET&model=SILVERADO+EV&modelYear=2026,https://www.nhtsa.gov/recalls?nhtsaId=25V594000,FACT,2026-09-27
2026,Chevrolet,Silverado EV,26V114000,2026-02-26,"2027 Chevrolet Bolt EV, 2025-2026 Cadillac OPTIQ, Chevrolet Colorado, Equinox EV, GMC Canyon, 2026 Buick Enclave, Envision, Cadillac CT5, Escalade, Escalade ESV, Escalade IQ, Escalade IQL, LYRIQ, VISTIQ, Chevrolet Blazer EV, Corvette Convertible, Corvette Coupe, Corvette Convertible E-Ray, Equinox, Silverado 1500, 2500, 3500, Silverado EV, Suburban 1500, Tahoe, Traverse, GMC Acadia, Hummer EV Pickup, Hummer EV SUV, Sierra 1500, 2500, 3500, Sierra EV, Terrain, Yukon, and Yukon XL",EQUIPMENT:OTHER:OWNERS/SERVICE/OTHER MANUAL,"General Motors has decided that certain 2027 Chevrolet Bolt EV, 2025-2026 Cadillac OPTIQ, Chevrolet Colorado, Equinox EV, GMC Canyon, 2026 Buick Enclave, Envision, Cadillac CT5, Escalade, Escalade ESV, Escalade IQ, Escalade IQL, LYRIQ, VISTIQ, Chevrolet Blazer EV, Corvette Convertible, Corvette Coupe, Corvette Convertible E-Ray, Equinox, Silverado 1500, 2500, 3500, Silverado EV, Suburban 1500, Tahoe, Traverse, GMC Acadia, Hummer EV Pickup, Hummer EV SUV, Sierra 1500, 2500, 3500, Sierra EV, Terrain, Yukon, and Yukon XL vehicles. The radio may not have been set to the correct status to download the electronic owner's manual during production. As such, these vehicles fail to comply with the requirements of Federal Motor Vehicle Safety Standard number 208, “Occupant Protection.”","Without an owner's manual to consult, owners may not know how to safely use and operate the vehicle, increasing the risk of injury in a crash.","Dealers will reset the vehicle radio, which will facilitate automatic download of the electronic owner’s manual, free of charge. Owner notification letters were mailed April 16, 2026. Owners may contact GM customer service at 1-866-467-9700, Chevrolet customer service at 1-800-222-1020 or Cadillac customer service at 1-800-333-4223. The manufacturer's number for this recall is N252540430. Vehicle ",False,False,YES (BEV named in campaign or BEV-only model query),https://api.nhtsa.gov/recalls/recallsByVehicle?make=CHEVROLET&model=SILVERADO+EV&modelYear=2026,https://www.nhtsa.gov/recalls?nhtsaId=26V114000,FACT,2026-09-27
2026,Chevrolet,Silverado EV,26V494000,2026-07-30,"2026 Cadillac Escalade IQ, Escalade IQL, GMC Sierra EV, Chevrolet Silverado EV, and 2022 GMC Hummer EV Pickup",ELECTRICAL SYSTEM:PROPULSION SYSTEM:TRACTION BATTERY,"General Motors, LLC is recalling certain 2026 Cadillac Escalade IQ, Escalade IQL, GMC Sierra EV, Chevrolet Silverado EV, and 2022 GMC Hummer EV Pickup vehicles. The high voltage battery may have an improperly secured internal module component.","A loose component may move and damage the high voltage battery, increasing the risk of a fire.","Dealers will replace the high voltage battery, free of charge. Owner notification letters were mailed August 24, 2026. Owners may contact Cadillac customer service at 1-800-333-4223, GMC customer service at 1-800-462-8782, and Chevrolet customer service at 1-800-222-1020. GM's number for this recall is N262562600. Vehicle Identification Numbers (VINs) involved in this recall became searchable on N",False,False,YES (BEV named in campaign or BEV-only model query),https://api.nhtsa.gov/recalls/recallsByVehicle?make=CHEVROLET&model=SILVERADO+EV&modelYear=2026,https://www.nhtsa.gov/recalls?nhtsaId=26V494000,FACT,2026-09-27
2026,Chevrolet,Silverado EV,26V496000,2026-07-30,2026 Chevrolet Silverado EV and GMC Sierra EV,WHEELS,"General Motors, LLC (GM) is recalling certain 2026 Chevrolet Silverado EV and GMC Sierra EV vehicles. A manufacturing defect may result in the steel wheels cracking at the disc vent holes.","A cracked wheel may lead to disc separation and a loss of control, increasing the risk of a crash.","Dealers will inspect and replace the wheels as necessary, free of charge. Owner notification letters were mailed September 23, 2026. Owners may contact GMC customer service at 1-800-462-8782 and Chevrolet customer service at 1-800-222-1020. GM's number for this recall is N262556920. Vehicle Identification Numbers (VINs) involved in this recall became searchable on NHTSA.gov on July 30, 2026.",False,False,YES (BEV named in campaign or BEV-only model query),https://api.nhtsa.gov/recalls/recallsByVehicle?make=CHEVROLET&model=SILVERADO+EV&modelYear=2026,https://www.nhtsa.gov/recalls?nhtsaId=26V496000,FACT,2026-09-27
2024,Tesla,Cybertruck,24V051000,2024-01-30,"2012-2023 Model S, 2016-2024 Model X, 2017-2023 Model 3, 2019-2024 Model Y, and 2024 Cybertruck",ELECTRICAL SYSTEM: INSTRUMENT CLUSTER/PANEL,"Tesla, Inc. (Tesla) is recalling certain 2012-2023 Model S, 2016-2024 Model X, 2017-2023 Model 3, 2019-2024 Model Y, and 2024 Cybertruck vehicles. An incorrect font size is displayed on the instrument panel for the Brake, Park, and Antilock Brake System (ABS) warning lights. As such, these vehicles fail to comply with the requirements of Federal Motor Vehicle Safety Standard number 105, ""Hydraulic and Electric Brake Systems"" and 135, ""Light Vehicle Brake Systems.""","Warning lights with a smaller font size can make critical safety information on the instrument panel difficult to read, increasing the risk of a crash.","Tesla began releasing an over-the-air (OTA) software update, free of charge. Owners may contact Tesla customer service at 1-877-798-3752. Tesla's number for this recall is SB-24-00-003.",True,False,YES (BEV named in campaign or BEV-only model query),https://api.nhtsa.gov/recalls/recallsByVehicle?make=TESLA&model=CYBERTRUCK&modelYear=2024,https://www.nhtsa.gov/recalls?nhtsaId=24V051000,FACT,2026-09-27
2024,Tesla,Cybertruck,24V276000,2024-04-17,2024 Cybertruck,VEHICLE SPEED CONTROL:ACCELERATOR PEDAL,"Tesla, Inc. (Tesla) is recalling certain 2024 Cybertruck vehicles. The accelerator pedal pad may dislodge and cause the pedal to become trapped by the interior trim.","A trapped accelerator pedal can cause the vehicle to accelerate unintentionally, increasing the risk of a crash.","Tesla service will replace or repair the accelerator pedal assembly, free of charge. Owner notification letters were mailed June 18, 2024. Owners may contact Tesla customer service at 1-877-798-3752. Tesla's number for this recall is SB-24-33-003.",False,False,YES (BEV named in campaign or BEV-only model query),https://api.nhtsa.gov/recalls/recallsByVehicle?make=TESLA&model=CYBERTRUCK&modelYear=2024,https://www.nhtsa.gov/recalls?nhtsaId=24V276000,FACT,2026-09-27
2024,Tesla,Cybertruck,24V457000,2024-06-19,2024 Cybertruck,STRUCTURE:BODY,"Tesla, Inc. (Tesla) is recalling certain 2024 Cybertruck vehicles. The trunk bed trim sail applique could have been improperly adhered and can loosen.","A loose applique can detach from the vehicle, creating a road hazard for following motorists and increasing the risk of a crash.","Tesla service will apply adhesion promoter and pressure sensitive tape or replace missing applique as necessary, free of charge. Owner notification letters were mailed August 18, 2024. Owners may contact Tesla customer service at 1-877-798-3752. Tesla's number for this recall is SB-24-12-006.",False,False,YES (BEV named in campaign or BEV-only model query),https://api.nhtsa.gov/recalls/recallsByVehicle?make=TESLA&model=CYBERTRUCK&modelYear=2024,https://www.nhtsa.gov/recalls?nhtsaId=24V457000,FACT,2026-09-27
2024,Tesla,Cybertruck,24V456000,2024-06-19,2024 Cybertruck,VISIBILITY:WINDSHIELD WIPER/WASHER:MOTOR,"Tesla, Inc. (Tesla) is recalling certain 2024 Cybertruck vehicles. Excessive electrical current can cause the front windshield wiper motor controller to fail.","Windshield wiper failure can reduce visibility, increasing the risk of a crash.","Tesla service will replace the wiper motor, free of charge. Owner notification letters were mailed October 1, 2024. Owners may contact Tesla customer service at 1-877-798-3752. Tesla's number for this recall is SB-24-17-006.",False,False,YES (BEV named in campaign or BEV-only model query),https://api.nhtsa.gov/recalls/recallsByVehicle?make=TESLA&model=CYBERTRUCK&modelYear=2024,https://www.nhtsa.gov/recalls?nhtsaId=24V456000,FACT,2026-09-27
2024,Tesla,Cybertruck,24V718000,2024-09-26,2024 Cybertruck,BACK OVER PREVENTION:SOFTWARE,"Tesla, Inc. (Tesla) is recalling certain 2024 Cybertruck vehicles. The rearview camera image may be delayed after shifting into reverse. As such, these vehicles fail to comply with the requirements of Federal Motor Vehicle Safety Standard (FMVSS) number 111, ""Rear Visibility.""","A delayed rearview image reduces the driver's view of what is behind the vehicle, increasing the risk of a crash.","Tesla released an over-the-air (OTA) software update, free of charge. Owner notification letters were mailed November 25, 2024. Owners may contact Tesla customer service at 1-877-798-3752. Tesla's number for this recall is SB-24-00-016.",True,False,YES (BEV named in campaign or BEV-only model query),https://api.nhtsa.gov/recalls/recallsByVehicle?make=TESLA&model=CYBERTRUCK&modelYear=2024,https://www.nhtsa.gov/recalls?nhtsaId=24V718000,FACT,2026-09-27
2024,Tesla,Cybertruck,24V832000,2024-11-05,2024 Cybertruck,ELECTRICAL SYSTEM:PROPULSION SYSTEM:INVERTER,"Tesla, Inc. (Tesla) is recalling certain 2024 Cybertruck vehicles. A fault in the drive inverter may cause a loss of drive power to the wheels.",A loss of drive power can increase the risk of a crash.,"Tesla service will replace the drive inverter, free of charge. Owner notification letters were mailed January 4, 2025. Owners may contact Tesla customer service at 1-877-798-3752. Tesla's number for this recall is SB-24-40-009.",False,False,YES (BEV named in campaign or BEV-only model query),https://api.nhtsa.gov/recalls/recallsByVehicle?make=TESLA&model=CYBERTRUCK&modelYear=2024,https://www.nhtsa.gov/recalls?nhtsaId=24V832000,FACT,2026-09-27
2024,Tesla,Cybertruck,24V935000,2024-12-17,"2024 Cybertruck, 2017-2025 Model 3, and 2020-2025 Model Y",TIRES:PRESSURE MONITORING AND REGULATING SYSTEMS,"Tesla, Inc. (Tesla) is recalling certain 2024 Cybertruck, 2017-2025 Model 3, and 2020-2025 Model Y vehicles. The tire pressure monitoring system (TPMS) warning light may not remain illuminated between drive cycles, failing to warn the driver of low tire pressure. As such, these vehicles fail to comply with the requirements of Federal Motor Vehicle Safety Standard number 138, ""Tire Pressure Monitoring Systems.""",Driving with improperly inflated tires increases the risk of a crash.,"Tesla released an over-the-air (OTA) software update, free of charge. Owner notification letters were mailed February 15, 2025. Owners may contact Tesla customer service at 1-877-798-3752. Tesla's number for this recall is SB-24-00-018.",True,False,YES (BEV named in campaign or BEV-only model query),https://api.nhtsa.gov/recalls/recallsByVehicle?make=TESLA&model=CYBERTRUCK&modelYear=2024,https://www.nhtsa.gov/recalls?nhtsaId=24V935000,FACT,2026-09-27
2024,Tesla,Cybertruck,25V170000,2025-03-18,2024-2025 Cybertruck,STRUCTURE:BODY,"Tesla, Inc. (Tesla) is recalling certain 2024-2025 Cybertruck vehicles. The light bar can delaminate and detach from the vehicle.","A detached light bar can become a road hazard, increasing the risk of a crash.","Tesla service will replace the cant rail assembly, free of charge. Owner notification letters were mailed September 19, 2025. Owners may contact Tesla customer service at 1-877-798-3752. Tesla's number for this recall is SB-25-10-001.",False,False,YES (BEV named in campaign or BEV-only model query),https://api.nhtsa.gov/recalls/recallsByVehicle?make=TESLA&model=CYBERTRUCK&modelYear=2024,https://www.nhtsa.gov/recalls?nhtsaId=25V170000,FACT,2026-09-27
2024,Tesla,Cybertruck,25V699000,2025-10-15,2024-2026 Cybertruck,EXTERIOR LIGHTING,"Tesla, Inc. (Tesla) is recalling certain 2024-2026 Cybertruck vehicles operating software prior to 2025.38.3. The vehicle controller software may cause the front parking lights to be too bright and exceed the maximum light output, adversely affecting the vision of other drivers. As such, these vehicles fail to comply with the requirements of Federal Motor Vehicle Safety Standard (FMVSS) number 108, ""Lamps, Reflective Devices, and Associated Equipment.""","Parking lights that are too bright can reduce visibility of oncoming drivers, increasing the risk of a crash.","Tesla released an over-the-air (OTA) software update, free of charge. Owner notification letters were mailed December 12, 2025. Owners may contact Tesla customer service at 1-877-798-3752. Tesla's number for this recall is SB-25-00-008.",False,False,YES (BEV named in campaign or BEV-only model query),https://api.nhtsa.gov/recalls/recallsByVehicle?make=TESLA&model=CYBERTRUCK&modelYear=2024,https://www.nhtsa.gov/recalls?nhtsaId=25V699000,FACT,2026-09-27
2024,Tesla,Cybertruck,25V735000,2025-10-28,2024 Cybertruck,EXTERIOR LIGHTING,"Tesla, Inc. (Tesla) is recalling certain 2024 Cybertruck vehicles equipped with a service-installed off-road light bar accessory. An incorrect surface primer may have been used to attach the lightbar to the windshield, causing the light bar to loosen and detach.","A detached light bar may fall, creating a road hazard for other vehicles and increasing the risk of a crash.","Tesla Service will inspect the light bar and install an additional mechanical attachment or replace the light bar using tape to adhere the light bar to the windshield as well as an additional mechanical attachment as necessary, free of charge. Owner notification letters were mailed April 9, 2026. Owners may contact Tesla customer service at 1-877-798-3752. Tesla's number for this recall is SB-25-9",False,False,YES (BEV named in campaign or BEV-only model query),https://api.nhtsa.gov/recalls/recallsByVehicle?make=TESLA&model=CYBERTRUCK&modelYear=2024,https://www.nhtsa.gov/recalls?nhtsaId=25V735000,FACT,2026-09-27
2024,Tesla,Cybertruck,26V255000,2026-04-22,2024-2026 Cybertruck,WHEELS:LUGS/NUTS/BOLTS/STUDS,"Tesla, Inc. (Tesla) is recalling certain 2024-2026 Cybertruck vehicles equipped with 18-inch steel wheels. The brake rotor stud holes may crack and allow the stud to separate from the wheel hub.","Wheel stud separation can cause a loss of vehicle control, increasing the risk of a crash.","Tesla Service will replace the front and rear brake rotors, hubs, and lug nuts, free of charge. Owner notification letters were mailed June 20, 2026. Owners may contact Tesla customer service at 1-877-798-3752. Tesla's number for this recall is SB-26-33-003.",False,False,YES (BEV named in campaign or BEV-only model query),https://api.nhtsa.gov/recalls/recallsByVehicle?make=TESLA&model=CYBERTRUCK&modelYear=2024,https://www.nhtsa.gov/recalls?nhtsaId=26V255000,FACT,2026-09-27
2025,Tesla,Cybertruck,25V170000,2025-03-18,2024-2025 Cybertruck,STRUCTURE:BODY,"Tesla, Inc. (Tesla) is recalling certain 2024-2025 Cybertruck vehicles. The light bar can delaminate and detach from the vehicle.","A detached light bar can become a road hazard, increasing the risk of a crash.","Tesla service will replace the cant rail assembly, free of charge. Owner notification letters were mailed September 19, 2025. Owners may contact Tesla customer service at 1-877-798-3752. Tesla's number for this recall is SB-25-10-001.",False,False,YES (BEV named in campaign or BEV-only model query),https://api.nhtsa.gov/recalls/recallsByVehicle?make=TESLA&model=CYBERTRUCK&modelYear=2025,https://www.nhtsa.gov/recalls?nhtsaId=25V170000,FACT,2026-09-27
2025,Tesla,Cybertruck,25V699000,2025-10-15,2024-2026 Cybertruck,EXTERIOR LIGHTING,"Tesla, Inc. (Tesla) is recalling certain 2024-2026 Cybertruck vehicles operating software prior to 2025.38.3. The vehicle controller software may cause the front parking lights to be too bright and exceed the maximum light output, adversely affecting the vision of other drivers. As such, these vehicles fail to comply with the requirements of Federal Motor Vehicle Safety Standard (FMVSS) number 108, ""Lamps, Reflective Devices, and Associated Equipment.""","Parking lights that are too bright can reduce visibility of oncoming drivers, increasing the risk of a crash.","Tesla released an over-the-air (OTA) software update, free of charge. Owner notification letters were mailed December 12, 2025. Owners may contact Tesla customer service at 1-877-798-3752. Tesla's number for this recall is SB-25-00-008.",False,False,YES (BEV named in campaign or BEV-only model query),https://api.nhtsa.gov/recalls/recallsByVehicle?make=TESLA&model=CYBERTRUCK&modelYear=2025,https://www.nhtsa.gov/recalls?nhtsaId=25V699000,FACT,2026-09-27
2025,Tesla,Cybertruck,26V255000,2026-04-22,2024-2026 Cybertruck,WHEELS:LUGS/NUTS/BOLTS/STUDS,"Tesla, Inc. (Tesla) is recalling certain 2024-2026 Cybertruck vehicles equipped with 18-inch steel wheels. The brake rotor stud holes may crack and allow the stud to separate from the wheel hub.","Wheel stud separation can cause a loss of vehicle control, increasing the risk of a crash.","Tesla Service will replace the front and rear brake rotors, hubs, and lug nuts, free of charge. Owner notification letters were mailed June 20, 2026. Owners may contact Tesla customer service at 1-877-798-3752. Tesla's number for this recall is SB-26-33-003.",False,False,YES (BEV named in campaign or BEV-only model query),https://api.nhtsa.gov/recalls/recallsByVehicle?make=TESLA&model=CYBERTRUCK&modelYear=2025,https://www.nhtsa.gov/recalls?nhtsaId=26V255000,FACT,2026-09-27
2023,GMC,HUMMER EV Pickup,22V771000,2022-10-13,2022 BrightDrop EV600 and 2022-2023 GMC Hummer EV Pickup,ELECTRICAL SYSTEM:PROPULSION SYSTEM:TRACTION BATTERY,"General Motors, LLC (GM) is recalling certain 2022 BrightDrop EV600 and 2022-2023 GMC Hummer EV Pickup electric vehicles. The high voltage battery pack enclosure may not be properly sealed, allowing water to enter the pack.","Water accumulation in the high voltage battery pack can cause a loss of drive power, increasing the risk of a crash.","The remedy is currently under development. Owner notification letters were mailed April 13, 2023. Second letters will be sent once the remedy is available. Owners may contact EV Concierge at 1-833-HUMMER-EV, and BrightDrop Service Operations and Support at 1-888-987-4377. GM's number for this recall is N222380031.",False,False,YES (BEV named in campaign or BEV-only model query),https://api.nhtsa.gov/recalls/recallsByVehicle?make=GMC&model=HUMMER+EV&modelYear=2023,https://www.nhtsa.gov/recalls?nhtsaId=22V771000,FACT,2026-09-27
2023,GMC,HUMMER EV Pickup,23V786000,2023-11-22,"2023-2024 GMC Hummer EV pick up, 2024 GMC Hummer EV SUV, and 2024 Chevrolet Silverado EV",SEAT BELTS:FRONT:ANCHORAGE,"General Motors, LLC (GM) is recalling certain 2023-2024 GMC Hummer EV pick up, 2024 GMC Hummer EV SUV, and 2024 Chevrolet Silverado EV vehicles. The left or right front seat belt buckle attachment bolts may not be tightened properly.","An improperly tightened seat belt buckle may not restrain an occupant as intended, increasing the risk of injury during a crash.","Dealers will tighten the left and right front seat belt buckle attachment bolts, free of charge. Owner notification letters were mailed December 21, 2023. Owners may contact GMC customer service at 1-833-EVCHEVY (1-833-382-4389) (TTY 711 / 1-800-833-2438) /1-833-HUMMER-EV (1-833-486-6373) (TTY 711 / 1-800-833-2438). GM's number for this recall is N232419280.",False,False,YES (BEV named in campaign or BEV-only model query),https://api.nhtsa.gov/recalls/recallsByVehicle?make=GMC&model=HUMMER+EV&modelYear=2023,https://www.nhtsa.gov/recalls?nhtsaId=23V786000,FACT,2026-09-27
