year,make,model,trim_or_config,retained_value_pct,horizon,baseline,retained_value_source,metric_type,as_of_or_publish,label,source_url,accessed,notes
2023,Ford,E-Transit,350 Cargo Van (KBB generic),43,"3 yr (KBB ""last 3 years"")","KBB 2023 private-party value $54,544 (NOT MSRP)",KBB depreciation page,historical private-party,"page current 2026-09-27; now PP $23,200 / trade $18,100",FACT,https://www.kbb.com/ford/e-transit-350-cargo-van/2023/depreciation/,2026-09-27,KBB: 75-100th percentile depreciation among 2023 vans.
2023,Ford,E-Transit,listing sample,58,~3 yr,"median retail ask $31,623 (n=43, 2026-09-24, mixed roofs/miles) / KBB 2023 PP $54,544",FleetFit listing sample + KBB baseline,asking price ratio,2026-09-24,INFERENCE,/workspace/vinnotdiesel/vans/used-ev-van-inventory.csv,2026-09-27,"Asking prices, not transactions; mixed configs; median miles 7,495. Not comparable to KBB 43%."
2024,Chevrolet,Silverado EV,"2024 Silverado EV Crew Cab 4WD configured $80,445 (trim not named)",49.4,36-mo lease projection,% of original MSRP,Black Book via Autoweek,residual projection,Black Book 2025-03-01 projection; article 2025-03-27,FACT (config) / INFERENCE (applies to WT),https://www.autoweek.com/news/a64299750/full-size-ev-pickup-trucks-performance-residuals/,2026-09-27,"$80,445 config is in WT price range (INFERENCE); RST priced higher."
2024,Chevrolet,Silverado EV,KBB generic (all trims),55,"~2 yr (KBB headline ""last 2 years""; FAQ text says 3)","KBB 2024 value $74,900",KBB depreciation page,historical private-party,"page current 2026-09-27; now PP $41,100 / trade $38,600",FACT,https://www.kbb.com/chevrolet/silverado-ev/2024/depreciation/,2026-09-27,75-100th percentile depreciation among 2024 pickups.
2022,Ford,F-150 Lightning,KBB generic,76,"3 yr per KBB, but baseline is 2023 used value","KBB 2023 private-party value $43,730 (NOT MSRP)",KBB depreciation page,historical private-party,"page current 2026-09-27; now PP $33,000 / trade $28,700",FACT,https://www.kbb.com/ford/f150-lightning/2022/depreciation/,2026-09-27,"Because the baseline is already a used value, this overstates retention vs MSRP. Do not compare to Black Book % of MSRP."
2023,Ford,F-150 Lightning,KBB generic,UNKNOWN,3 yr,"KBB shows N/A %; 2024 PP $36,524; now PP $35,900 / trade $32,700",KBB depreciation page,historical private-party,2026-09-27,FACT (N/A shown),https://www.kbb.com/ford/f150-lightning/2023/depreciation/,2026-09-27,KBB 25-75th percentile among 2023 pickups.
2024,Ford,F-150 Lightning,"'24 Lightning Lariat SuperCrew 4WD ($79,845)",33.5,36-mo lease projection,% of MSRP,Black Book via Autoweek,residual projection,2025-03-01 / 2025-03-27,FACT (MY2024 only; proxy for 2022/2023 = INFERENCE),https://www.autoweek.com/news/a64299750/full-size-ev-pickup-trucks-performance-residuals/,2026-09-27,
2024,Ram,ProMaster EV,CarBuzz market avg (51 listings),46.4,~2 yr,"avg used $36,187 vs MSRP $77,995 (CarBuzz: -53.6%)",CarBuzz price trends,asking price vs MSRP,page references Feb 2026 price points; exact as-of not shown,FACT (CarBuzz figures) / pct = arithmetic 100-53.6,https://carbuzz.com/cars/ram/promaster-ev/2024/price-trends/,2026-09-27,KBB page https://www.kbb.com/ram/promaster-ev/2024/depreciation/ timed out repeatedly 2026-09-27.
2024,Ram,ProMaster EV,listing sample,INFERENCE ~42,~2 yr,"median retail ask $32,605.5 (n=33, 32 priced, 2026-09-24, median 1,007 mi) / CarBuzz MSRP $77,995",FleetFit listing sample,asking price ratio,2026-09-24,INFERENCE,/workspace/vinnotdiesel/vans/used-ev-van-inventory.csv,2026-09-27,Mixed step/cargo configs with different MSRPs; near-new mileage.
2023,Ram,ProMaster EV,n/a,n/a,,,,,,INFERENCE,,2026-09-27,No US MY2023.
2026,GMC,Sierra EV,,UNKNOWN,3 yr,,none (vehicle <3 yrs old),,,UNKNOWN,/workspace/vinnotdiesel/inventory/used-ev-truck-inventory.csv,2026-09-27,"Searched: Autoweek/Black Book (only 2024 models), KBB 2026 page not fetched. Listing sample: n=12, median ask $57,419, median 3,468 mi (2026-09-24/25)."
2025,Chevrolet,BrightDrop 600,,UNKNOWN,3 yr,,none,,,UNKNOWN,/workspace/vinnotdiesel/vans/used-ev-van-inventory.csv,2026-09-27,"No van residual source found; listing sample n=46 (45 priced), median ask $38,997, median 28 mi (2026-09-24). MSRP not sourced today, so no ratio."
2026,Chevrolet,Silverado EV,,UNKNOWN,3 yr,,,,,UNKNOWN,/workspace/vinnotdiesel/inventory/used-ev-truck-inventory.csv,2026-09-27,"<3 yrs old. Listing sample n=9, median ask $68,626, median 14,200 mi (LT/Trail Boss)."
2024,Tesla,Cybertruck,"AWD crew cab ($81,985 MSRP)",60.9,36-mo lease projection,% of MSRP,Black Book via Autoweek,residual projection,2025-03-01 / 2025-03-27,FACT,https://www.autoweek.com/news/a64299750/full-size-ev-pickup-trucks-performance-residuals/,2026-09-27,
2024,Tesla,Cybertruck,KBB generic,86,"~2 yr (KBB headline ""last 2 years"")","KBB 2024 value $82,235",KBB depreciation page,historical private-party,"2026-09-27; now PP $70,100 / trade $67,500",FACT,https://www.kbb.com/tesla/cybertruck/2024/depreciation/,2026-09-27,Top 10% among 2024 pickups per KBB.
2025,Tesla,Cybertruck,,UNKNOWN,3 yr,,,,,UNKNOWN,https://www.kbb.com/tesla/cybertruck/2025/depreciation/,2026-09-27,"KBB 2025 page timed out twice; <3 yrs old. Listing sample n=1 ($86,215, 10,699 mi)."
2023,GMC,HUMMER EV Pickup,KBB generic (all 2023 pickup trims),59,3 yr,"KBB 2023 value $100,395",KBB depreciation page,historical private-party,"2026-09-27; now PP $58,900 / trade $57,600",FACT,https://www.kbb.com/gmc/hummer-ev-pickup/2023/depreciation/,2026-09-27,25-75th percentile among 2023 pickups. Not 3X-specific.
2024,GMC,HUMMER EV Pickup,"'24 Hummer Crew Cab 4WD configured $99,590",50.1,36-mo lease projection,% of MSRP,Black Book via Autoweek,residual projection,2025-03-01 / 2025-03-27,FACT (MY2024; proxy for 2023 3X = INFERENCE),https://www.autoweek.com/news/a64299750/full-size-ev-pickup-trucks-performance-residuals/,2026-09-27,
