vehicle,n_listings,n_priced,ask_price_min_usd,ask_price_median_usd,ask_price_max_usd,miles_min,miles_median,miles_max,listing_dates,source_file,label,accessed
2023 Ford E-Transit,43,43,22995.0,31623.0,40348.0,18.0,7495.0,56127.0,2026-09-24,/workspace/vinnotdiesel/vans/used-ev-van-inventory.csv (retail rows),FACT (listing asks as captured) / bands are descriptive only,2026-09-27
2024 Ram ProMaster EV,33,32,27439.0,32605.5,48897.0,21.0,1007.0,19927.0,2026-09-24,/workspace/vinnotdiesel/vans/used-ev-van-inventory.csv (retail rows),FACT (listing asks as captured) / bands are descriptive only,2026-09-27
2025 Chevrolet BrightDrop 600,46,45,27995.0,38997.0,47990.0,7.0,28.0,16565.0,2026-09-24,"/workspace/vinnotdiesel/vans/used-ev-van-inventory.csv (retail rows, 600-tagged)",FACT (listing asks as captured) / bands are descriptive only,2026-09-27
2024 Chevrolet Silverado EV WT,1,1,51387.0,51387.0,51387.0,4170.0,4170.0,4170.0,2026-09-24,/workspace/vinnotdiesel/inventory/used-ev-truck-inventory.csv,FACT (listing asks as captured) / bands are descriptive only,2026-09-27
2022 Ford F-150 Lightning,1,1,33080.0,33080.0,33080.0,84296.0,84296.0,84296.0,2026-09-24,/workspace/vinnotdiesel/inventory/used-ev-truck-inventory.csv,FACT (listing asks as captured) / bands are descriptive only,2026-09-27
2023 Ford F-150 Lightning,17,17,35500.0,43935.0,51999.0,122.0,37121.0,83344.0,2026-09-24;2026-09-25,/workspace/vinnotdiesel/inventory/used-ev-truck-inventory.csv,FACT (listing asks as captured) / bands are descriptive only,2026-09-27
2026 GMC Sierra EV,12,12,52690.0,57419.0,62665.0,0.0,3468.0,11485.0,2026-09-24;2026-09-25,/workspace/vinnotdiesel/inventory/used-ev-truck-inventory.csv,FACT (listing asks as captured) / bands are descriptive only,2026-09-27
2026 Chevrolet Silverado EV,9,9,59386.0,68626.0,77685.0,6068.0,14200.0,18934.0,2026-09-24,/workspace/vinnotdiesel/inventory/used-ev-truck-inventory.csv,FACT (listing asks as captured) / bands are descriptive only,2026-09-27
2024 Tesla Cybertruck,14,14,60500.0,76443.5,93497.0,98.0,21031.5,67888.0,2026-09-24;2026-09-25,/workspace/vinnotdiesel/inventory/used-ev-truck-inventory.csv,FACT (listing asks as captured) / bands are descriptive only,2026-09-27
2024 Tesla Cybertruck AWD-only,11,11,60500.0,75797.0,91750.0,9492.0,22714.0,67888.0,2026-09-24;2026-09-25,/workspace/vinnotdiesel/inventory/used-ev-truck-inventory.csv,FACT (listing asks as captured) / bands are descriptive only,2026-09-27
2025 Tesla Cybertruck,1,1,86215.0,86215.0,86215.0,10699.0,10699.0,10699.0,2026-09-24,/workspace/vinnotdiesel/inventory/used-ev-truck-inventory.csv,FACT (listing asks as captured) / bands are descriptive only,2026-09-27
2023 GMC HUMMER EV 3X,3,3,61963.0,63990.0,66691.0,28434.0,31980.0,33561.0,2026-09-24;2026-09-25,/workspace/vinnotdiesel/inventory/used-ev-truck-inventory.csv,FACT (listing asks as captured) / bands are descriptive only,2026-09-27
