year,make,model,engine,drivetrain,transmission,epa_model_string,epa_engine_desc,city_mpg,hwy_mpg,comb_mpg,epa_fuel,epa_class,primary_row,fuel_tank_gal_note,powertrain_warranty_yr,powertrain_warranty_mi,label,fe_id,epa_source_url,warranty_source_url,accessed
2016,Chevrolet,Colorado,3.6L V6,4x2,Automatic 6-spd,Colorado 2WD,SIDI,18,25,21,Regular,Small Pickup Trucks 2WD,Y,21 per cars.com 2018,5,60000,FACT,36591,https://www.fueleconomy.gov/feg/noframes/36591.shtml,https://slpattorney.com/wp-content/uploads/GM_2019_Chevrolet_Generic_Warranty.pdf,2026-09-27
2016,Chevrolet,Colorado,3.6L V6,4x4,Automatic 6-spd,Colorado 4WD,SIDI,17,24,20,Regular,Small Pickup Trucks 4WD,Y,21 per cars.com 2018,5,60000,FACT,36596,https://www.fueleconomy.gov/feg/noframes/36596.shtml,https://slpattorney.com/wp-content/uploads/GM_2019_Chevrolet_Generic_Warranty.pdf,2026-09-27
2017,Chevrolet,Colorado,3.6L V6,4x2,Automatic 8-spd,Colorado 2WD,SIDI,18,25,20,Regular,Small Pickup Trucks 2WD,Y,21 per cars.com 2018,5,60000,FACT,38383,https://www.fueleconomy.gov/feg/noframes/38383.shtml,https://slpattorney.com/wp-content/uploads/GM_2019_Chevrolet_Generic_Warranty.pdf,2026-09-27
2017,Chevrolet,Colorado,3.6L V6,4x4,Automatic 8-spd,Colorado 4WD,SIDI,17,24,19,Regular,Small Pickup Trucks 4WD,Y,21 per cars.com 2018,5,60000,FACT,38389,https://www.fueleconomy.gov/feg/noframes/38389.shtml,https://slpattorney.com/wp-content/uploads/GM_2019_Chevrolet_Generic_Warranty.pdf,2026-09-27
2018,Chevrolet,Colorado,3.6L V6,4x2,Automatic 8-spd,Colorado 2WD,SIDI,18,25,20,Regular,Small Pickup Trucks 2WD,Y,21 per cars.com 2018,5,60000,FACT,39070,https://www.fueleconomy.gov/feg/noframes/39070.shtml,https://slpattorney.com/wp-content/uploads/GM_2019_Chevrolet_Generic_Warranty.pdf,2026-09-27
2018,Chevrolet,Colorado,3.6L V6,4x4,Automatic 8-spd,Colorado 4WD,SIDI,17,24,19,Regular,Small Pickup Trucks 4WD,Y,21 per cars.com 2018,5,60000,FACT,39079,https://www.fueleconomy.gov/feg/noframes/39079.shtml,https://slpattorney.com/wp-content/uploads/GM_2019_Chevrolet_Generic_Warranty.pdf,2026-09-27
2019,Chevrolet,Colorado,3.6L V6,4x2,Automatic 8-spd,Colorado 2WD,SIDI,18,25,20,Regular,Small Pickup Trucks 2WD,Y,21 per cars.com 2018,5,60000,FACT,40642,https://www.fueleconomy.gov/feg/noframes/40642.shtml,https://slpattorney.com/wp-content/uploads/GM_2019_Chevrolet_Generic_Warranty.pdf,2026-09-27
2019,Chevrolet,Colorado,3.6L V6,4x4,Automatic 8-spd,Colorado 4WD,SIDI,17,24,19,Regular,Small Pickup Trucks 4WD,Y,21 per cars.com 2018,5,60000,FACT,40651,https://www.fueleconomy.gov/feg/noframes/40651.shtml,https://slpattorney.com/wp-content/uploads/GM_2019_Chevrolet_Generic_Warranty.pdf,2026-09-27
2020,Chevrolet,Colorado,3.6L V6,4x2,Automatic 8-spd,Colorado 2WD,SIDI,18,25,20,Regular,Small Pickup Trucks 2WD,Y,21 per cars.com 2018,5,60000,FACT,41616,https://www.fueleconomy.gov/feg/noframes/41616.shtml,https://slpattorney.com/wp-content/uploads/GM_2019_Chevrolet_Generic_Warranty.pdf,2026-09-27
2020,Chevrolet,Colorado,3.6L V6,4x4,Automatic 8-spd,Colorado 4WD,SIDI,17,24,19,Regular,Small Pickup Trucks 4WD,Y,21 per cars.com 2018,5,60000,FACT,41623,https://www.fueleconomy.gov/feg/noframes/41623.shtml,https://slpattorney.com/wp-content/uploads/GM_2019_Chevrolet_Generic_Warranty.pdf,2026-09-27
2016,Chevrolet,Silverado 1500,5.3L V8,4x2,Automatic 6-spd,Silverado C15 2WD,SIDI,16,23,19,Regular,Standard Pickup Trucks 2WD,Y,26 (2018) / 28 (2020) default trim per cars.com,5,60000,FACT,37006,https://www.fueleconomy.gov/feg/noframes/37006.shtml,https://slpattorney.com/wp-content/uploads/GM_2019_Chevrolet_Generic_Warranty.pdf,2026-09-27
2016,Chevrolet,Silverado 1500,5.3L V8,4x2,Automatic 8-spd,Silverado C15 2WD,SIDI,16,22,18,Regular,Standard Pickup Trucks 2WD,Y,26 (2018) / 28 (2020) default trim per cars.com,5,60000,FACT,37007,https://www.fueleconomy.gov/feg/noframes/37007.shtml,https://slpattorney.com/wp-content/uploads/GM_2019_Chevrolet_Generic_Warranty.pdf,2026-09-27
2016,Chevrolet,Silverado 1500,5.3L V8,4x2,Automatic 6-spd,Silverado C15 2WD,SIDI; FFV,16,23,19,Gasoline or E85,Standard Pickup Trucks 2WD,N,26 (2018) / 28 (2020) default trim per cars.com,5,60000,FACT,37004,https://www.fueleconomy.gov/feg/noframes/37004.shtml,https://slpattorney.com/wp-content/uploads/GM_2019_Chevrolet_Generic_Warranty.pdf,2026-09-27
2016,Chevrolet,Silverado 1500,5.3L V8,4x4,Automatic 8-spd,Silverado K15 4WD,SIDI,15,21,17,Regular,Standard Pickup Trucks 4WD,Y,26 (2018) / 28 (2020) default trim per cars.com,5,60000,FACT,37016,https://www.fueleconomy.gov/feg/noframes/37016.shtml,https://slpattorney.com/wp-content/uploads/GM_2019_Chevrolet_Generic_Warranty.pdf,2026-09-27
2016,Chevrolet,Silverado 1500,5.3L V8,4x4,Automatic 6-spd,Silverado K15 4WD,SIDI,16,22,18,Regular,Standard Pickup Trucks 4WD,Y,26 (2018) / 28 (2020) default trim per cars.com,5,60000,FACT,37017,https://www.fueleconomy.gov/feg/noframes/37017.shtml,https://slpattorney.com/wp-content/uploads/GM_2019_Chevrolet_Generic_Warranty.pdf,2026-09-27
2016,Chevrolet,Silverado 1500,5.3L V8,4x4,Automatic 6-spd,Silverado K15 4WD,SIDI; FFV,16,22,18,Gasoline or E85,Standard Pickup Trucks 4WD,N,26 (2018) / 28 (2020) default trim per cars.com,5,60000,FACT,37014,https://www.fueleconomy.gov/feg/noframes/37014.shtml,https://slpattorney.com/wp-content/uploads/GM_2019_Chevrolet_Generic_Warranty.pdf,2026-09-27
2017,Chevrolet,Silverado 1500,5.3L V8,4x2,Automatic 6-spd,Silverado C15 2WD,SIDI,16,23,19,Regular,Standard Pickup Trucks 2WD,Y,26 (2018) / 28 (2020) default trim per cars.com,5,60000,FACT,37642,https://www.fueleconomy.gov/feg/noframes/37642.shtml,https://slpattorney.com/wp-content/uploads/GM_2019_Chevrolet_Generic_Warranty.pdf,2026-09-27
2017,Chevrolet,Silverado 1500,5.3L V8,4x2,Automatic 8-spd,Silverado C15 2WD,SIDI,16,22,18,Regular,Standard Pickup Trucks 2WD,Y,26 (2018) / 28 (2020) default trim per cars.com,5,60000,FACT,38185,https://www.fueleconomy.gov/feg/noframes/38185.shtml,https://slpattorney.com/wp-content/uploads/GM_2019_Chevrolet_Generic_Warranty.pdf,2026-09-27
2017,Chevrolet,Silverado 1500,5.3L V8,4x2,Automatic 6-spd,Silverado C15 2WD,SIDI; FFV,16,23,19,Gasoline or E85,Standard Pickup Trucks 2WD,N,26 (2018) / 28 (2020) default trim per cars.com,5,60000,FACT,37944,https://www.fueleconomy.gov/feg/noframes/37944.shtml,https://slpattorney.com/wp-content/uploads/GM_2019_Chevrolet_Generic_Warranty.pdf,2026-09-27
2017,Chevrolet,Silverado 1500,5.3L V8,4x4,Automatic 8-spd,Silverado K15 4WD,SIDI,15,20,17,Regular,Standard Pickup Trucks 4WD,Y,26 (2018) / 28 (2020) default trim per cars.com,5,60000,FACT,37651,https://www.fueleconomy.gov/feg/noframes/37651.shtml,https://slpattorney.com/wp-content/uploads/GM_2019_Chevrolet_Generic_Warranty.pdf,2026-09-27
2017,Chevrolet,Silverado 1500,5.3L V8,4x4,Automatic 6-spd,Silverado K15 4WD,SIDI,16,22,18,Regular,Standard Pickup Trucks 4WD,Y,26 (2018) / 28 (2020) default trim per cars.com,5,60000,FACT,37652,https://www.fueleconomy.gov/feg/noframes/37652.shtml,https://slpattorney.com/wp-content/uploads/GM_2019_Chevrolet_Generic_Warranty.pdf,2026-09-27
2017,Chevrolet,Silverado 1500,5.3L V8,4x4,Automatic 6-spd,Silverado K15 4WD,SIDI; FFV,16,22,18,Gasoline or E85,Standard Pickup Trucks 4WD,N,26 (2018) / 28 (2020) default trim per cars.com,5,60000,FACT,37653,https://www.fueleconomy.gov/feg/noframes/37653.shtml,https://slpattorney.com/wp-content/uploads/GM_2019_Chevrolet_Generic_Warranty.pdf,2026-09-27
2018,Chevrolet,Silverado 1500,5.3L V8,4x2,Automatic 8-spd,Silverado C15 2WD,SIDI,16,22,18,Regular,Standard Pickup Trucks 2WD,Y,26 (2018) / 28 (2020) default trim per cars.com,5,60000,FACT,38981,https://www.fueleconomy.gov/feg/noframes/38981.shtml,https://slpattorney.com/wp-content/uploads/GM_2019_Chevrolet_Generic_Warranty.pdf,2026-09-27
2018,Chevrolet,Silverado 1500,5.3L V8,4x2,Automatic 6-spd,Silverado C15 2WD,SIDI,16,23,19,Regular,Standard Pickup Trucks 2WD,Y,26 (2018) / 28 (2020) default trim per cars.com,5,60000,FACT,38982,https://www.fueleconomy.gov/feg/noframes/38982.shtml,https://slpattorney.com/wp-content/uploads/GM_2019_Chevrolet_Generic_Warranty.pdf,2026-09-27
2018,Chevrolet,Silverado 1500,5.3L V8,4x2,Automatic 6-spd,Silverado C15 2WD,SIDI; FFV,16,23,19,Gasoline or E85,Standard Pickup Trucks 2WD,N,26 (2018) / 28 (2020) default trim per cars.com,5,60000,FACT,38983,https://www.fueleconomy.gov/feg/noframes/38983.shtml,https://slpattorney.com/wp-content/uploads/GM_2019_Chevrolet_Generic_Warranty.pdf,2026-09-27
2018,Chevrolet,Silverado 1500,5.3L V8,4x4,Automatic 8-spd,Silverado K15 4WD,SIDI,15,20,17,Regular,Standard Pickup Trucks 4WD,Y,26 (2018) / 28 (2020) default trim per cars.com,5,60000,FACT,38990,https://www.fueleconomy.gov/feg/noframes/38990.shtml,https://slpattorney.com/wp-content/uploads/GM_2019_Chevrolet_Generic_Warranty.pdf,2026-09-27
2018,Chevrolet,Silverado 1500,5.3L V8,4x4,Automatic 6-spd,Silverado K15 4WD,SIDI,16,22,18,Regular,Standard Pickup Trucks 4WD,Y,26 (2018) / 28 (2020) default trim per cars.com,5,60000,FACT,39359,https://www.fueleconomy.gov/feg/noframes/39359.shtml,https://slpattorney.com/wp-content/uploads/GM_2019_Chevrolet_Generic_Warranty.pdf,2026-09-27
2018,Chevrolet,Silverado 1500,5.3L V8,4x4,Automatic 6-spd,Silverado K15 4WD,SIDI; FFV,16,22,18,Gasoline or E85,Standard Pickup Trucks 4WD,N,26 (2018) / 28 (2020) default trim per cars.com,5,60000,FACT,39403,https://www.fueleconomy.gov/feg/noframes/39403.shtml,https://slpattorney.com/wp-content/uploads/GM_2019_Chevrolet_Generic_Warranty.pdf,2026-09-27
2019,Chevrolet,Silverado 1500,5.3L V8,4x2,Automatic 8-spd,Silverado C10 2WD,SIDI,17,23,19,Regular,Standard Pickup Trucks 2WD,Y,26 (2018) / 28 (2020) default trim per cars.com,5,60000,FACT,40504,https://www.fueleconomy.gov/feg/noframes/40504.shtml,https://slpattorney.com/wp-content/uploads/GM_2019_Chevrolet_Generic_Warranty.pdf,2026-09-27
2019,Chevrolet,Silverado 1500,5.3L V8,4x2,Automatic 6-spd,Silverado C10 2WD,SIDI,15,21,17,Regular,Standard Pickup Trucks 2WD,Y,26 (2018) / 28 (2020) default trim per cars.com,5,60000,FACT,40946,https://www.fueleconomy.gov/feg/noframes/40946.shtml,https://slpattorney.com/wp-content/uploads/GM_2019_Chevrolet_Generic_Warranty.pdf,2026-09-27
2019,Chevrolet,Silverado 1500,5.3L V8,4x2,Automatic 6-spd,Silverado LD C15 2WD,SIDI,15,22,17,Regular,Standard Pickup Trucks 2WD,N,26 (2018) / 28 (2020) default trim per cars.com,5,60000,FACT,40258,https://www.fueleconomy.gov/feg/noframes/40258.shtml,https://slpattorney.com/wp-content/uploads/GM_2019_Chevrolet_Generic_Warranty.pdf,2026-09-27
2019,Chevrolet,Silverado 1500,5.3L V8,4x2,Automatic 8-spd,Silverado C10 XFE 2WD,SIDI,17,24,19,Regular,Standard Pickup Trucks 2WD,N,26 (2018) / 28 (2020) default trim per cars.com,5,60000,FACT,40945,https://www.fueleconomy.gov/feg/noframes/40945.shtml,https://slpattorney.com/wp-content/uploads/GM_2019_Chevrolet_Generic_Warranty.pdf,2026-09-27
2019,Chevrolet,Silverado 1500,5.3L V8,4x2,Automatic 6-spd,Silverado C10 2WD,SIDI; FFV,15,20,17,Gasoline or E85,Standard Pickup Trucks 2WD,N,26 (2018) / 28 (2020) default trim per cars.com,5,60000,FACT,41104,https://www.fueleconomy.gov/feg/noframes/41104.shtml,https://slpattorney.com/wp-content/uploads/GM_2019_Chevrolet_Generic_Warranty.pdf,2026-09-27
2019,Chevrolet,Silverado 1500,5.3L V8,4x4,Automatic 8-spd,Silverado K10 4WD,SIDI,16,22,18,Regular,Standard Pickup Trucks 4WD,Y,26 (2018) / 28 (2020) default trim per cars.com,5,60000,FACT,40424,https://www.fueleconomy.gov/feg/noframes/40424.shtml,https://slpattorney.com/wp-content/uploads/GM_2019_Chevrolet_Generic_Warranty.pdf,2026-09-27
2019,Chevrolet,Silverado 1500,5.3L V8,4x4,Automatic 6-spd,Silverado K10 4WD,SIDI,15,20,17,Regular,Standard Pickup Trucks 4WD,Y,26 (2018) / 28 (2020) default trim per cars.com,5,60000,FACT,40953,https://www.fueleconomy.gov/feg/noframes/40953.shtml,https://slpattorney.com/wp-content/uploads/GM_2019_Chevrolet_Generic_Warranty.pdf,2026-09-27
2019,Chevrolet,Silverado 1500,5.3L V8,4x4,Automatic 6-spd,Silverado LD K15 4WD,SIDI,15,21,17,Regular,Standard Pickup Trucks 4WD,N,26 (2018) / 28 (2020) default trim per cars.com,5,60000,FACT,40260,https://www.fueleconomy.gov/feg/noframes/40260.shtml,https://slpattorney.com/wp-content/uploads/GM_2019_Chevrolet_Generic_Warranty.pdf,2026-09-27
2019,Chevrolet,Silverado 1500,5.3L V8,4x4,Automatic 6-spd,Silverado K10 4WD,SIDI; FFV,15,19,16,Gasoline or E85,Standard Pickup Trucks 4WD,N,26 (2018) / 28 (2020) default trim per cars.com,5,60000,FACT,41027,https://www.fueleconomy.gov/feg/noframes/41027.shtml,https://slpattorney.com/wp-content/uploads/GM_2019_Chevrolet_Generic_Warranty.pdf,2026-09-27
2020,Chevrolet,Silverado 1500,5.3L V8,4x2,Automatic 8-spd,Silverado 2WD,SIDI,17,23,19,Regular,Standard Pickup Trucks 2WD,Y,26 (2018) / 28 (2020) default trim per cars.com,5,60000,FACT,41819,https://www.fueleconomy.gov/feg/noframes/41819.shtml,https://slpattorney.com/wp-content/uploads/GM_2019_Chevrolet_Generic_Warranty.pdf,2026-09-27
2020,Chevrolet,Silverado 1500,5.3L V8,4x2,Automatic 6-spd,Silverado 2WD,SIDI,15,21,17,Regular,Standard Pickup Trucks 2WD,Y,26 (2018) / 28 (2020) default trim per cars.com,5,60000,FACT,41822,https://www.fueleconomy.gov/feg/noframes/41822.shtml,https://slpattorney.com/wp-content/uploads/GM_2019_Chevrolet_Generic_Warranty.pdf,2026-09-27
2020,Chevrolet,Silverado 1500,5.3L V8,4x2,Automatic 6-spd,Silverado 2WD,SIDI; FFV,15,19,16,Gasoline or E85,Standard Pickup Trucks 2WD,N,26 (2018) / 28 (2020) default trim per cars.com,5,60000,FACT,41823,https://www.fueleconomy.gov/feg/noframes/41823.shtml,https://slpattorney.com/wp-content/uploads/GM_2019_Chevrolet_Generic_Warranty.pdf,2026-09-27
2020,Chevrolet,Silverado 1500,5.3L V8,4x2,Automatic 8-spd,Silverado 2WD,SIDI; XFE Package,17,24,20,Regular,Standard Pickup Trucks 2WD,N,26 (2018) / 28 (2020) default trim per cars.com,5,60000,FACT,41891,https://www.fueleconomy.gov/feg/noframes/41891.shtml,https://slpattorney.com/wp-content/uploads/GM_2019_Chevrolet_Generic_Warranty.pdf,2026-09-27
2020,Chevrolet,Silverado 1500,5.3L V8,4x4,Automatic 8-spd,Silverado 4WD,SIDI,16,22,18,Regular,Standard Pickup Trucks 4WD,Y,26 (2018) / 28 (2020) default trim per cars.com,5,60000,FACT,41833,https://www.fueleconomy.gov/feg/noframes/41833.shtml,https://slpattorney.com/wp-content/uploads/GM_2019_Chevrolet_Generic_Warranty.pdf,2026-09-27
2020,Chevrolet,Silverado 1500,5.3L V8,4x4,Automatic 10-spd,Silverado 4WD,SIDI,16,22,19,Regular,Standard Pickup Trucks 4WD,Y,26 (2018) / 28 (2020) default trim per cars.com,5,60000,FACT,41835,https://www.fueleconomy.gov/feg/noframes/41835.shtml,https://slpattorney.com/wp-content/uploads/GM_2019_Chevrolet_Generic_Warranty.pdf,2026-09-27
2020,Chevrolet,Silverado 1500,5.3L V8,4x4,Automatic 6-spd,Silverado 4WD,SIDI,15,20,17,Regular,Standard Pickup Trucks 4WD,Y,26 (2018) / 28 (2020) default trim per cars.com,5,60000,FACT,41839,https://www.fueleconomy.gov/feg/noframes/41839.shtml,https://slpattorney.com/wp-content/uploads/GM_2019_Chevrolet_Generic_Warranty.pdf,2026-09-27
2020,Chevrolet,Silverado 1500,5.3L V8,4x4,Automatic 6-spd,Silverado 4WD,SIDI; FFV,14,18,16,Gasoline or E85,Standard Pickup Trucks 4WD,N,26 (2018) / 28 (2020) default trim per cars.com,5,60000,FACT,41841,https://www.fueleconomy.gov/feg/noframes/41841.shtml,https://slpattorney.com/wp-content/uploads/GM_2019_Chevrolet_Generic_Warranty.pdf,2026-09-27
2016,Ford,F-150,5.0L V8,4x2,Automatic (S6),F150 Pickup 2WD FFV,FFV,15,22,18,Gasoline or E85,Standard Pickup Trucks 2WD,Y,23 (2018 & 2020 default trim on cars.com; 26/36 gal on other configs per 2018 brochure),5,60000,FACT,37042,https://www.fueleconomy.gov/feg/noframes/37042.shtml,https://www.fordservicecontent.com/Ford_Content/Catalog/owner_information/2019MYUS_Ford_LT_Truck_WTY_V4.pdf,2026-09-27
2016,Ford,F-150,5.0L V8,4x2,Automatic (S6),F150 5.0L 2WD FFV GVWR>7599 LBS PAYLOAD PACKAGE,FFV; GVWR>7599 LBS,14,20,16,Gasoline or E85,Standard Pickup Trucks 2WD,N,23 (2018 & 2020 default trim on cars.com; 26/36 gal on other configs per 2018 brochure),5,60000,FACT,37043,https://www.fueleconomy.gov/feg/noframes/37043.shtml,https://www.fordservicecontent.com/Ford_Content/Catalog/owner_information/2019MYUS_Ford_LT_Truck_WTY_V4.pdf,2026-09-27
2016,Ford,F-150,5.0L V8,4x4,Automatic (S6),F150 Pickup 4WD FFV,FFV,15,21,17,Gasoline or E85,Standard Pickup Trucks 4WD,Y,23 (2018 & 2020 default trim on cars.com; 26/36 gal on other configs per 2018 brochure),5,60000,FACT,37050,https://www.fueleconomy.gov/feg/noframes/37050.shtml,https://www.fordservicecontent.com/Ford_Content/Catalog/owner_information/2019MYUS_Ford_LT_Truck_WTY_V4.pdf,2026-09-27
2016,Ford,F-150,5.0L V8,4x4,Automatic (S6),F150 5.0L 4WD FFV GVWR>7599 LBS PAYLOAD PACKAGE,FFV; GVWR>7599 LBS,14,19,16,Gasoline or E85,Standard Pickup Trucks 4WD,N,23 (2018 & 2020 default trim on cars.com; 26/36 gal on other configs per 2018 brochure),5,60000,FACT,37052,https://www.fueleconomy.gov/feg/noframes/37052.shtml,https://www.fordservicecontent.com/Ford_Content/Catalog/owner_information/2019MYUS_Ford_LT_Truck_WTY_V4.pdf,2026-09-27
2017,Ford,F-150,5.0L V8,4x2,Automatic (S6),F150 Pickup 2WD FFV,FFV,15,22,18,Gasoline or E85,Standard Pickup Trucks 2WD,Y,23 (2018 & 2020 default trim on cars.com; 26/36 gal on other configs per 2018 brochure),5,60000,FACT,38261,https://www.fueleconomy.gov/feg/noframes/38261.shtml,https://www.fordservicecontent.com/Ford_Content/Catalog/owner_information/2019MYUS_Ford_LT_Truck_WTY_V4.pdf,2026-09-27
2017,Ford,F-150,5.0L V8,4x2,Automatic (S6),F150 5.0L 2WD FFV GVWR>7599 LBS,FFV,14,20,16,Gasoline or E85,Standard Pickup Trucks 2WD,N,23 (2018 & 2020 default trim on cars.com; 26/36 gal on other configs per 2018 brochure),5,60000,FACT,38262,https://www.fueleconomy.gov/feg/noframes/38262.shtml,https://www.fordservicecontent.com/Ford_Content/Catalog/owner_information/2019MYUS_Ford_LT_Truck_WTY_V4.pdf,2026-09-27
2017,Ford,F-150,5.0L V8,4x4,Automatic (S6),F150 Pickup 4WD FFV,FFV,15,21,17,Gasoline or E85,Standard Pickup Trucks 4WD,Y,23 (2018 & 2020 default trim on cars.com; 26/36 gal on other configs per 2018 brochure),5,60000,FACT,38270,https://www.fueleconomy.gov/feg/noframes/38270.shtml,https://www.fordservicecontent.com/Ford_Content/Catalog/owner_information/2019MYUS_Ford_LT_Truck_WTY_V4.pdf,2026-09-27
2017,Ford,F-150,5.0L V8,4x4,Automatic (S6),F150 5.0L 4WD FFV GVWR>7599 LBS,FFV,14,19,16,Gasoline or E85,Standard Pickup Trucks 4WD,N,23 (2018 & 2020 default trim on cars.com; 26/36 gal on other configs per 2018 brochure),5,60000,FACT,38271,https://www.fueleconomy.gov/feg/noframes/38271.shtml,https://www.fordservicecontent.com/Ford_Content/Catalog/owner_information/2019MYUS_Ford_LT_Truck_WTY_V4.pdf,2026-09-27
2017,Ford,F-150,5.0L V8,4x4,Automatic (S6),F150 4WD FFV BASE PAYLOAD LT TIRE,FFV,15,20,17,Gasoline or E85,Standard Pickup Trucks 4WD,N,23 (2018 & 2020 default trim on cars.com; 26/36 gal on other configs per 2018 brochure),5,60000,FACT,38279,https://www.fueleconomy.gov/feg/noframes/38279.shtml,https://www.fordservicecontent.com/Ford_Content/Catalog/owner_information/2019MYUS_Ford_LT_Truck_WTY_V4.pdf,2026-09-27
2018,Ford,F-150,5.0L V8,4x2,Automatic (S10),F150 Pickup 2WD,SIDI & PFI,17,23,19,Regular,Standard Pickup Trucks 2WD,Y,23 (2018 & 2020 default trim on cars.com; 26/36 gal on other configs per 2018 brochure),5,60000,FACT,39245,https://www.fueleconomy.gov/feg/noframes/39245.shtml,https://www.fordservicecontent.com/Ford_Content/Catalog/owner_information/2019MYUS_Ford_LT_Truck_WTY_V4.pdf,2026-09-27
2018,Ford,F-150,5.0L V8,4x2,Automatic (S10),F150 5.0L 2WD GVWR>7599 LBS,SIDI & PFI,16,20,17,Regular,Standard Pickup Trucks 2WD,N,23 (2018 & 2020 default trim on cars.com; 26/36 gal on other configs per 2018 brochure),5,60000,FACT,39246,https://www.fueleconomy.gov/feg/noframes/39246.shtml,https://www.fordservicecontent.com/Ford_Content/Catalog/owner_information/2019MYUS_Ford_LT_Truck_WTY_V4.pdf,2026-09-27
2018,Ford,F-150,5.0L V8,4x2,Automatic (S10),F150 2WD BASE PAYLOAD LT TIRE,SIDI & PFI,16,21,18,Regular,Standard Pickup Trucks 2WD,N,23 (2018 & 2020 default trim on cars.com; 26/36 gal on other configs per 2018 brochure),5,60000,FACT,39247,https://www.fueleconomy.gov/feg/noframes/39247.shtml,https://www.fordservicecontent.com/Ford_Content/Catalog/owner_information/2019MYUS_Ford_LT_Truck_WTY_V4.pdf,2026-09-27
2018,Ford,F-150,5.0L V8,4x2,Automatic (S10),F150 Pickup 2WD FFV,SIDI & PFI; FFV,17,23,19,Gasoline or E85,Standard Pickup Trucks 2WD,N,23 (2018 & 2020 default trim on cars.com; 26/36 gal on other configs per 2018 brochure),5,60000,FACT,39597,https://www.fueleconomy.gov/feg/noframes/39597.shtml,https://www.fordservicecontent.com/Ford_Content/Catalog/owner_information/2019MYUS_Ford_LT_Truck_WTY_V4.pdf,2026-09-27
2018,Ford,F-150,5.0L V8,4x2,Automatic (S10),F150 5.0L 2WD FFV GVWR>7599 LBS,SIDI & PFI; FFV,16,20,17,Gasoline or E85,Standard Pickup Trucks 2WD,N,23 (2018 & 2020 default trim on cars.com; 26/36 gal on other configs per 2018 brochure),5,60000,FACT,39598,https://www.fueleconomy.gov/feg/noframes/39598.shtml,https://www.fordservicecontent.com/Ford_Content/Catalog/owner_information/2019MYUS_Ford_LT_Truck_WTY_V4.pdf,2026-09-27
2018,Ford,F-150,5.0L V8,4x2,Automatic (S10),F150 2WD FFV BASE PAYLOAD LT,SIDI & PFI; FFV,16,21,18,Gasoline or E85,Standard Pickup Trucks 2WD,N,23 (2018 & 2020 default trim on cars.com; 26/36 gal on other configs per 2018 brochure),5,60000,FACT,39599,https://www.fueleconomy.gov/feg/noframes/39599.shtml,https://www.fordservicecontent.com/Ford_Content/Catalog/owner_information/2019MYUS_Ford_LT_Truck_WTY_V4.pdf,2026-09-27
2018,Ford,F-150,5.0L V8,4x4,Automatic (S10),F150 Pickup 4WD,SIDI & PFI,16,22,18,Regular,Standard Pickup Trucks 4WD,Y,23 (2018 & 2020 default trim on cars.com; 26/36 gal on other configs per 2018 brochure),5,60000,FACT,39260,https://www.fueleconomy.gov/feg/noframes/39260.shtml,https://www.fordservicecontent.com/Ford_Content/Catalog/owner_information/2019MYUS_Ford_LT_Truck_WTY_V4.pdf,2026-09-27
2018,Ford,F-150,5.0L V8,4x4,Automatic (S10),F150 5.0L 4WD GVWR>7599 LBS,SIDI & PFI,15,19,17,Regular,Standard Pickup Trucks 4WD,N,23 (2018 & 2020 default trim on cars.com; 26/36 gal on other configs per 2018 brochure),5,60000,FACT,39259,https://www.fueleconomy.gov/feg/noframes/39259.shtml,https://www.fordservicecontent.com/Ford_Content/Catalog/owner_information/2019MYUS_Ford_LT_Truck_WTY_V4.pdf,2026-09-27
2018,Ford,F-150,5.0L V8,4x4,Automatic (S10),F150 4WD BASE PAYLOAD LT TIRE,SIDI & PFI,16,20,17,Regular,Standard Pickup Trucks 4WD,N,23 (2018 & 2020 default trim on cars.com; 26/36 gal on other configs per 2018 brochure),5,60000,FACT,39261,https://www.fueleconomy.gov/feg/noframes/39261.shtml,https://www.fordservicecontent.com/Ford_Content/Catalog/owner_information/2019MYUS_Ford_LT_Truck_WTY_V4.pdf,2026-09-27
2018,Ford,F-150,5.0L V8,4x4,Automatic (S10),F150 Pickup 4WD FFV,SIDI & PFI; FFV,16,22,18,Gasoline or E85,Standard Pickup Trucks 4WD,N,23 (2018 & 2020 default trim on cars.com; 26/36 gal on other configs per 2018 brochure),5,60000,FACT,39600,https://www.fueleconomy.gov/feg/noframes/39600.shtml,https://www.fordservicecontent.com/Ford_Content/Catalog/owner_information/2019MYUS_Ford_LT_Truck_WTY_V4.pdf,2026-09-27
2018,Ford,F-150,5.0L V8,4x4,Automatic (S10),F150 5.0L 4WD FFV GVWR>7599 LBS,SIDI & PFI; FFV,15,19,17,Gasoline or E85,Standard Pickup Trucks 4WD,N,23 (2018 & 2020 default trim on cars.com; 26/36 gal on other configs per 2018 brochure),5,60000,FACT,39601,https://www.fueleconomy.gov/feg/noframes/39601.shtml,https://www.fordservicecontent.com/Ford_Content/Catalog/owner_information/2019MYUS_Ford_LT_Truck_WTY_V4.pdf,2026-09-27
2018,Ford,F-150,5.0L V8,4x4,Automatic (S10),F150 4WD FFV BASE PAYLOAD LT,SIDI & PFI; FFV,16,20,17,Gasoline or E85,Standard Pickup Trucks 4WD,N,23 (2018 & 2020 default trim on cars.com; 26/36 gal on other configs per 2018 brochure),5,60000,FACT,39602,https://www.fueleconomy.gov/feg/noframes/39602.shtml,https://www.fordservicecontent.com/Ford_Content/Catalog/owner_information/2019MYUS_Ford_LT_Truck_WTY_V4.pdf,2026-09-27
2019,Ford,F-150,5.0L V8,4x2,Automatic (S10),F150 Pickup 2WD FFV,SIDI & PFI; FFV,17,23,19,Gasoline or E85,Standard Pickup Trucks 2WD,Y,23 (2018 & 2020 default trim on cars.com; 26/36 gal on other configs per 2018 brochure),5,60000,FACT,41023,https://www.fueleconomy.gov/feg/noframes/41023.shtml,https://www.fordservicecontent.com/Ford_Content/Catalog/owner_information/2019MYUS_Ford_LT_Truck_WTY_V4.pdf,2026-09-27
2019,Ford,F-150,5.0L V8,4x2,Automatic (S10),F150 2WD FFV BASE PAYLOAD LT,SIDI & PFI; FFV,16,21,18,Gasoline or E85,Standard Pickup Trucks 2WD,N,23 (2018 & 2020 default trim on cars.com; 26/36 gal on other configs per 2018 brochure),5,60000,FACT,41024,https://www.fueleconomy.gov/feg/noframes/41024.shtml,https://www.fordservicecontent.com/Ford_Content/Catalog/owner_information/2019MYUS_Ford_LT_Truck_WTY_V4.pdf,2026-09-27
2019,Ford,F-150,5.0L V8,4x2,Automatic (S10),F150 5.0L 2WD FFV GVWR>7599 LBS,SIDI & PFI; FFV,15,20,17,Gasoline or E85,Standard Pickup Trucks 2WD,N,23 (2018 & 2020 default trim on cars.com; 26/36 gal on other configs per 2018 brochure),5,60000,FACT,41025,https://www.fueleconomy.gov/feg/noframes/41025.shtml,https://www.fordservicecontent.com/Ford_Content/Catalog/owner_information/2019MYUS_Ford_LT_Truck_WTY_V4.pdf,2026-09-27
2019,Ford,F-150,5.0L V8,4x4,Automatic (S10),F150 Pickup 4WD FFV,SIDI & PFI; FFV,16,22,18,Gasoline or E85,Standard Pickup Trucks 4WD,Y,23 (2018 & 2020 default trim on cars.com; 26/36 gal on other configs per 2018 brochure),5,60000,FACT,41036,https://www.fueleconomy.gov/feg/noframes/41036.shtml,https://www.fordservicecontent.com/Ford_Content/Catalog/owner_information/2019MYUS_Ford_LT_Truck_WTY_V4.pdf,2026-09-27
2019,Ford,F-150,5.0L V8,4x4,Automatic (S10),F150 4WD FFV BASE PAYLOAD LT,SIDI & PFI; FFV,15,20,17,Gasoline or E85,Standard Pickup Trucks 4WD,N,23 (2018 & 2020 default trim on cars.com; 26/36 gal on other configs per 2018 brochure),5,60000,FACT,41037,https://www.fueleconomy.gov/feg/noframes/41037.shtml,https://www.fordservicecontent.com/Ford_Content/Catalog/owner_information/2019MYUS_Ford_LT_Truck_WTY_V4.pdf,2026-09-27
2019,Ford,F-150,5.0L V8,4x4,Automatic (S10),F150 5.0L 4WD FFV GVWR>7599 LBS,SIDI & PFI; FFV,14,19,16,Gasoline or E85,Standard Pickup Trucks 4WD,N,23 (2018 & 2020 default trim on cars.com; 26/36 gal on other configs per 2018 brochure),5,60000,FACT,41038,https://www.fueleconomy.gov/feg/noframes/41038.shtml,https://www.fordservicecontent.com/Ford_Content/Catalog/owner_information/2019MYUS_Ford_LT_Truck_WTY_V4.pdf,2026-09-27
2020,Ford,F-150,5.0L V8,4x2,Automatic (S10),F150 Pickup 2WD FFV,SIDI & PFI; FFV,17,23,19,Gasoline or E85,Standard Pickup Trucks 2WD,Y,23 (2018 & 2020 default trim on cars.com; 26/36 gal on other configs per 2018 brochure),5,60000,FACT,42168,https://www.fueleconomy.gov/feg/noframes/42168.shtml,https://www.fordservicecontent.com/Ford_Content/Catalog/owner_information/2019MYUS_Ford_LT_Truck_WTY_V4.pdf,2026-09-27
2020,Ford,F-150,5.0L V8,4x2,Automatic (S10),F150 2WD FFV BASE PAYLOAD LT,SIDI & PFI; FFV,16,21,18,Gasoline or E85,Standard Pickup Trucks 2WD,N,23 (2018 & 2020 default trim on cars.com; 26/36 gal on other configs per 2018 brochure),5,60000,FACT,42169,https://www.fueleconomy.gov/feg/noframes/42169.shtml,https://www.fordservicecontent.com/Ford_Content/Catalog/owner_information/2019MYUS_Ford_LT_Truck_WTY_V4.pdf,2026-09-27
2020,Ford,F-150,5.0L V8,4x2,Automatic (S10),F150 5.0L 2WD FFV GVWR>7599 LBS,SIDI & PFI; FFV,15,20,17,Gasoline or E85,Standard Pickup Trucks 2WD,N,23 (2018 & 2020 default trim on cars.com; 26/36 gal on other configs per 2018 brochure),5,60000,FACT,42170,https://www.fueleconomy.gov/feg/noframes/42170.shtml,https://www.fordservicecontent.com/Ford_Content/Catalog/owner_information/2019MYUS_Ford_LT_Truck_WTY_V4.pdf,2026-09-27
2020,Ford,F-150,5.0L V8,4x4,Automatic (S10),F150 Pickup 4WD FFV,SIDI & PFI; FFV,15,21,18,Gasoline or E85,Standard Pickup Trucks 4WD,Y,23 (2018 & 2020 default trim on cars.com; 26/36 gal on other configs per 2018 brochure),5,60000,FACT,42175,https://www.fueleconomy.gov/feg/noframes/42175.shtml,https://www.fordservicecontent.com/Ford_Content/Catalog/owner_information/2019MYUS_Ford_LT_Truck_WTY_V4.pdf,2026-09-27
2016,Ford,F-150,EcoBoost 3.5L V6 twin-turbo,4x2,Automatic (S6),F150 Pickup 2WD,SIDI; Ecoboost,17,24,20,Regular,Standard Pickup Trucks 2WD,Y,23 (2018 & 2020 default trim on cars.com; 26/36 gal on other configs per 2018 brochure),5,60000,FACT,37040,https://www.fueleconomy.gov/feg/noframes/37040.shtml,https://www.fordservicecontent.com/Ford_Content/Catalog/owner_information/2019MYUS_Ford_LT_Truck_WTY_V4.pdf,2026-09-27
2016,Ford,F-150,EcoBoost 3.5L V6 twin-turbo,4x2,Automatic (S6),F150 3.5L 2WD GVWR>7599 LBS PAYLOAD PACKAGE,SIDI; Ecoboost; GVWR>7599 LBS,16,22,18,Regular,Standard Pickup Trucks 2WD,N,23 (2018 & 2020 default trim on cars.com; 26/36 gal on other configs per 2018 brochure),5,60000,FACT,37045,https://www.fueleconomy.gov/feg/noframes/37045.shtml,https://www.fordservicecontent.com/Ford_Content/Catalog/owner_information/2019MYUS_Ford_LT_Truck_WTY_V4.pdf,2026-09-27
2016,Ford,F-150,EcoBoost 3.5L V6 twin-turbo,4x4,Automatic (S6),F150 Pickup 4WD,SIDI; Ecoboost,16,22,18,Regular,Standard Pickup Trucks 4WD,Y,23 (2018 & 2020 default trim on cars.com; 26/36 gal on other configs per 2018 brochure),5,60000,FACT,37048,https://www.fueleconomy.gov/feg/noframes/37048.shtml,https://www.fordservicecontent.com/Ford_Content/Catalog/owner_information/2019MYUS_Ford_LT_Truck_WTY_V4.pdf,2026-09-27
2016,Ford,F-150,EcoBoost 3.5L V6 twin-turbo,4x4,Automatic (S6),F150 3.5L 4WD GVWR>7599 LBS PAYLOAD PACKAGE,SIDI; Ecoboost; GVWR>7599 LBS,15,20,17,Regular,Standard Pickup Trucks 4WD,N,23 (2018 & 2020 default trim on cars.com; 26/36 gal on other configs per 2018 brochure),5,60000,FACT,37053,https://www.fueleconomy.gov/feg/noframes/37053.shtml,https://www.fordservicecontent.com/Ford_Content/Catalog/owner_information/2019MYUS_Ford_LT_Truck_WTY_V4.pdf,2026-09-27
2017,Ford,F-150,EcoBoost 3.5L V6 twin-turbo,4x2,Automatic (S10),F150 Pickup 2WD,SIDI,18,25,21,Regular,Standard Pickup Trucks 2WD,Y,23 (2018 & 2020 default trim on cars.com; 26/36 gal on other configs per 2018 brochure),5,60000,FACT,38266,https://www.fueleconomy.gov/feg/noframes/38266.shtml,https://www.fordservicecontent.com/Ford_Content/Catalog/owner_information/2019MYUS_Ford_LT_Truck_WTY_V4.pdf,2026-09-27
2017,Ford,F-150,EcoBoost 3.5L V6 twin-turbo,4x2,Automatic (S10),F150 3.5L 2WD GVWR>7599 LBS,SIDI,17,22,19,Regular,Standard Pickup Trucks 2WD,N,23 (2018 & 2020 default trim on cars.com; 26/36 gal on other configs per 2018 brochure),5,60000,FACT,38267,https://www.fueleconomy.gov/feg/noframes/38267.shtml,https://www.fordservicecontent.com/Ford_Content/Catalog/owner_information/2019MYUS_Ford_LT_Truck_WTY_V4.pdf,2026-09-27
2017,Ford,F-150,EcoBoost 3.5L V6 twin-turbo,4x2,Automatic (S10),F150 2WD BASE PAYLOAD LT TIRE,SIDI,18,23,20,Regular,Standard Pickup Trucks 2WD,N,23 (2018 & 2020 default trim on cars.com; 26/36 gal on other configs per 2018 brochure),5,60000,FACT,38269,https://www.fueleconomy.gov/feg/noframes/38269.shtml,https://www.fordservicecontent.com/Ford_Content/Catalog/owner_information/2019MYUS_Ford_LT_Truck_WTY_V4.pdf,2026-09-27
2017,Ford,F-150,EcoBoost 3.5L V6 twin-turbo,4x4,Automatic (S10),F150 Pickup 4WD,SIDI,17,23,20,Regular,Standard Pickup Trucks 4WD,Y,23 (2018 & 2020 default trim on cars.com; 26/36 gal on other configs per 2018 brochure),5,60000,FACT,38277,https://www.fueleconomy.gov/feg/noframes/38277.shtml,https://www.fordservicecontent.com/Ford_Content/Catalog/owner_information/2019MYUS_Ford_LT_Truck_WTY_V4.pdf,2026-09-27
2017,Ford,F-150,EcoBoost 3.5L V6 twin-turbo,4x4,Automatic (S10),F150 4WD BASE PAYLOAD LT TIRE,SIDI,17,22,19,Regular,Standard Pickup Trucks 4WD,N,23 (2018 & 2020 default trim on cars.com; 26/36 gal on other configs per 2018 brochure),5,60000,FACT,38215,https://www.fueleconomy.gov/feg/noframes/38215.shtml,https://www.fordservicecontent.com/Ford_Content/Catalog/owner_information/2019MYUS_Ford_LT_Truck_WTY_V4.pdf,2026-09-27
2017,Ford,F-150,EcoBoost 3.5L V6 twin-turbo,4x4,Automatic (S10),F150 3.5L 4WD GVWR>7599 LBS,SIDI,17,21,19,Regular,Standard Pickup Trucks 4WD,N,23 (2018 & 2020 default trim on cars.com; 26/36 gal on other configs per 2018 brochure),5,60000,FACT,38278,https://www.fueleconomy.gov/feg/noframes/38278.shtml,https://www.fordservicecontent.com/Ford_Content/Catalog/owner_information/2019MYUS_Ford_LT_Truck_WTY_V4.pdf,2026-09-27
2018,Ford,F-150,EcoBoost 3.5L V6 twin-turbo,4x2,Automatic (S10),F150 Pickup 2WD,SIDI & PFI,18,25,21,Regular,Standard Pickup Trucks 2WD,Y,23 (2018 & 2020 default trim on cars.com; 26/36 gal on other configs per 2018 brochure),5,60000,FACT,39238,https://www.fueleconomy.gov/feg/noframes/39238.shtml,https://www.fordservicecontent.com/Ford_Content/Catalog/owner_information/2019MYUS_Ford_LT_Truck_WTY_V4.pdf,2026-09-27
2018,Ford,F-150,EcoBoost 3.5L V6 twin-turbo,4x2,Automatic (S10),F150 2WD BASE PAYLOAD LT TIRE,SIDI & PFI,17,22,19,Regular,Standard Pickup Trucks 2WD,N,23 (2018 & 2020 default trim on cars.com; 26/36 gal on other configs per 2018 brochure),5,60000,FACT,39239,https://www.fueleconomy.gov/feg/noframes/39239.shtml,https://www.fordservicecontent.com/Ford_Content/Catalog/owner_information/2019MYUS_Ford_LT_Truck_WTY_V4.pdf,2026-09-27
2018,Ford,F-150,EcoBoost 3.5L V6 twin-turbo,4x2,Automatic (S10),F150 3.5L 2WD GVWR>7599 LBS,SIDI & PFI,17,21,19,Regular,Standard Pickup Trucks 2WD,N,23 (2018 & 2020 default trim on cars.com; 26/36 gal on other configs per 2018 brochure),5,60000,FACT,39240,https://www.fueleconomy.gov/feg/noframes/39240.shtml,https://www.fordservicecontent.com/Ford_Content/Catalog/owner_information/2019MYUS_Ford_LT_Truck_WTY_V4.pdf,2026-09-27
2018,Ford,F-150,EcoBoost 3.5L V6 twin-turbo,4x4,Automatic (S10),F150 Pickup 4WD,SIDI & PFI,17,23,19,Regular,Standard Pickup Trucks 4WD,Y,23 (2018 & 2020 default trim on cars.com; 26/36 gal on other configs per 2018 brochure),5,60000,FACT,39252,https://www.fueleconomy.gov/feg/noframes/39252.shtml,https://www.fordservicecontent.com/Ford_Content/Catalog/owner_information/2019MYUS_Ford_LT_Truck_WTY_V4.pdf,2026-09-27
2018,Ford,F-150,EcoBoost 3.5L V6 twin-turbo,4x4,Automatic (S10),F150 4WD BASE PAYLOAD LT TIRE,SIDI & PFI,17,22,19,Regular,Standard Pickup Trucks 4WD,N,23 (2018 & 2020 default trim on cars.com; 26/36 gal on other configs per 2018 brochure),5,60000,FACT,39253,https://www.fueleconomy.gov/feg/noframes/39253.shtml,https://www.fordservicecontent.com/Ford_Content/Catalog/owner_information/2019MYUS_Ford_LT_Truck_WTY_V4.pdf,2026-09-27
2018,Ford,F-150,EcoBoost 3.5L V6 twin-turbo,4x4,Automatic (S10),F150 3.5L 4WD GVWR>7599 LBS,SIDI & PFI,16,21,18,Regular,Standard Pickup Trucks 4WD,N,23 (2018 & 2020 default trim on cars.com; 26/36 gal on other configs per 2018 brochure),5,60000,FACT,39254,https://www.fueleconomy.gov/feg/noframes/39254.shtml,https://www.fordservicecontent.com/Ford_Content/Catalog/owner_information/2019MYUS_Ford_LT_Truck_WTY_V4.pdf,2026-09-27
2019,Ford,F-150,EcoBoost 3.5L V6 twin-turbo,4x2,Automatic (S10),F150 Pickup 2WD,SIDI & PFI,18,25,21,Regular,Standard Pickup Trucks 2WD,Y,23 (2018 & 2020 default trim on cars.com; 26/36 gal on other configs per 2018 brochure),5,60000,FACT,41020,https://www.fueleconomy.gov/feg/noframes/41020.shtml,https://www.fordservicecontent.com/Ford_Content/Catalog/owner_information/2019MYUS_Ford_LT_Truck_WTY_V4.pdf,2026-09-27
2019,Ford,F-150,EcoBoost 3.5L V6 twin-turbo,4x2,Automatic (S10),F150 3.5L 2WD GVWR>7599 LBS,SIDI & PFI,17,21,19,Regular,Standard Pickup Trucks 2WD,N,23 (2018 & 2020 default trim on cars.com; 26/36 gal on other configs per 2018 brochure),5,60000,FACT,41019,https://www.fueleconomy.gov/feg/noframes/41019.shtml,https://www.fordservicecontent.com/Ford_Content/Catalog/owner_information/2019MYUS_Ford_LT_Truck_WTY_V4.pdf,2026-09-27
2019,Ford,F-150,EcoBoost 3.5L V6 twin-turbo,4x2,Automatic (S10),F150 2WD BASE PAYLOAD LT TIRE,SIDI & PFI,17,22,19,Regular,Standard Pickup Trucks 2WD,N,23 (2018 & 2020 default trim on cars.com; 26/36 gal on other configs per 2018 brochure),5,60000,FACT,41021,https://www.fueleconomy.gov/feg/noframes/41021.shtml,https://www.fordservicecontent.com/Ford_Content/Catalog/owner_information/2019MYUS_Ford_LT_Truck_WTY_V4.pdf,2026-09-27
2019,Ford,F-150,EcoBoost 3.5L V6 twin-turbo,4x2,Automatic (S10),F150 Pickup 2WD Limited,SIDI,17,22,19,Regular,Standard Pickup Trucks 2WD,N,23 (2018 & 2020 default trim on cars.com; 26/36 gal on other configs per 2018 brochure),5,60000,FACT,41026,https://www.fueleconomy.gov/feg/noframes/41026.shtml,https://www.fordservicecontent.com/Ford_Content/Catalog/owner_information/2019MYUS_Ford_LT_Truck_WTY_V4.pdf,2026-09-27
2019,Ford,F-150,EcoBoost 3.5L V6 twin-turbo,4x4,Automatic (S10),F150 Pickup 4WD,SIDI & PFI,17,23,19,Regular,Standard Pickup Trucks 4WD,Y,23 (2018 & 2020 default trim on cars.com; 26/36 gal on other configs per 2018 brochure),5,60000,FACT,41034,https://www.fueleconomy.gov/feg/noframes/41034.shtml,https://www.fordservicecontent.com/Ford_Content/Catalog/owner_information/2019MYUS_Ford_LT_Truck_WTY_V4.pdf,2026-09-27
2019,Ford,F-150,EcoBoost 3.5L V6 twin-turbo,4x4,Automatic (S10),F150 3.5L 4WD GVWR>7599 LBS,SIDI & PFI,16,21,18,Regular,Standard Pickup Trucks 4WD,N,23 (2018 & 2020 default trim on cars.com; 26/36 gal on other configs per 2018 brochure),5,60000,FACT,41033,https://www.fueleconomy.gov/feg/noframes/41033.shtml,https://www.fordservicecontent.com/Ford_Content/Catalog/owner_information/2019MYUS_Ford_LT_Truck_WTY_V4.pdf,2026-09-27
2019,Ford,F-150,EcoBoost 3.5L V6 twin-turbo,4x4,Automatic (S10),F150 4WD BASE PAYLOAD LT TIRE,SIDI & PFI,16,22,18,Regular,Standard Pickup Trucks 4WD,N,23 (2018 & 2020 default trim on cars.com; 26/36 gal on other configs per 2018 brochure),5,60000,FACT,41035,https://www.fueleconomy.gov/feg/noframes/41035.shtml,https://www.fordservicecontent.com/Ford_Content/Catalog/owner_information/2019MYUS_Ford_LT_Truck_WTY_V4.pdf,2026-09-27
2019,Ford,F-150,EcoBoost 3.5L V6 twin-turbo,4x4,Automatic (S10),F150 Pickup 4WD Limited,SIDI,17,21,19,Regular,Standard Pickup Trucks 4WD,N,23 (2018 & 2020 default trim on cars.com; 26/36 gal on other configs per 2018 brochure),5,60000,FACT,41040,https://www.fueleconomy.gov/feg/noframes/41040.shtml,https://www.fordservicecontent.com/Ford_Content/Catalog/owner_information/2019MYUS_Ford_LT_Truck_WTY_V4.pdf,2026-09-27
2020,Ford,F-150,EcoBoost 3.5L V6 twin-turbo,4x2,Automatic (S10),F150 Pickup 2WD,SIDI & PFI,17,23,19,Regular,Standard Pickup Trucks 2WD,Y,23 (2018 & 2020 default trim on cars.com; 26/36 gal on other configs per 2018 brochure),5,60000,FACT,42171,https://www.fueleconomy.gov/feg/noframes/42171.shtml,https://www.fordservicecontent.com/Ford_Content/Catalog/owner_information/2019MYUS_Ford_LT_Truck_WTY_V4.pdf,2026-09-27
2020,Ford,F-150,EcoBoost 3.5L V6 twin-turbo,4x2,Automatic (S10),F150 Pickup 2WD Limited,SIDI,17,22,19,Regular,Standard Pickup Trucks 2WD,N,23 (2018 & 2020 default trim on cars.com; 26/36 gal on other configs per 2018 brochure),5,60000,FACT,42172,https://www.fueleconomy.gov/feg/noframes/42172.shtml,https://www.fordservicecontent.com/Ford_Content/Catalog/owner_information/2019MYUS_Ford_LT_Truck_WTY_V4.pdf,2026-09-27
2020,Ford,F-150,EcoBoost 3.5L V6 twin-turbo,4x4,Automatic (S10),F150 Pickup 4WD,SIDI & PFI,16,22,18,Regular,Standard Pickup Trucks 4WD,Y,23 (2018 & 2020 default trim on cars.com; 26/36 gal on other configs per 2018 brochure),5,60000,FACT,42176,https://www.fueleconomy.gov/feg/noframes/42176.shtml,https://www.fordservicecontent.com/Ford_Content/Catalog/owner_information/2019MYUS_Ford_LT_Truck_WTY_V4.pdf,2026-09-27
2020,Ford,F-150,EcoBoost 3.5L V6 twin-turbo,4x4,Automatic (S10),F150 Pickup 4WD Limited,SIDI,17,21,19,Regular,Standard Pickup Trucks 4WD,N,23 (2018 & 2020 default trim on cars.com; 26/36 gal on other configs per 2018 brochure),5,60000,FACT,42177,https://www.fueleconomy.gov/feg/noframes/42177.shtml,https://www.fordservicecontent.com/Ford_Content/Catalog/owner_information/2019MYUS_Ford_LT_Truck_WTY_V4.pdf,2026-09-27
2016,Ford,Transit T150 Wagon (EPA proxy only),3.7L V6,4x2,Automatic (S6),Transit T150 Wagon FFV,FFV,14,18,16,Gasoline or E85,"Vans, Passenger Type",N,25 per cars.com 2018 T-250/T-350,5,60000,FACT,36909,https://www.fueleconomy.gov/feg/noframes/36909.shtml,https://www.fordservicecontent.com/Ford_Content/Catalog/owner_information/2019MYUS_Ford_LT_Truck_WTY_V4.pdf,2026-09-27
2017,Ford,Transit T150 Wagon (EPA proxy only),3.7L V6,4x2,Automatic (S6),Transit T150 Wagon FFV,FFV,14,18,16,Gasoline or E85,"Vans, Passenger Type",N,25 per cars.com 2018 T-250/T-350,5,60000,FACT,37832,https://www.fueleconomy.gov/feg/noframes/37832.shtml,https://www.fordservicecontent.com/Ford_Content/Catalog/owner_information/2019MYUS_Ford_LT_Truck_WTY_V4.pdf,2026-09-27
2018,Ford,Transit T150 Wagon (EPA proxy only),3.7L V6,4x2,Automatic (S6),Transit T150 Wagon,,14,18,16,Regular,"Vans, Passenger Type",Y,25 per cars.com 2018 T-250/T-350,5,60000,FACT,39454,https://www.fueleconomy.gov/feg/noframes/39454.shtml,https://www.fordservicecontent.com/Ford_Content/Catalog/owner_information/2019MYUS_Ford_LT_Truck_WTY_V4.pdf,2026-09-27
2018,Ford,Transit T150 Wagon (EPA proxy only),3.7L V6,4x2,Automatic (S6),Transit T150 Wagon FFV,FFV,14,18,16,Gasoline or E85,"Vans, Passenger Type",N,25 per cars.com 2018 T-250/T-350,5,60000,FACT,39453,https://www.fueleconomy.gov/feg/noframes/39453.shtml,https://www.fordservicecontent.com/Ford_Content/Catalog/owner_information/2019MYUS_Ford_LT_Truck_WTY_V4.pdf,2026-09-27
2019,Ford,Transit T150 Wagon (EPA proxy only),3.7L V6,4x2,Automatic (S6),Transit T150 Wagon,,14,18,15,Regular,"Vans, Passenger Type",Y,25 per cars.com 2018 T-250/T-350,5,60000,FACT,40794,https://www.fueleconomy.gov/feg/noframes/40794.shtml,https://www.fordservicecontent.com/Ford_Content/Catalog/owner_information/2019MYUS_Ford_LT_Truck_WTY_V4.pdf,2026-09-27
2019,Ford,Transit T150 Wagon (EPA proxy only),3.7L V6,4x2,Automatic (S6),Transit T150 Wagon FFV,FFV,14,18,15,Gasoline or E85,"Vans, Passenger Type",N,25 per cars.com 2018 T-250/T-350,5,60000,FACT,40793,https://www.fueleconomy.gov/feg/noframes/40793.shtml,https://www.fordservicecontent.com/Ford_Content/Catalog/owner_information/2019MYUS_Ford_LT_Truck_WTY_V4.pdf,2026-09-27
2016,Ram,1500,5.7L Hemi V8,4x2,Automatic 6-spd,1500 2WD,,14,20,16,Midgrade,Standard Pickup Trucks 2WD,Y,32 (2018 default trim) / 23 (2020 default trim) per cars.com,5,60000,FACT,36542,https://www.fueleconomy.gov/feg/noframes/36542.shtml,https://vehicleinfo.mopar.com/assets/publications/en-us/Ram/2019/1500_DT/9706.pdf,2026-09-27
2016,Ram,1500,5.7L Hemi V8,4x2,Automatic 8-spd,1500 2WD,,15,22,17,Midgrade,Standard Pickup Trucks 2WD,Y,32 (2018 default trim) / 23 (2020 default trim) per cars.com,5,60000,FACT,36543,https://www.fueleconomy.gov/feg/noframes/36543.shtml,https://vehicleinfo.mopar.com/assets/publications/en-us/Ram/2019/1500_DT/9706.pdf,2026-09-27
2016,Ram,1500,5.7L Hemi V8,4x4,Automatic 6-spd,1500 4WD,,13,19,15,Midgrade,Standard Pickup Trucks 4WD,Y,32 (2018 default trim) / 23 (2020 default trim) per cars.com,5,60000,FACT,36546,https://www.fueleconomy.gov/feg/noframes/36546.shtml,https://vehicleinfo.mopar.com/assets/publications/en-us/Ram/2019/1500_DT/9706.pdf,2026-09-27
2016,Ram,1500,5.7L Hemi V8,4x4,Automatic 8-spd,1500 4WD,,15,21,17,Midgrade,Standard Pickup Trucks 4WD,Y,32 (2018 default trim) / 23 (2020 default trim) per cars.com,5,60000,FACT,36548,https://www.fueleconomy.gov/feg/noframes/36548.shtml,https://vehicleinfo.mopar.com/assets/publications/en-us/Ram/2019/1500_DT/9706.pdf,2026-09-27
2017,Ram,1500,5.7L Hemi V8,4x2,Automatic 8-spd,1500 2WD,,15,22,17,Midgrade,Standard Pickup Trucks 2WD,Y,32 (2018 default trim) / 23 (2020 default trim) per cars.com,5,60000,FACT,37991,https://www.fueleconomy.gov/feg/noframes/37991.shtml,https://vehicleinfo.mopar.com/assets/publications/en-us/Ram/2019/1500_DT/9706.pdf,2026-09-27
2017,Ram,1500,5.7L Hemi V8,4x4,Automatic 6-spd,1500 4WD,,13,19,15,Midgrade,Standard Pickup Trucks 4WD,Y,32 (2018 default trim) / 23 (2020 default trim) per cars.com,5,60000,FACT,37993,https://www.fueleconomy.gov/feg/noframes/37993.shtml,https://vehicleinfo.mopar.com/assets/publications/en-us/Ram/2019/1500_DT/9706.pdf,2026-09-27
2017,Ram,1500,5.7L Hemi V8,4x4,Automatic 8-spd,1500 4WD,,15,21,17,Midgrade,Standard Pickup Trucks 4WD,Y,32 (2018 default trim) / 23 (2020 default trim) per cars.com,5,60000,FACT,37994,https://www.fueleconomy.gov/feg/noframes/37994.shtml,https://vehicleinfo.mopar.com/assets/publications/en-us/Ram/2019/1500_DT/9706.pdf,2026-09-27
2018,Ram,1500,5.7L Hemi V8,4x2,Automatic 8-spd,1500 2WD,,15,22,17,Midgrade,Standard Pickup Trucks 2WD,Y,32 (2018 default trim) / 23 (2020 default trim) per cars.com,5,60000,FACT,39358,https://www.fueleconomy.gov/feg/noframes/39358.shtml,https://vehicleinfo.mopar.com/assets/publications/en-us/Ram/2019/1500_DT/9706.pdf,2026-09-27
2018,Ram,1500,5.7L Hemi V8,4x4,Automatic 6-spd,1500 4WD,,13,18,14,Midgrade,Standard Pickup Trucks 4WD,Y,32 (2018 default trim) / 23 (2020 default trim) per cars.com,5,60000,FACT,39361,https://www.fueleconomy.gov/feg/noframes/39361.shtml,https://vehicleinfo.mopar.com/assets/publications/en-us/Ram/2019/1500_DT/9706.pdf,2026-09-27
2018,Ram,1500,5.7L Hemi V8,4x4,Automatic 8-spd,1500 4WD,,15,21,17,Midgrade,Standard Pickup Trucks 4WD,Y,32 (2018 default trim) / 23 (2020 default trim) per cars.com,5,60000,FACT,39362,https://www.fueleconomy.gov/feg/noframes/39362.shtml,https://vehicleinfo.mopar.com/assets/publications/en-us/Ram/2019/1500_DT/9706.pdf,2026-09-27
2019,Ram,1500,5.7L Hemi V8,4x2,Automatic 8-spd,1500 2WD,,15,22,17,Midgrade,Standard Pickup Trucks 2WD,Y,32 (2018 default trim) / 23 (2020 default trim) per cars.com,5,60000,FACT,39940,https://www.fueleconomy.gov/feg/noframes/39940.shtml,https://vehicleinfo.mopar.com/assets/publications/en-us/Ram/2019/1500_DT/9706.pdf,2026-09-27
2019,Ram,1500,5.7L Hemi V8,4x2,Automatic 8-spd,1500 2WD,Mild Hybrid; eTorque,17,23,19,Midgrade,Standard Pickup Trucks 2WD,N,32 (2018 default trim) / 23 (2020 default trim) per cars.com,5,60000,FACT,40394,https://www.fueleconomy.gov/feg/noframes/40394.shtml,https://vehicleinfo.mopar.com/assets/publications/en-us/Ram/2019/1500_DT/9706.pdf,2026-09-27
2019,Ram,1500,5.7L Hemi V8,4x4,Automatic 8-spd,1500 4WD,,15,21,17,Midgrade,Standard Pickup Trucks 4WD,Y,32 (2018 default trim) / 23 (2020 default trim) per cars.com,5,60000,FACT,39941,https://www.fueleconomy.gov/feg/noframes/39941.shtml,https://vehicleinfo.mopar.com/assets/publications/en-us/Ram/2019/1500_DT/9706.pdf,2026-09-27
2019,Ram,1500,5.7L Hemi V8,4x4,Automatic 8-spd,1500 4WD,Mild Hybrid; eTorque,17,22,19,Midgrade,Standard Pickup Trucks 4WD,N,32 (2018 default trim) / 23 (2020 default trim) per cars.com,5,60000,FACT,40397,https://www.fueleconomy.gov/feg/noframes/40397.shtml,https://vehicleinfo.mopar.com/assets/publications/en-us/Ram/2019/1500_DT/9706.pdf,2026-09-27
2020,Ram,1500,5.7L Hemi V8,4x2,Automatic 8-spd,1500 2WD,,15,22,17,Midgrade,Standard Pickup Trucks 2WD,Y,32 (2018 default trim) / 23 (2020 default trim) per cars.com,5,60000,FACT,41653,https://www.fueleconomy.gov/feg/noframes/41653.shtml,https://vehicleinfo.mopar.com/assets/publications/en-us/Ram/2019/1500_DT/9706.pdf,2026-09-27
2020,Ram,1500,5.7L Hemi V8,4x2,Automatic 8-spd,1500 2WD,Mild Hybrid; eTorque,17,23,19,Midgrade,Standard Pickup Trucks 2WD,N,32 (2018 default trim) / 23 (2020 default trim) per cars.com,5,60000,FACT,41652,https://www.fueleconomy.gov/feg/noframes/41652.shtml,https://vehicleinfo.mopar.com/assets/publications/en-us/Ram/2019/1500_DT/9706.pdf,2026-09-27
2020,Ram,1500,5.7L Hemi V8,4x4,Automatic 8-spd,1500 4WD,,15,21,17,Midgrade,Standard Pickup Trucks 4WD,Y,32 (2018 default trim) / 23 (2020 default trim) per cars.com,5,60000,FACT,41657,https://www.fueleconomy.gov/feg/noframes/41657.shtml,https://vehicleinfo.mopar.com/assets/publications/en-us/Ram/2019/1500_DT/9706.pdf,2026-09-27
2020,Ram,1500,5.7L Hemi V8,4x4,Automatic 8-spd,1500 4WD,Mild Hybrid; eTorque,17,22,19,Midgrade,Standard Pickup Trucks 4WD,N,32 (2018 default trim) / 23 (2020 default trim) per cars.com,5,60000,FACT,41656,https://www.fueleconomy.gov/feg/noframes/41656.shtml,https://vehicleinfo.mopar.com/assets/publications/en-us/Ram/2019/1500_DT/9706.pdf,2026-09-27
2016,Toyota,Tacoma,3.5L V6,4x2,Automatic (S6),Tacoma 2WD,SIDI & PFI,19,24,21,Regular,Small Pickup Trucks 2WD,Y,21 per cars.com 2018,5,60000,FACT,36919,https://www.fueleconomy.gov/feg/noframes/36919.shtml,https://assets.sia.toyota.com/publications/en/omms-s/T-MMS-18Tacoma/pdf/T-MMS-18Tacoma.pdf,2026-09-27
2016,Toyota,Tacoma,3.5L V6,4x4,Automatic (S6),Tacoma 4WD,SIDI & PFI,18,23,20,Regular,Small Pickup Trucks 4WD,Y,21 per cars.com 2018,5,60000,FACT,36924,https://www.fueleconomy.gov/feg/noframes/36924.shtml,https://assets.sia.toyota.com/publications/en/omms-s/T-MMS-18Tacoma/pdf/T-MMS-18Tacoma.pdf,2026-09-27
2016,Toyota,Tacoma,3.5L V6,4x4,Manual 6-spd,Tacoma 4WD,SIDI & PFI,17,21,19,Regular,Small Pickup Trucks 4WD,N,21 per cars.com 2018,5,60000,FACT,36925,https://www.fueleconomy.gov/feg/noframes/36925.shtml,https://assets.sia.toyota.com/publications/en/omms-s/T-MMS-18Tacoma/pdf/T-MMS-18Tacoma.pdf,2026-09-27
2016,Toyota,Tacoma,3.5L V6,4x4,Manual 6-spd,Tacoma 4WD Double Cab,SIDI & PFI; with Off Road Package,17,20,18,Regular,Small Pickup Trucks 4WD,N,21 per cars.com 2018,5,60000,FACT,36926,https://www.fueleconomy.gov/feg/noframes/36926.shtml,https://assets.sia.toyota.com/publications/en/omms-s/T-MMS-18Tacoma/pdf/T-MMS-18Tacoma.pdf,2026-09-27
2017,Toyota,Tacoma,3.5L V6,4x2,Automatic (S6),Tacoma 2WD,SIDI & PFI,19,24,21,Regular,Small Pickup Trucks 2WD,Y,21 per cars.com 2018,5,60000,FACT,37984,https://www.fueleconomy.gov/feg/noframes/37984.shtml,https://assets.sia.toyota.com/publications/en/omms-s/T-MMS-18Tacoma/pdf/T-MMS-18Tacoma.pdf,2026-09-27
2017,Toyota,Tacoma,3.5L V6,4x4,Automatic (S6),Tacoma 4WD,SIDI & PFI,18,23,20,Regular,Small Pickup Trucks 4WD,Y,21 per cars.com 2018,5,60000,FACT,37987,https://www.fueleconomy.gov/feg/noframes/37987.shtml,https://assets.sia.toyota.com/publications/en/omms-s/T-MMS-18Tacoma/pdf/T-MMS-18Tacoma.pdf,2026-09-27
2017,Toyota,Tacoma,3.5L V6,4x4,Manual 6-spd,Tacoma 4WD,SIDI & PFI,17,21,18,Regular,Small Pickup Trucks 4WD,N,21 per cars.com 2018,5,60000,FACT,37986,https://www.fueleconomy.gov/feg/noframes/37986.shtml,https://assets.sia.toyota.com/publications/en/omms-s/T-MMS-18Tacoma/pdf/T-MMS-18Tacoma.pdf,2026-09-27
2017,Toyota,Tacoma,3.5L V6,4x4,Manual 6-spd,Tacoma 4WD Double Cab Off-Road,SIDI & PFI,17,20,18,Regular,Small Pickup Trucks 4WD,N,21 per cars.com 2018,5,60000,FACT,37988,https://www.fueleconomy.gov/feg/noframes/37988.shtml,https://assets.sia.toyota.com/publications/en/omms-s/T-MMS-18Tacoma/pdf/T-MMS-18Tacoma.pdf,2026-09-27
2018,Toyota,Tacoma,3.5L V6,4x2,Automatic (S6),Tacoma 2WD,SIDI & PFI,19,24,21,Regular,Small Pickup Trucks 2WD,Y,21 per cars.com 2018,5,60000,FACT,39761,https://www.fueleconomy.gov/feg/noframes/39761.shtml,https://assets.sia.toyota.com/publications/en/omms-s/T-MMS-18Tacoma/pdf/T-MMS-18Tacoma.pdf,2026-09-27
2018,Toyota,Tacoma,3.5L V6,4x4,Automatic (S6),Tacoma 4WD,SIDI & PFI,18,22,20,Regular,Small Pickup Trucks 4WD,Y,21 per cars.com 2018,5,60000,FACT,39763,https://www.fueleconomy.gov/feg/noframes/39763.shtml,https://assets.sia.toyota.com/publications/en/omms-s/T-MMS-18Tacoma/pdf/T-MMS-18Tacoma.pdf,2026-09-27
2018,Toyota,Tacoma,3.5L V6,4x4,Manual 6-spd,Tacoma 4WD,SIDI & PFI,17,21,18,Regular,Small Pickup Trucks 4WD,N,21 per cars.com 2018,5,60000,FACT,39764,https://www.fueleconomy.gov/feg/noframes/39764.shtml,https://assets.sia.toyota.com/publications/en/omms-s/T-MMS-18Tacoma/pdf/T-MMS-18Tacoma.pdf,2026-09-27
2018,Toyota,Tacoma,3.5L V6,4x4,Manual 6-spd,Tacoma 4WD Double Cab Off-Road,SIDI & PFI,17,20,18,Regular,Small Pickup Trucks 4WD,N,21 per cars.com 2018,5,60000,FACT,39765,https://www.fueleconomy.gov/feg/noframes/39765.shtml,https://assets.sia.toyota.com/publications/en/omms-s/T-MMS-18Tacoma/pdf/T-MMS-18Tacoma.pdf,2026-09-27
2019,Toyota,Tacoma,3.5L V6,4x2,Automatic (S6),Tacoma 2WD,SIDI & PFI,19,24,21,Regular,Small Pickup Trucks 2WD,Y,21 per cars.com 2018,5,60000,FACT,40730,https://www.fueleconomy.gov/feg/noframes/40730.shtml,https://assets.sia.toyota.com/publications/en/omms-s/T-MMS-18Tacoma/pdf/T-MMS-18Tacoma.pdf,2026-09-27
2019,Toyota,Tacoma,3.5L V6,4x4,Automatic (S6),Tacoma 4WD,SIDI & PFI,18,22,20,Regular,Small Pickup Trucks 4WD,Y,21 per cars.com 2018,5,60000,FACT,40732,https://www.fueleconomy.gov/feg/noframes/40732.shtml,https://assets.sia.toyota.com/publications/en/omms-s/T-MMS-18Tacoma/pdf/T-MMS-18Tacoma.pdf,2026-09-27
2019,Toyota,Tacoma,3.5L V6,4x4,Manual 6-spd,Tacoma 4WD,SIDI & PFI,17,21,18,Regular,Small Pickup Trucks 4WD,N,21 per cars.com 2018,5,60000,FACT,40733,https://www.fueleconomy.gov/feg/noframes/40733.shtml,https://assets.sia.toyota.com/publications/en/omms-s/T-MMS-18Tacoma/pdf/T-MMS-18Tacoma.pdf,2026-09-27
2019,Toyota,Tacoma,3.5L V6,4x4,Manual 6-spd,Tacoma 4WD Double Cab Off-Road,SIDI & PFI,17,20,18,Regular,Small Pickup Trucks 4WD,N,21 per cars.com 2018,5,60000,FACT,40734,https://www.fueleconomy.gov/feg/noframes/40734.shtml,https://assets.sia.toyota.com/publications/en/omms-s/T-MMS-18Tacoma/pdf/T-MMS-18Tacoma.pdf,2026-09-27
2020,Toyota,Tacoma,3.5L V6,4x2,Automatic (S6),Tacoma 2WD,SIDI & PFI,19,24,21,Regular,Small Pickup Trucks 2WD,Y,21 per cars.com 2018,5,60000,FACT,42030,https://www.fueleconomy.gov/feg/noframes/42030.shtml,https://assets.sia.toyota.com/publications/en/omms-s/T-MMS-18Tacoma/pdf/T-MMS-18Tacoma.pdf,2026-09-27
2020,Toyota,Tacoma,3.5L V6,4x4,Automatic (S6),Tacoma 4WD,SIDI & PFI,18,22,20,Regular,Small Pickup Trucks 4WD,Y,21 per cars.com 2018,5,60000,FACT,42032,https://www.fueleconomy.gov/feg/noframes/42032.shtml,https://assets.sia.toyota.com/publications/en/omms-s/T-MMS-18Tacoma/pdf/T-MMS-18Tacoma.pdf,2026-09-27
2020,Toyota,Tacoma,3.5L V6,4x4,Manual 6-spd,Tacoma 4WD,SIDI & PFI,17,21,18,Regular,Small Pickup Trucks 4WD,N,21 per cars.com 2018,5,60000,FACT,42033,https://www.fueleconomy.gov/feg/noframes/42033.shtml,https://assets.sia.toyota.com/publications/en/omms-s/T-MMS-18Tacoma/pdf/T-MMS-18Tacoma.pdf,2026-09-27
2020,Toyota,Tacoma,3.5L V6,4x4,Manual 6-spd,Tacoma 4WD D-CAB MT TRD-ORP/PRO,SIDI & PFI,17,20,18,Regular,Small Pickup Trucks 4WD,N,21 per cars.com 2018,5,60000,FACT,42035,https://www.fueleconomy.gov/feg/noframes/42035.shtml,https://assets.sia.toyota.com/publications/en/omms-s/T-MMS-18Tacoma/pdf/T-MMS-18Tacoma.pdf,2026-09-27
