year,make,model,recall_campaigns_api,complaints_api,note,label,recall_api_url,complaint_api_url,accessed
2016,Ford,F-150,14,1758,complaints union of F-150 + cab-specific model strings,FACT,https://api.nhtsa.gov/recalls/recallsByVehicle?make=FORD&model=F-150&modelYear=2016,https://api.nhtsa.gov/complaints/complaintsByVehicle?make=FORD&model=F-150&modelYear=2016,2026-09-27
2017,Ford,F-150,18,1120,complaints union of F-150 + cab-specific model strings,FACT,https://api.nhtsa.gov/recalls/recallsByVehicle?make=FORD&model=F-150&modelYear=2017,https://api.nhtsa.gov/complaints/complaintsByVehicle?make=FORD&model=F-150&modelYear=2017,2026-09-27
2018,Ford,F-150,19,1910,complaints union of F-150 + cab-specific model strings,FACT,https://api.nhtsa.gov/recalls/recallsByVehicle?make=FORD&model=F-150&modelYear=2018,https://api.nhtsa.gov/complaints/complaintsByVehicle?make=FORD&model=F-150&modelYear=2018,2026-09-27
2019,Ford,F-150,9,1003,complaints union of F-150 + cab-specific model strings,FACT,https://api.nhtsa.gov/recalls/recallsByVehicle?make=FORD&model=F-150&modelYear=2019,https://api.nhtsa.gov/complaints/complaintsByVehicle?make=FORD&model=F-150&modelYear=2019,2026-09-27
2020,Ford,F-150,11,547,complaints union of F-150 + cab-specific model strings,FACT,https://api.nhtsa.gov/recalls/recallsByVehicle?make=FORD&model=F-150&modelYear=2020,https://api.nhtsa.gov/complaints/complaintsByVehicle?make=FORD&model=F-150&modelYear=2020,2026-09-27
2016,Ram,1500,17,1541,all engines/body styles for the model string,FACT,https://api.nhtsa.gov/recalls/recallsByVehicle?make=RAM&model=1500&modelYear=2016,https://api.nhtsa.gov/complaints/complaintsByVehicle?make=RAM&model=1500&modelYear=2016,2026-09-27
2017,Ram,1500,13,878,all engines/body styles for the model string,FACT,https://api.nhtsa.gov/recalls/recallsByVehicle?make=RAM&model=1500&modelYear=2017,https://api.nhtsa.gov/complaints/complaintsByVehicle?make=RAM&model=1500&modelYear=2017,2026-09-27
2018,Ram,1500,15,661,all engines/body styles for the model string,FACT,https://api.nhtsa.gov/recalls/recallsByVehicle?make=RAM&model=1500&modelYear=2018,https://api.nhtsa.gov/complaints/complaintsByVehicle?make=RAM&model=1500&modelYear=2018,2026-09-27
2019,Ram,1500,30,1477,all engines/body styles for the model string,FACT,https://api.nhtsa.gov/recalls/recallsByVehicle?make=RAM&model=1500&modelYear=2019,https://api.nhtsa.gov/complaints/complaintsByVehicle?make=RAM&model=1500&modelYear=2019,2026-09-27
2020,Ram,1500,14,628,all engines/body styles for the model string,FACT,https://api.nhtsa.gov/recalls/recallsByVehicle?make=RAM&model=1500&modelYear=2020,https://api.nhtsa.gov/complaints/complaintsByVehicle?make=RAM&model=1500&modelYear=2020,2026-09-27
2016,Chevrolet,Silverado 1500,11,798,all engines/body styles for the model string,FACT,https://api.nhtsa.gov/recalls/recallsByVehicle?make=CHEVROLET&model=SILVERADO%201500&modelYear=2016,https://api.nhtsa.gov/complaints/complaintsByVehicle?make=CHEVROLET&model=SILVERADO%201500&modelYear=2016,2026-09-27
2017,Chevrolet,Silverado 1500,6,836,all engines/body styles for the model string,FACT,https://api.nhtsa.gov/recalls/recallsByVehicle?make=CHEVROLET&model=SILVERADO%201500&modelYear=2017,https://api.nhtsa.gov/complaints/complaintsByVehicle?make=CHEVROLET&model=SILVERADO%201500&modelYear=2017,2026-09-27
2018,Chevrolet,Silverado 1500,7,519,all engines/body styles for the model string,FACT,https://api.nhtsa.gov/recalls/recallsByVehicle?make=CHEVROLET&model=SILVERADO%201500&modelYear=2018,https://api.nhtsa.gov/complaints/complaintsByVehicle?make=CHEVROLET&model=SILVERADO%201500&modelYear=2018,2026-09-27
2019,Chevrolet,Silverado 1500,10,1082,all engines/body styles for the model string,FACT,https://api.nhtsa.gov/recalls/recallsByVehicle?make=CHEVROLET&model=SILVERADO%201500&modelYear=2019,https://api.nhtsa.gov/complaints/complaintsByVehicle?make=CHEVROLET&model=SILVERADO%201500&modelYear=2019,2026-09-27
2020,Chevrolet,Silverado 1500,12,729,all engines/body styles for the model string,FACT,https://api.nhtsa.gov/recalls/recallsByVehicle?make=CHEVROLET&model=SILVERADO%201500&modelYear=2020,https://api.nhtsa.gov/complaints/complaintsByVehicle?make=CHEVROLET&model=SILVERADO%201500&modelYear=2020,2026-09-27
2016,Ford,Transit (all),21,155,all engines/body styles for the model string,FACT,https://api.nhtsa.gov/recalls/recallsByVehicle?make=FORD&model=TRANSIT&modelYear=2016,https://api.nhtsa.gov/complaints/complaintsByVehicle?make=FORD&model=TRANSIT&modelYear=2016,2026-09-27
2017,Ford,Transit (all),18,98,all engines/body styles for the model string,FACT,https://api.nhtsa.gov/recalls/recallsByVehicle?make=FORD&model=TRANSIT&modelYear=2017,https://api.nhtsa.gov/complaints/complaintsByVehicle?make=FORD&model=TRANSIT&modelYear=2017,2026-09-27
2018,Ford,Transit (all),14,57,all engines/body styles for the model string,FACT,https://api.nhtsa.gov/recalls/recallsByVehicle?make=FORD&model=TRANSIT&modelYear=2018,https://api.nhtsa.gov/complaints/complaintsByVehicle?make=FORD&model=TRANSIT&modelYear=2018,2026-09-27
2019,Ford,Transit (all),9,37,all engines/body styles for the model string,FACT,https://api.nhtsa.gov/recalls/recallsByVehicle?make=FORD&model=TRANSIT&modelYear=2019,https://api.nhtsa.gov/complaints/complaintsByVehicle?make=FORD&model=TRANSIT&modelYear=2019,2026-09-27
2020,Ford,Transit (all),9,84,all engines/body styles for the model string,FACT,https://api.nhtsa.gov/recalls/recallsByVehicle?make=FORD&model=TRANSIT&modelYear=2020,https://api.nhtsa.gov/complaints/complaintsByVehicle?make=FORD&model=TRANSIT&modelYear=2020,2026-09-27
2016,Ram,ProMaster (all),15,70,all engines/body styles for the model string,FACT,https://api.nhtsa.gov/recalls/recallsByVehicle?make=RAM&model=PROMASTER&modelYear=2016,https://api.nhtsa.gov/complaints/complaintsByVehicle?make=RAM&model=PROMASTER&modelYear=2016,2026-09-27
2017,Ram,ProMaster (all),10,0,0 = API returned no complaint records for this model string/year; treat as UNKNOWN,FACT,https://api.nhtsa.gov/recalls/recallsByVehicle?make=RAM&model=PROMASTER&modelYear=2017,https://api.nhtsa.gov/complaints/complaintsByVehicle?make=RAM&model=PROMASTER&modelYear=2017,2026-09-27
2018,Ram,ProMaster (all),10,38,all engines/body styles for the model string,FACT,https://api.nhtsa.gov/recalls/recallsByVehicle?make=RAM&model=PROMASTER&modelYear=2018,https://api.nhtsa.gov/complaints/complaintsByVehicle?make=RAM&model=PROMASTER&modelYear=2018,2026-09-27
2019,Ram,ProMaster (all),9,60,all engines/body styles for the model string,FACT,https://api.nhtsa.gov/recalls/recallsByVehicle?make=RAM&model=PROMASTER&modelYear=2019,https://api.nhtsa.gov/complaints/complaintsByVehicle?make=RAM&model=PROMASTER&modelYear=2019,2026-09-27
2020,Ram,ProMaster (all),5,45,all engines/body styles for the model string,FACT,https://api.nhtsa.gov/recalls/recallsByVehicle?make=RAM&model=PROMASTER&modelYear=2020,https://api.nhtsa.gov/complaints/complaintsByVehicle?make=RAM&model=PROMASTER&modelYear=2020,2026-09-27
2016,Toyota,Tacoma,4,323,all engines/body styles for the model string,FACT,https://api.nhtsa.gov/recalls/recallsByVehicle?make=TOYOTA&model=TACOMA&modelYear=2016,https://api.nhtsa.gov/complaints/complaintsByVehicle?make=TOYOTA&model=TACOMA&modelYear=2016,2026-09-27
2017,Toyota,Tacoma,5,239,all engines/body styles for the model string,FACT,https://api.nhtsa.gov/recalls/recallsByVehicle?make=TOYOTA&model=TACOMA&modelYear=2017,https://api.nhtsa.gov/complaints/complaintsByVehicle?make=TOYOTA&model=TACOMA&modelYear=2017,2026-09-27
2018,Toyota,Tacoma,3,206,all engines/body styles for the model string,FACT,https://api.nhtsa.gov/recalls/recallsByVehicle?make=TOYOTA&model=TACOMA&modelYear=2018,https://api.nhtsa.gov/complaints/complaintsByVehicle?make=TOYOTA&model=TACOMA&modelYear=2018,2026-09-27
2019,Toyota,Tacoma,4,218,all engines/body styles for the model string,FACT,https://api.nhtsa.gov/recalls/recallsByVehicle?make=TOYOTA&model=TACOMA&modelYear=2019,https://api.nhtsa.gov/complaints/complaintsByVehicle?make=TOYOTA&model=TACOMA&modelYear=2019,2026-09-27
2020,Toyota,Tacoma,1,87,all engines/body styles for the model string,FACT,https://api.nhtsa.gov/recalls/recallsByVehicle?make=TOYOTA&model=TACOMA&modelYear=2020,https://api.nhtsa.gov/complaints/complaintsByVehicle?make=TOYOTA&model=TACOMA&modelYear=2020,2026-09-27
2016,Chevrolet,Colorado,4,707,all engines/body styles for the model string,FACT,https://api.nhtsa.gov/recalls/recallsByVehicle?make=CHEVROLET&model=COLORADO&modelYear=2016,https://api.nhtsa.gov/complaints/complaintsByVehicle?make=CHEVROLET&model=COLORADO&modelYear=2016,2026-09-27
2017,Chevrolet,Colorado,1,216,all engines/body styles for the model string,FACT,https://api.nhtsa.gov/recalls/recallsByVehicle?make=CHEVROLET&model=COLORADO&modelYear=2017,https://api.nhtsa.gov/complaints/complaintsByVehicle?make=CHEVROLET&model=COLORADO&modelYear=2017,2026-09-27
2018,Chevrolet,Colorado,1,183,all engines/body styles for the model string,FACT,https://api.nhtsa.gov/recalls/recallsByVehicle?make=CHEVROLET&model=COLORADO&modelYear=2018,https://api.nhtsa.gov/complaints/complaintsByVehicle?make=CHEVROLET&model=COLORADO&modelYear=2018,2026-09-27
2019,Chevrolet,Colorado,0,150,all engines/body styles for the model string,FACT,https://api.nhtsa.gov/recalls/recallsByVehicle?make=CHEVROLET&model=COLORADO&modelYear=2019,https://api.nhtsa.gov/complaints/complaintsByVehicle?make=CHEVROLET&model=COLORADO&modelYear=2019,2026-09-27
2020,Chevrolet,Colorado,0,84,all engines/body styles for the model string,FACT,https://api.nhtsa.gov/recalls/recallsByVehicle?make=CHEVROLET&model=COLORADO&modelYear=2020,https://api.nhtsa.gov/complaints/complaintsByVehicle?make=CHEVROLET&model=COLORADO&modelYear=2020,2026-09-27
