years,make,model,trim_or_config,cab_or_body,seats_min,seats_max,seats_distribution,label,source_url,source_published,accessed,note
2016-2020,Chevrolet,Colorado,all trims (cars.com),Crew Cab,5,5,5:63,"FACT (third-party spec aggregator, per trim)",https://www.cars.com/research/chevrolet-colorado-2018/specs/ (per-year pages 2016-2020; trim URLs in notes/_raw/v2-2026-09-27/gapfill/carscom/),not shown,2026-09-27,5 = front buckets; 6 = front 40/20/40 bench
2016-2020,Chevrolet,Colorado,all trims (cars.com),Extended Cab,2,4,2:17;4:21,"FACT (third-party spec aggregator, per trim)",https://www.cars.com/research/chevrolet-colorado-2018/specs/ (per-year pages 2016-2020; trim URLs in notes/_raw/v2-2026-09-27/gapfill/carscom/),not shown,2026-09-27,2 = no rear seat (e.g. WT/base); 4 = rear jump seats
2016-2020,Chevrolet,Silverado 1500,all trims (cars.com),Crew Cab,5,6,5:84;6:52,"FACT (third-party spec aggregator, per trim)",https://www.cars.com/research/chevrolet-silverado_1500-2018/specs/ (per-year pages 2016-2020; trim URLs in notes/_raw/v2-2026-09-27/gapfill/carscom/),not shown,2026-09-27,5 = front buckets; 6 = front 40/20/40 bench
2016-2020,Chevrolet,Silverado 1500,all trims (cars.com),Double Cab (extended),5,6,5:31;6:28,"FACT (third-party spec aggregator, per trim)",https://www.cars.com/research/chevrolet-silverado_1500-2018/specs/ (per-year pages 2016-2020; trim URLs in notes/_raw/v2-2026-09-27/gapfill/carscom/),not shown,2026-09-27,
2016-2020,Chevrolet,Silverado 1500,all trims (cars.com),Regular Cab,2,3,2:2;3:44,"FACT (third-party spec aggregator, per trim)",https://www.cars.com/research/chevrolet-silverado_1500-2018/specs/ (per-year pages 2016-2020; trim URLs in notes/_raw/v2-2026-09-27/gapfill/carscom/),not shown,2026-09-27,3 = front bench; 2 = buckets/40-20-40 variations
2019-2019,Chevrolet,Silverado 1500 LD,all trims (cars.com),Double Cab (extended),6,6,6:7,"FACT (third-party spec aggregator, per trim)",https://www.cars.com/research/chevrolet-silverado_1500_ld-2018/specs/ (per-year pages 2016-2020; trim URLs in notes/_raw/v2-2026-09-27/gapfill/carscom/),not shown,2026-09-27,
2016-2020,Ford,F-150,all trims (cars.com),Regular Cab,3,3,3:40,"FACT (third-party spec aggregator, per trim)",https://www.cars.com/research/ford-f_150-2018/specs/ (per-year pages 2016-2020; trim URLs in notes/_raw/v2-2026-09-27/gapfill/carscom/),not shown,2026-09-27,3 = front bench; 2 = buckets/40-20-40 variations
2016-2020,Ford,F-150,all trims (cars.com),SuperCab (extended),5,5,5:64,"FACT (third-party spec aggregator, per trim)",https://www.cars.com/research/ford-f_150-2018/specs/ (per-year pages 2016-2020; trim URLs in notes/_raw/v2-2026-09-27/gapfill/carscom/),not shown,2026-09-27,
2016-2020,Ford,F-150,all trims (cars.com),SuperCrew (crew),5,5,5:114,"FACT (third-party spec aggregator, per trim)",https://www.cars.com/research/ford-f_150-2018/specs/ (per-year pages 2016-2020; trim URLs in notes/_raw/v2-2026-09-27/gapfill/carscom/),not shown,2026-09-27,5 = front buckets; 6 = front 40/20/40 bench
2016-2020,Ford,Transit-250,all trims (cars.com),van (all bodies),1,5,1:60;5:10,"FACT (third-party spec aggregator, per trim)",https://www.cars.com/research/ford-transit_250-2018/specs/ (per-year pages 2016-2020; trim URLs in notes/_raw/v2-2026-09-27/gapfill/carscom/),not shown,2026-09-27,cars.com seat field for cargo vans is inconsistent (1 = driver-only listing on most cargo trims; 2/3 on others; 5-15 = crew/passenger wagons). Treat as UNKNOWN per unit; read seats from the listing/VIN (INFERENCE).
2016-2020,Ford,Transit-350,all trims (cars.com),van (all bodies),1,15,1:76;2:10;5:14;10:6;11:8;14:12;15:24,"FACT (third-party spec aggregator, per trim)",https://www.cars.com/research/ford-transit_350-2018/specs/ (per-year pages 2016-2020; trim URLs in notes/_raw/v2-2026-09-27/gapfill/carscom/),not shown,2026-09-27,cars.com seat field for cargo vans is inconsistent (1 = driver-only listing on most cargo trims; 2/3 on others; 5-15 = crew/passenger wagons). Treat as UNKNOWN per unit; read seats from the listing/VIN (INFERENCE).
2016-2020,Ram,1500,all trims (cars.com),Crew Cab,5,6,5:152;6:28,"FACT (third-party spec aggregator, per trim)",https://www.cars.com/research/ram-1500-2018/specs/ (per-year pages 2016-2020; trim URLs in notes/_raw/v2-2026-09-27/gapfill/carscom/),not shown,2026-09-27,5 = front buckets; 6 = front 40/20/40 bench
2016-2020,Ram,1500,all trims (cars.com),Quad Cab (extended),5,6,5:51;6:20,"FACT (third-party spec aggregator, per trim)",https://www.cars.com/research/ram-1500-2018/specs/ (per-year pages 2016-2020; trim URLs in notes/_raw/v2-2026-09-27/gapfill/carscom/),not shown,2026-09-27,
2016-2018,Ram,1500,all trims (cars.com),Regular Cab,2,3,2:46;3:21,"FACT (third-party spec aggregator, per trim)",https://www.cars.com/research/ram-1500-2018/specs/ (per-year pages 2016-2020; trim URLs in notes/_raw/v2-2026-09-27/gapfill/carscom/),not shown,2026-09-27,3 = front bench; 2 = buckets/40-20-40 variations
2019-2020,Ram,1500 Classic,all trims (cars.com),Crew Cab,5,6,5:28;6:12,"FACT (third-party spec aggregator, per trim)",https://www.cars.com/research/ram-1500_classic-2018/specs/ (per-year pages 2016-2020; trim URLs in notes/_raw/v2-2026-09-27/gapfill/carscom/),not shown,2026-09-27,5 = front buckets; 6 = front 40/20/40 bench
2019-2020,Ram,1500 Classic,all trims (cars.com),Quad Cab (extended),5,6,5:12;6:8,"FACT (third-party spec aggregator, per trim)",https://www.cars.com/research/ram-1500_classic-2018/specs/ (per-year pages 2016-2020; trim URLs in notes/_raw/v2-2026-09-27/gapfill/carscom/),not shown,2026-09-27,
2019-2020,Ram,1500 Classic,all trims (cars.com),Regular Cab,2,3,2:8;3:12,"FACT (third-party spec aggregator, per trim)",https://www.cars.com/research/ram-1500_classic-2018/specs/ (per-year pages 2016-2020; trim URLs in notes/_raw/v2-2026-09-27/gapfill/carscom/),not shown,2026-09-27,3 = front bench; 2 = buckets/40-20-40 variations
2016-2020,Ram,ProMaster 2500,all trims (cars.com),van (all bodies),1,3,1:10;3:2,"FACT (third-party spec aggregator, per trim)",https://www.cars.com/research/ram-promaster_2500-2018/specs/ (per-year pages 2016-2020; trim URLs in notes/_raw/v2-2026-09-27/gapfill/carscom/),not shown,2026-09-27,cars.com seat field for cargo vans is inconsistent (1 = driver-only listing on most cargo trims; 2/3 on others; 5-15 = crew/passenger wagons). Treat as UNKNOWN per unit; read seats from the listing/VIN (INFERENCE).
2016-2020,Toyota,Tacoma,all trims (cars.com),Access Cab (extended),2,4,2:30;4:119,"FACT (third-party spec aggregator, per trim)",https://www.cars.com/research/toyota-tacoma-2018/specs/ (per-year pages 2016-2020; trim URLs in notes/_raw/v2-2026-09-27/gapfill/carscom/),not shown,2026-09-27,Access Cab rear jump seats; 2 = some SR trims without rear seats
2016-2020,Toyota,Tacoma,all trims (cars.com),Double Cab (crew),5,5,5:261,"FACT (third-party spec aggregator, per trim)",https://www.cars.com/research/toyota-tacoma-2018/specs/ (per-year pages 2016-2020; trim URLs in notes/_raw/v2-2026-09-27/gapfill/carscom/),not shown,2026-09-27,5 = front buckets; 6 = front 40/20/40 bench
2023,Ford,E-Transit,T-350 cargo van (all 6 roof/length configs),cargo van,2,2,,"FACT (third-party: Car and Driver spec ""Passenger / Seating Capacity 2""; Edmunds ""2 seats"")",https://www.caranddriver.com/ford/e-transit/specs/2023/ford_e-transit_ford-e-transit_2023,,2026-09-27,CONFLICT: cars.com lists seating 1 for all 6 E-Transit trims (https://www.cars.com/research/ford-e_transit-2023/specs/). Use 2 (driver + passenger bucket standard per C&D equipment list).
2024,Chevrolet,Silverado EV,Work Truck 3WT / 4WT,Crew Cab,5,5,,"FACT (third-party, cars.com per trim)",https://www.cars.com/research/chevrolet-silverado_ev-2024/specs/,,2026-09-27,
2026,Chevrolet,Silverado EV,"WT (Standard/Extended/Max Range), LT, Trail Boss, RST",Crew Cab,5,5,,"FACT (third-party, cars.com, 11 trims)",https://www.cars.com/research/chevrolet-silverado_ev-2026/specs/,,2026-09-27,
2022,Ford,F-150 Lightning,Pro / XLT / Lariat / Platinum,SuperCrew,5,5,,"FACT (third-party, cars.com)",https://www.cars.com/research/ford-f_150_lightning-2022/specs/,,2026-09-27,"cars.com also lists payload 2,235 (Pro/XLT/Lariat) and 1,657 (Platinum)"
2023,Ford,F-150 Lightning,Pro / XLT / Lariat / Platinum,SuperCrew,5,5,,"FACT (third-party, cars.com)",https://www.cars.com/research/ford-f_150_lightning-2023/specs/,,2026-09-27,
2024,Ram,ProMaster EV,Delivery/Step Van 159in SHR,cargo/delivery van,2,2,,"INFERENCE (driver seat + fold-flat passenger jump seat per Ram MY24 HVIP spec sheet: ""Passenger-seat delete to allow for fold-flat passenger jump seat""; seat count not stated)",https://californiahvip.org/wp-content/uploads/2024/05/AL-MY24-Ram-ProMaster-BEV-Delivery-Van-Hot-Sheets-010424-spec-sheet-240528.pdf,2024-05-28 (filename),2026-09-27,cars.com has no ProMaster EV pages (0 trims for 2023/2024)
2023,Ram,ProMaster EV,n/a,n/a,,,,UNKNOWN: no MY2023 seat data (cars.com has no ProMaster EV pages); see section B for MY availability,,,2026-09-27,
2026,GMC,Sierra EV,Elevation / AT4 / Denali (Std/Ext/Max Range),Crew Cab,5,5,,"FACT (third-party, cars.com, 7 trims)",https://www.cars.com/research/gmc-sierra_ev-2026/specs/,,2026-09-27,
2025,Chevrolet,BrightDrop 600,FWD / AWD (all),cargo van,2,2,,INFERENCE (count) from FACT equipment list in GM MY25 spec sheet: driver bucket + standard front passenger jump seat with 3-point belt,https://californiahvip.org/wp-content/uploads/2023/08/AL-MY25-BrightDrop-400-and-BrightDrop-600-2025-Spec-Sheet-241024.pdf,2024-10-18,2026-09-27,2 = driver + belted jump seat; cars.com has no BrightDrop pages
2024,Tesla,Cybertruck,AWD / Cyberbeast,crew (4-door),5,5,,"FACT (third-party, cars.com)",https://www.cars.com/research/tesla-cybertruck-2024/specs/,,2026-09-27,
2025,Tesla,Cybertruck,AWD / Cyberbeast / Long Range RWD,crew (4-door),5,5,,"FACT (third-party, cars.com)",https://www.cars.com/research/tesla-cybertruck-2025/specs/,,2026-09-27,"cars.com lists 2025 Long Range RWD payload 2,081 lb"
2023,GMC,HUMMER EV Pickup,3X (e4WD Crew Cab),Crew Cab,5,5,,"FACT (third-party, cars.com)",https://www.cars.com/research/gmc-hummer_ev_pickup-2023/specs/,,2026-09-27,
2022-2025,Rivian,R1T,all (Explore/Adventure/Launch 2022; 2025 Dual/Tri/Quad),crew (4-door),5,5,,"FACT (third-party, cars.com)",https://www.cars.com/research/rivian-r1t-2025/specs/,,2026-09-27,
