origin,origin_geocode,brand,service_type,location_name,address,address_label,address_source_url,road_mi,drive_min,road_mi_from_city_center,distance_label,ev_certified_note,mobile_service_note,accessed
Vero Beach FL 32960,"Vero Beach FL 32960 ZIP centroid (Nominatim 27.63603,-80.41227)",Ford,franchised dealer w/ service,Mullinax Ford of Vero Beach,"488 US Highway 1, Vero Beach, FL 32962",FACT,https://www.mullinaxfordverobeach.com/,4.1,8,3.3,"INFERENCE (OSRM router.project-osrm.org, computed route 2026-09-27; dealer geocode house-level via Photon/OSM)",UNKNOWN: dealer homepage has no EV/Model e certification statement; ford.com dealer locator blocked (403) from box and fetcher,UNKNOWN (not researched),2026-09-27
Vero Beach FL 32960,"Vero Beach FL 32960 ZIP centroid (Nominatim 27.63603,-80.41227)",Chevrolet,franchised dealer w/ service,Dyer Chevrolet Vero Beach,"1000 US Hwy 1, Vero Beach, FL 32960",FACT,https://www.dyerchevy.com/,2.6,7,1.8,"INFERENCE (OSRM router.project-osrm.org, computed route 2026-09-27; dealer geocode house-level via Photon/OSM)","UNKNOWN: dealer has a Chevy EV test-drive page (on https://www.dyerchevy.com/) but no EV-certified-service statement found; GM requires ""EV Certified Chevrolet dealer"" for EV warranty repairs (2024 Chevrolet EV warranty booklet)",UNKNOWN,2026-09-27
Vero Beach FL 32960,"Vero Beach FL 32960 ZIP centroid (Nominatim 27.63603,-80.41227)",Toyota,franchised dealer w/ service,Toyota of Vero Beach,"1075 S US Highway 1, Vero Beach, FL 32962",FACT,https://www.verobeachtoyota.com/,5.1,11,4.3,"INFERENCE (OSRM router.project-osrm.org, computed route 2026-09-27; dealer geocode house-level via Photon/OSM)",n/a (baseline gas),UNKNOWN,2026-09-27
Vero Beach FL 32960,"Vero Beach FL 32960 ZIP centroid (Nominatim 27.63603,-80.41227)",Ram (CDJR),franchised dealer w/ service,Vatland Chrysler Dodge Jeep Ram,"855 South US-1, Vero Beach, FL 32962",FACT,https://www.vatlandcdjr.com/,4.9,10,4.1,"INFERENCE (OSRM router.project-osrm.org, computed route 2026-09-27; dealer geocode house-level via Photon/OSM)",UNKNOWN (ProMaster EV requires EV-capable dealer; not verified),UNKNOWN,2026-09-27
Vero Beach FL 32960,"Vero Beach FL 32960 ZIP centroid (Nominatim 27.63603,-80.41227)",Tesla,Tesla Service Center (nearest),Tesla Service Center Merritt Island,"1545 E Merritt Island Cswy, Merritt Island, FL 32952",FACT,https://www.mapquest.com/us/florida/tesla-service-center-428840169 (secondary; tesla.com/findus returned 403),65.0,83,65.8,INFERENCE (OSRM; geocode house-level via Nominatim),n/a,UNKNOWN (not verified; tesla.com returned 403),2026-09-27
Vero Beach FL 32960,"Vero Beach FL 32960 ZIP centroid (Nominatim 27.63603,-80.41227)",Tesla,Tesla Service Center (2nd nearest),Tesla West Palm Beach,"5544 Okeechobee Blvd, West Palm Beach, FL 33417",FACT,https://everytesla.com/service/fl/tesla-store-and-service-center-west-palm-beach-florida/ (secondary),72.1,92,72.5,"INFERENCE (OSRM; street-level geocode on Okeechobee Blvd, +/- a few miles)",n/a,,2026-09-27
Vero Beach FL 32960,"Vero Beach FL 32960 ZIP centroid (Nominatim 27.63603,-80.41227)",Rivian,Rivian Service Center (nearest),Rivian Orlando Service + Demo Center,"4000 Shader Rd, Orlando, FL 32808",FACT,https://rivian.com/support/article/where-are-rivian-service-centers-located-in-the-united-states,107.2,130,108.0,INFERENCE (OSRM; house-level Nominatim). Confirms section A 108.0 mi from city center; 107.2 mi from ZIP centroid,n/a,"FACT: Rivian Mobile Service ""available for all Rivian owners anywhere in the U.S."" (see a_r1t_service.csv)",2026-09-27
Vero Beach FL 32960,"Vero Beach FL 32960 ZIP centroid (Nominatim 27.63603,-80.41227)",Rivian,Rivian Service Center (2nd),Rivian Miramar Service + Demo Center,"15800 SW 25th St Ste 100, Miramar, FL 33027",FACT,https://rivian.com/support/article/where-are-rivian-service-centers-located-in-the-united-states,128.2,154,128.5,INFERENCE (OSRM; street-level geocode),n/a,,2026-09-27
Vero Beach FL 32960,,Tesla,planned (not open),Tesla Port St. Lucie (Southern Grove) - planned sales & service,"Southern Grove, Port St. Lucie FL (site plan approved Dec 2025)",FACT (news: TCPalm 2025-12-09),http://tcpalm.com/story/news/local/st-lucie-county/2025/12/09/port-st-lucie-could-soon-have-a-tesla-car-dealership-service-center-treasure-coast-florida-tech/87685224007/,,,,not computed; no opening date found as of 2026-09-27 (search),,,2026-09-27
Vero Beach FL 32960,,Rivian,check for closer site,"Rivian FL service list (Fort Myers, Orlando, Miami, Miramar, St. Augustine, Tampa)","No Jupiter / Palm Beach / Melbourne service location listed; West Palm Beach is a Rivian Space (retail), not service",FACT,https://rivian.com/support/article/where-are-rivian-service-centers-located-in-the-united-states,,,,,,,2026-09-27
