make,program,powertrain,doc_title,doc_effective_or_printed,express_warranty_commercial_use_exclusion,implied_warranty_business_disclaimer,quote,page,source_url,fleet_or_commercial_terms,label,accessed,scoring_note
Ford,consumer New Vehicle Limited Warranty,"gas (2019 MY light truck incl. F-150, Transit)","2019 Model Year Ford Warranty Guide (Except F-650/F-750, Hybrid and Electric Vehicles)",March 2025 Fourth Printing,N (none found),Y,"""DISCLAIMER OF IMPLIED WARRANTIES FOR BUSINESS AND RACING USE *** Ford disclaims all implied warranties if the vehicle is used for business or commercial purposes. ***""","booklet p.6 (Section 3, Limitations and Disclaimers)",https://www.fordservicecontent.com/Ford_Content/Catalog/owner_information/2019MYUS_Ford_LT_Truck_WTY_V4.pdf,none stated in booklet (diesel engine 5/100k),FACT,2026-09-27 (via WebFetch; curl 403),Express NVLW still applies to business use -> score normally (no At-risk). Implied-warranty disclaimer only.
Ford,consumer NVLW + EV component warranty,"BEV (2023 MY E-Transit, F-150 Lightning, Mach-E)","2023 Model Year Battery Electric Vehicle Warranty Guide (E-Transit, Mustang Mach-E, F-150 Lightning)",September 2023 Fourth Printing,N (none found),Y,"""*** Ford disclaims all implied warranties if the vehicle is used for business or commercial purposes. ***""; HV battery capacity: ""less than 70 percent of the high voltage battery's beginning of life capacity, or less than 65 percent for vehicles in cutaway or chassis cab configuration""",pdf p.8 (disclaimer); pdf p.11 (capacity),https://www.f150lightningforum.com/forum/attachments/us_ford_bev_warranty_guide_9-5-23-pdf.108634/ (forum-hosted copy of Ford PDF; OEM URL https://www.fordservicecontent.com/Ford_Content/Catalog/owner_information/2024_US_Ford_BEV_Warranty_Guide-9.5.23.pdf returned 403),E-Transit cutaway/chassis cab floor 65%,FACT (forum-hosted OEM booklet),2026-09-27,Score normally. Adds FACT: E-Transit cargo van 70% floor; cutaway/chassis cab 65%.
Chevrolet (GM),consumer NVLW,gas (2019 MY),Chevrolet Limited Warranty and Owner Assistance Information 2019 (GMNA-Localizing-U.S-12032189),MY2019 (print date not captured),N (none found),N (none found),"""Certain commercial fleet and/or government fleet vehicles purchased under a qualify fleet account number are covered for 5 years or 100,000 miles, whichever comes first.""",pdf p.7 and p.9,https://slpattorney.com/wp-content/uploads/GM_2019_Chevrolet_Generic_Warranty.pdf,qualifying fleet accounts: powertrain 5 yr/100k,FACT (third-party-hosted GM booklet),2026-09-27,Score normally; fleet-account units may have 5/100k powertrain.
GMC (GM),consumer NVLW,gas (2023 MY GMC generic),2023 GMC Limited Warranty and Owner Assistance Information (23GMC_WM_enUS_16451726A_2022MAY25),2022-05-25,N (none found),N (none found),"""Certain commercial fleet and/or government fleet vehicles purchased under a qualify[sic] fleet account number are covered for 5 years or 100,000 miles"" (paraphrase-level; same wording as 2019 Chevrolet booklet)",booklet p.5,https://contentdelivery.ext.gm.com/bypass/gma-content-api/resources/sites/GMA/content/staging/MANUALS/6000/MA6096/en_US/4.0/23_GMC_WM_en_US_U_16451726A_2022MAY25.pdf,fleet powertrain 5/100k; roadside 5/100k fleet,FACT (via WebFetch),2026-09-27,"No EV section in this booklet (Hummer EV/Sierra EV use a separate EV booklet, not retrieved)."
Chevrolet (GM),consumer NVLW (EV),BEV (2024 MY Chevrolet EVs incl. Silverado EV),2024 Chevrolet Electric Vehicle Limited Warranty and Owner Assistance Information (17267650 C),2025-01-06 (filename); (c) 2025,N (none found),N (none found),"""The battery will be replaced/repaired if the capacity falls below 75% of its original value during the warranty period, as determined by a certified dealer, with a battery appropriate for the age and mileage of the vehicle.""",booklet pp.4-5,https://contentdelivery.ext.gm.com/bypass/gma-content-api/resources/sites/GMA/content/staging/MANUALS/8000/MA8815/en_US/7.0/24_CHEV_Electric_Vehicle_WM_en_US_U_17267650C_2025JAN06_3P.pdf,"EV warranty repairs at ""EV Certified Chevrolet dealer""",FACT (via WebFetch; curl 403),2026-09-27,Score normally.
Ram (FCA/Stellantis),consumer NVLW,gas (2019 Ram 1500 DT),2019 Ram 1500 warranty booklet (vehicleinfo.mopar.com pub 9706),MY2019,N (none found),Y,"""If you use your vehicle primarily for business or commercial purposes, then these implied warranties do not apply and FCA US completely disclaims them to the extent allowed by law.""",pdf p.6,https://vehicleinfo.mopar.com/assets/publications/en-us/Ram/2019/1500_DT/9706.pdf,,FACT,2026-09-27,Express warranty still applies -> score normally.
Ram (FCA/Stellantis),consumer NVLW,gas (2019 ProMaster),2019 Ram ProMaster warranty booklet (pub 10348),MY2019,N (none found),Y,"same text as Ram 1500 booklet: ""If you use your vehicle primarily for business or commercial purposes, then these implied warranties do not apply...""",pdf p.6,https://vehicleinfo.mopar.com/assets/publications/en-us/Ram/2019/ProMaster/10348.pdf,"ProMaster service via ""authorized Business Link dealer"" referenced",FACT,2026-09-27,
Ram (FCA/Stellantis),ProMaster EV warranty,BEV 2024,UNKNOWN: 2024 ProMaster EV warranty booklet not located (vehicleinfo.mopar.com pub number unknown),,UNKNOWN,UNKNOWN (INFERENCE: likely same FCA template as gas booklets),,,,,UNKNOWN,2026-09-27,Score normally (no sourced exclusion).
Tesla,Cybertruck New Vehicle Limited Warranty,BEV (Cybertruck),Tesla Cybertruck New Vehicle Limited Warranty (US),EFFECTIVE DATE 2025/06/05,N (none found in Exclusions and Limitations),n/a,"Only commercial reference: dispute program ""NCDS will not arbitrate claims involving a vehicle used primarily for commercial purposes unless the “Lemon Law” of your state covers (1) vehicles used for commercial purposes...""",pdf p.14 (Dispute Resolution),https://digitalassets.tesla.com/tesla-contents/image/upload/tesla-cybertruck-new-vehicle-limited-warranty-en-us.pdf,"Battery & Drive Unit 8 yr/150k, 70% floor (see B)",FACT,2026-09-27,Score normally; arbitration access limited for commercial-use vehicles (note in reason).
Toyota,consumer NVLW,gas (2019 Tacoma),2019 Tacoma Warranty & Maintenance Guide (T-MMS-19Tacoma),MY2019,N (none found),N (none found; implied warranties limited in duration),"Only commercial reference: consequential damages ""...personal or commercial property...""",pdf p.16,https://assets.sia.toyota.com/publications/en/omms-s/T-MMS-19Tacoma/pdf/T-MMS-19Tacoma.pdf,,FACT,2026-09-27,Score normally.
Rivian,consumer NVLW (contrast),BEV R1T/R1S,Rivian Warranty Guide (see section A2),effective 2026-08-13,Y,,"""...used primarily for business or commercial purposes"" (exclusion)",see A2,see section A2 / a_r1t_warranty.csv,"Rivian Commercial NVLW 8 yr/100k, 70% floor (guide eff. 2024-12-31)",FACT (from section A),2026-09-27,At risk rule applies (only OEM with sourced express exclusion).
