years,make,model,engine,drivetrain,warranty_doc,doc_version_effective,doc_url,q1_consumer_commercial_exclusion,q1_quote,q1_page,q1_label,q2_separate_commercial_warranty,battery_ev_yr,battery_ev_mi,capacity_floor_pct,capacity_floor_quote_page,bumper_to_bumper,powertrain,corrosion,q2_terms_label,q2_terms_source,q3_transfer_to_used_buyer,q3_transfer_quote_page,q3_used_consumer_into_business,q3_label,q4_upfit_body_builder_exclusion,q4_source_page,q4_label,fleet_use_verdict,verdict_label,open_unknowns,accessed
2022-2025,Ford,F-150 Lightning,BEV,4x4,Ford BEV Warranty Guide,"2023 MY Battery Electric Vehicle Warranty Guide (E-Transit, Mustang Mach-E, F-150 Lightning), September 2023 Fourth Printing (PDF created 2023-09-06)",https://www.f150lightningforum.com/forum/attachments/us_ford_bev_warranty_guide_9-5-23-pdf.108634/ (forum-hosted copy of Ford PDF; OEM URL https://www.fordservicecontent.com/Ford_Content/Catalog/owner_information/2024_US_Ford_BEV_Warranty_Guide-9.5.23.pdf returned 403),N (express); implied warranties disclaimed for business use,"""*** Ford disclaims all implied warranties if the vehicle is used for business or commercial purposes. ***""",pdf p.8,FACT,N - none found; same guide covers retail and fleet (FACT: no separate commercial guide found; UNKNOWN whether Ford Pro fleet contracts add terms),8,100000,70,"""less than 70 percent of the high voltage battery's beginning of life capacity"" pdf p.11","3 yr/36,000","5 yr/60,000",5 yr/unlimited (perforation),FACT,Ford BEV guide pdf p.9 (coverage table) and p.11,"Y, no fee or process stated","""If you bought a previously owned 2023-model electric vehicle, you are eligible for any remaining warranty coverages."" pdf p.5",Keeps express coverage: no business-use exclusion (implied warranties disclaimed only),FACT (text) / INFERENCE (effect),"Damage from ""Tampering, alterations, or modifications of the vehicle, including the body, chassis, electronics..."" not covered (pdf p.12). HV-battery warranty repairs must be done at an EV Certified Ford dealer (pdf p.9). Ford Pro Upfitter (ex-QVM) warranty effect: UNKNOWN","Ford BEV guide pdf p.9, p.12",FACT,Yes with conditions,INFERENCE from FACT text,Ford owner-site transfer FAQ not reachable (ford.com 403); Ford Pro Upfitter warranty terms,2026-09-27
2022-2025,Ford,E-Transit,BEV,4x2,Ford BEV Warranty Guide + Transit/E-Transit BEMM,"2023 MY Battery Electric Vehicle Warranty Guide (E-Transit, Mustang Mach-E, F-150 Lightning), September 2023 Fourth Printing (PDF created 2023-09-06)",https://www.f150lightningforum.com/forum/attachments/us_ford_bev_warranty_guide_9-5-23-pdf.108634/ (forum-hosted copy of Ford PDF; OEM URL https://www.fordservicecontent.com/Ford_Content/Catalog/owner_information/2024_US_Ford_BEV_Warranty_Guide-9.5.23.pdf returned 403),N (express); implied warranties disclaimed for business use,"""*** Ford disclaims all implied warranties if the vehicle is used for business or commercial purposes. ***""",pdf p.8,FACT,N - none found; the same BEV guide names E-Transit,8,100000,70 (65 for cutaway or chassis cab),"""less than 70 percent ... or less than 65 percent for vehicles in cutaway or chassis cab configuration"" pdf p.11","3 yr/36,000","5 yr/60,000",5 yr/unlimited (perforation),FACT,"Ford BEV guide pdf p.9, p.11","Y, no fee or process stated","""...previously owned 2023-model electric vehicle, you are eligible for any remaining warranty coverages."" pdf p.5",Keeps express coverage (commercial product; no business-use exclusion),FACT (text) / INFERENCE (effect),"Guide: alterations to ""body, chassis, electronics"" not covered (pdf p.12); an ambulance built without the Ford Ambulance Prep Package ""voids the Ford Bumper to Bumper Warranty"" (pdf p.20). BEMM: ""Subsequent stage manufacturers and vehicle alterers should NOT plan to connect with or modify the high voltage system or components in any way"" (pdf p.45); voltage boosters ""will not only invalidate vehicle warranties"" (pdf p.51); ""Changing configurations may invalidate the vehicle warranty"" (pdf p.96)","Ford BEV guide pdf p.12, p.20; FORD Transit & E-Transit 2022MY Body and Equipment Mounting Manual North America, published 11/2021: https://madocumentupload.marketingassociates.com/api/Document/GetFile?v1=6477244&v2=111221115635&v3=60&v4=3f4e613b367cff34a245660a846229f3535335d18baf354cbacd2af9&v5=False pdf p.45, p.51, p.96",FACT,Yes with conditions,INFERENCE from FACT text,Ford Pro Upfitter (ex-QVM) warranty effect; whether a 2024+ BEMM changed the HV wording,2026-09-27
2024-2026,Chevrolet,Silverado EV (incl. WT/fleet),BEV,4x4,Chevrolet EV Limited Warranty booklet,"2024 Chevrolet Electric Vehicle Limited Warranty and Owner Assistance Information, 17267650 C (filename 2025JAN06; (c) 2025)",https://contentdelivery.ext.gm.com/bypass/gma-content-api/resources/sites/GMA/content/staging/MANUALS/8000/MA8815/en_US/7.0/24_CHEV_Electric_Vehicle_WM_en_US_U_17267650C_2025JAN06_3P.pdf,N,"No business/commercial clause in the full booklet text; implied warranty only ""limited in duration to the duration of this written warranty""; misuse = ""driving over curbs, overloading, racing, or other competition""",booklet pp.8-11,FACT (absence in full text),"No separate EV fleet warranty. GM fleet 5 yr/100k transferable powertrain applies to ""eligible"" vehicles for qualifying fleet accounts; the same fleet page lists ""8 years or 100,000 miles for GM electric vehicles"". The EV booklet has no fleet 5/100k clause and no separate powertrain term",8,100000,75,"""The battery will be replaced/repaired if the capacity falls below 75% of its original value during the warranty period, as determined by a certified dealer"" booklet pp.4-5","3 yr/36,000",none listed separately in EV booklet (battery pack 8/100k; rest under B2B),"surface 3 yr/36,000; rust-through 6 yr/100,000",FACT,"GM EV booklet pp.4-5; 2024 GM Fleet Guide v3 (PDF created 2023-11-17) p6: https://xr793.com/wp-content/uploads/2024/01/2024-GM-Fleet-Guide-v3.pdf (third-party host of GM Fleet PDF); 2026 Silverado EV WT spec guide p.28 (B2B 3/36, EV propulsion 8/100k, rust-through 6/100k, roadside Qualified Fleet 5 yr/100k): https://www.gmupfitter.com/wp-content/uploads/2026/07/2026-Silverado-EV-Specification-Guide-072726.pdf","Y, no cost","NVLW ""provided to the original and any subsequent owners""; battery warranty ""transferable at no cost to any subsequent person(s)"" booklet p.4",Keeps coverage (no exclusion),FACT (text) / INFERENCE (effect),"""Installations or alterations to the original equipment vehicle or chassis ... are not covered... The special body company, assembler, or equipment installer is solely responsible for warranties on the body or equipment"" (booklet p.14); ""Alteration, modification, or tampering ... body, chassis, software"" not covered (p.8-9). Warranty repairs at ""EV Certified Chevrolet dealer"" (p.4)","GM EV booklet p.4, pp.8-9, p.14",FACT,Yes with conditions,INFERENCE from FACT text,2026 Chevrolet EV booklet text (INFERENCE same 75%); whether GM fleet contracts add EV terms,2026-09-27
2024-2026,GMC,Sierra EV,BEV,4x4,GMC EV Limited Warranty booklet (NOT retrieved),UNKNOWN,UNKNOWN (not found; see unknowns),"UNKNOWN (INFERENCE: N, same GM template as Chevrolet EV and GMC gas booklets)",,,UNKNOWN / INFERENCE,"INFERENCE: none (as Chevrolet); GMC gas booklet has fleet 5/100k powertrain, not applicable to EV propulsion",8,100000,75 (INFERENCE),"Third-party: LegalClarity (published 2026-06-25) citing ""2025 GMC Electric Vehicle Limited Warranty"": 75%. https://legalclarity.org/what-does-gmc-warranty-cover-powertrain-ev-and-exclusions/","3 yr/36,000 (FACT gmc.com)",n/a for EV propulsion (INFERENCE),"rust-through 6 yr/100,000 ""typically"" (FACT gmc.com)","FACT (gmc.com B2B/rust) / INFERENCE (battery, floor)",https://www.gmc.com/warranty-protection,Y,"gmc.com FAQ: ""Yes. Those limited warranties that are still active will transfer to the new owner.""",INFERENCE: keeps coverage,FACT (transfer) / INFERENCE,"""Installations or alterations to the original GM-equipped vehicle (or chassis) are not covered by the GMC New Vehicle Limited Warranty. The special body company, assembler, equipment installer or upfitter is solely responsible...""",https://www.gmc.com/important-information,FACT,Yes with conditions,INFERENCE (GMC EV booklet not retrieved),"GMC EV booklet text, version, 75% floor wording",2026-09-27
2022-2025,GMC,HUMMER EV Pickup,BEV,4x4,GMC EV Limited Warranty booklet (NOT retrieved) + gmc.com warranty FAQ,UNKNOWN (booklet); gmc.com FAQ as of 2026-09-27,https://www.gmc.com/warranty-protection,UNKNOWN (INFERENCE: N),,,UNKNOWN / INFERENCE,INFERENCE: none,8,100000,75 (INFERENCE),Third-party LegalClarity 2026-06-25 citing 2025 GMC EV booklet,"3 yr/36,000 (FACT gmc.com)",n/a EV (INFERENCE),"rust-through 6 yr/100,000 typical (FACT gmc.com)",FACT (gmc.com) / INFERENCE,https://www.gmc.com/warranty-protection,"Y, EXCEPT Edition 1 sold within 6 months","gmc.com FAQ: ""2023 HUMMER EV Edition 1 Pickup and 2024 HUMMER EV Edition 1 SUV limited warranty transferability is subject to a 6 month retention policy from the date on which you take delivery. If ownership is transferred prior to this, the Bumper-to-Bumper, Electric Vehicle Propulsion, Sheet Metal, Tire and Accessory coverages under GM's New Vehicle Limited Warranty will be voided.""",INFERENCE: keeps coverage (if not voided by retention rule),FACT (transfer/retention) / INFERENCE,GMC alterations/upfitter statement (as Sierra EV),https://www.gmc.com/important-information,FACT,Yes with conditions (check Edition 1 retention block by VIN),INFERENCE,GMC EV booklet; whether 2022 Edition 1 pickups are also under the retention rule (FAQ names 2023 pickup / 2024 SUV),2026-09-27
2022-2026,Chevrolet (BrightDrop),BrightDrop 400/600 (Zevo 400/600 pre-2025),BEV,4x2,GM 25MY BrightDrop 400/600 Specification Guide (warranty table); BrightDrop booklet NOT retrieved,"25MY spec guide, (c) 2024, PDF created 2024-07-10",https://www.gmupfitter.com/wp-content/uploads/2024/12/25MY-Chevrolet-BrightDrop-400-600-112624.pdf,N/A - fleet-only commercial product; UNKNOWN booklet text (INFERENCE: no exclusion),,,INFERENCE,The vehicle warranty itself is the commercial one (sold to fleets). Terms below,8,100000,75 (INFERENCE for US),"Canadian 2025 BrightDrop EV Limited Warranty booklet (GM Canada, 18455110A, 2024-06-27) shows ""capacity falls below 75%"" in search-index text; PDF returned 403/404, not read directly: https://www.gmenvolve.ca/content/dam/gmenvolve/na/ca/en/index/fleet/parts-service/manuals/pdfs/25_BRIGHTDROP_WM_en_CA_U_18455110A_CA_2024JUN27.pdf","3 yr/36,000",none listed (EV propulsion 8/100k),"rust-through 6 yr/100,000; corrosion 3 yr/36,000",FACT (25MY spec guide p.40; restraint 6/72k; roadside 5/100k),"https://www.gmupfitter.com/wp-content/uploads/2024/12/25MY-Chevrolet-BrightDrop-400-600-112624.pdf p.40; 2026 BrightDrop 600 AWD dealer spec sheet ""F6: March 2025"" (third-party host): 3/36 B2B, 8/100K Electrification, 6/100K rust-through","INFERENCE: Y (Canadian booklet: ""provided to the original and any subsequent owners""; battery ""transferable at no cost"")","Canadian booklet, search-index text only",n/a (commercial product),INFERENCE,"""Shown with equipment from independent suppliers not covered by the GM New Vehicle Limited Warranty GM is not responsible for the safety or quality of independent supplier alterations."" (spec guide p.1); GM Fleet Guide: ""Upfits from an independent supplier are not covered by the GM New Vehicle Limited Warranty.""",https://www.gmupfitter.com/wp-content/uploads/2024/12/25MY-Chevrolet-BrightDrop-400-600-112624.pdf p.1; 2024 GM Fleet Guide v3 (PDF created 2023-11-17) p6: https://xr793.com/wp-content/uploads/2024/01/2024-GM-Fleet-Guide-v3.pdf (third-party host of GM Fleet PDF),FACT,Yes with conditions,INFERENCE (US booklet not retrieved; 2025 terms FACT from GM spec guide),"US BrightDrop warranty booklet (2025/2026); Zevo 2022-2024 BrightDrop-era booklet and terms; CONFLICT: section B lists ""5yr/60k powertrain (C&D summary)"", GM spec guide lists no powertrain term",2026-09-27
2024-2025,Ram,ProMaster EV,BEV,4x2,Ram Heavy Duty Gas/Diesel/EV Warranty booklet,2024 Ram Heavy Duty Gas/Diesel/EV Warranty EN US E3 (PDF created 2024-02-14); same text in 2025 Ram Heavy Duty Warranty US E2 V3 (created 2025-08-18) pdf pp.20-21: https://vehicleinfo.mopar.com/assets/publications/en-us/Ram/2025/103957_25_R_HW_GW_EN_US_DIGITAL_E2_V3.pdf,https://vehicleinfo.mopar.com/assets/publications/en-us/Ram/2024/100588_24_R_HW_GW_EN_US_DIGITAL_E3.pdf,N (express); implied warranties disclaimed for primarily business use,"""If you use your vehicle primarily for business or commercial purposes, then these implied warranties do not apply and FCA US LLC completely disclaims them to the extent allowed by law.""",pdf p.8 (2024); pdf p.9 (2025),FACT,N - none found (Business Link dealer network only),8,100000,NONE - gradual capacity loss excluded,"""The loss of battery capacity due to or resulting from gradual capacity loss is not covered under the High Voltage Battery Limited Warranty."" pdf p.15 (2024); pdf pp.20-21 (2025)","3 yr/36,000 (Basic)","Electric Powertrain 8 yr/100,000 (battery pack + drive units)",all panels 3 yr/unlimited; outer panels 5 yr/unlimited,FACT,"Ram 2024 HD booklet pdf pp.3-4 (at a glance), p.15","INFERENCE: Y - each warranty covers ""a purchaser for use of the vehicle""; no first-owner limit or fee stated","""You are covered by the Basic Limited Warranty if you are a purchaser for use of the vehicle."" pdf p.10",Keeps express coverage (commercial product; only implied warranties disclaimed),FACT (text) / INFERENCE (effect),"Basic warranty excludes ""items changed because of customization or van conversion"" (pdf p.10); not covered: ""Changing the vehicle's configuration or dimensions, such as converting the vehicle into a limousine or food service vehicle"" (pdf p.17); HV battery exclusion: opening/servicing by ""someone other than an authorized Ram ProMaster EV repair facility"" (pdf p.15); ""Corrosion of special bodies, body conversions, or equipment"" not supplied by FCA (pdf p.18)","Ram 2024 HD booklet pdf p.10, 15, 17, 18",FACT,Yes with conditions (no capacity floor),INFERENCE from FACT text,Ram fleet/commercial contract terms (none found),2026-09-27
2024-2025,Tesla,Cybertruck,BEV,4x4,Tesla Cybertruck New Vehicle Limited Warranty (+ Pre-Owned Vehicle Limited Warranty),NVLW effective 2025/06/05; Pre-Owned VLW effective 2026/05/07,https://digitalassets.tesla.com/tesla-contents/image/upload/tesla-cybertruck-new-vehicle-limited-warranty-en-us.pdf ; https://digitalassets.tesla.com/tesla-contents/image/upload/tesla-used-vehicle-limited-warranty-en-us.pdf,N (NVLW). BUT the Tesla Pre-Owned Vehicle Limited Warranty (add-on on Tesla-sold used cars) excludes commercial use,"NVLW: only ""NCDS will not arbitrate claims involving a vehicle used primarily for commercial purposes unless the 'Lemon Law' of your state covers (1) vehicles used for commercial purposes"" (pdf p.14). Pre-Owned VLW does NOT cover ""Any used vehicles purchased for resale purposes or used for commercial purposes (not used primarily for personal, family, or household purposes), including without limitation, pick-up and delivery services, ride-sharing, taxi, ... hauling, construction or moving services, government, military or emergency use, use by multiple drivers, etc."" (pdf p.7)",NVLW pdf p.14; Pre-Owned pdf p.7,FACT,"UNKNOWN - no Tesla commercial/fleet warranty found (tesla.com/fleet returned 403). NVLW coverage starts at delivery ""to the first retail or corporate purchaser(s) or lessor(s)"" (pdf p.4)",8,150000,70,"""8 years or 150,000 miles ... with minimum 70% retention of Battery capacity"" NVLW pdf p.5","4 yr/50,000 (Basic)","Battery and Drive Unit 8 yr/150,000",Body Rust (perforation) 12 yr/unlimited,FACT,"Cybertruck NVLW pdf p.5, p.7","NVLW: Y, no cost. Pre-Owned VLW: only to private retail (non-commercial) purchasers","NVLW: ""transferable at no cost to any person(s) who subsequently and lawfully assume(s) ownership of the vehicle after the first retail purchaser"" (pdf p.4). Pre-Owned: ""transferable at no cost to any private retail purchaser (i.e., for non-commercial use...)"" (pdf p.5); the Pre-Owned VLW ""does not extend or otherwise alter"" the NVLW balance (pdf p.4)",NVLW balance kept; Tesla Pre-Owned 1 yr/10k add-on lost,FACT (text) / INFERENCE (effect),"Not covered: ""Any repair, alteration or modification, including lightbar harness connection wiring, of the vehicle that was made inappropriately, or the installation or use of fluids, parts or accessories, made by a person or facility not authorized or certified to do so"" (NVLW pdf p.8). No Tesla upfitter program found",NVLW pdf p.8,FACT,Yes with conditions (NVLW); No for the Pre-Owned add-on,INFERENCE from FACT text,Tesla fleet/commercial terms (tesla.com blocked),2026-09-27
2022-2025,Rivian,EDV / Commercial Van (500/700),BEV,4x2,Rivian Commercial NVLW Guide (Commercial Van); EDV NVLW Guide (DSP) for Amazon vans,Commercial Rev 3 effective 2024-12-31; RCV Reference Guide 2025 MY v17; EDV DSP guide UNKNOWN,https://assets.rivian.com/2md5qhoeajym/7ru4KaOCgjEP7FfT8QT7jE/ece18b4b636928b05eb06938645890fa/commercial-new-vehicle-limited-warranty-guide-us-en-us-20241231.pdf,N/A - commercial guide; no business-use exclusion,(see RIVIAN-COMMERCIAL-WARRANTY-2026-09-27.md),Commercial guide pp.13-16,FACT (reused),Y - Commercial NVLW (RCV); EDV DSP guide for Amazon vans (terms UNKNOWN),8,100000,70 (INFERENCE for van: Commercial guide governs),"Commercial guide p.11 (""loses 30% or more"")","3 yr/36,000","8 yr/100,000 (incl. battery pack)",5 yr/unlimited,"FACT (reused, RCV QuickRef p.6; Commercial guide p.11)",data-v2/rivian_warranty_compare.csv,"Y - ""may be transferable to subsequent lawful purchasers""; contact Rivian before purchase",Commercial guide p.10 (reused),n/a (commercial product),FACT (reused) / INFERENCE,"Not covered: modifications ""not performed by a Rivian Preferred Upfit Partner""",Commercial guide p.13 (reused),FACT (reused),Yes with conditions (Commercial Van); UNKNOWN (ex-Amazon EDV sold under DSP guide),INFERENCE,"EDV NVLW Guide (DSP) PDF and terms (support page lists Comprehensive, Battery, Drivetrain, Corrosion, Safety System, Tire; PDF loads client-side)",2026-09-27
2022-2025,Rivian,R1T (reference),BEV,4x4,R1T+R1S NVLW Guide (consumer) vs Commercial NVLW,Consumer Rev 15 effective 2026-08-13; Commercial Rev 3 effective 2024-12-31,https://assets.ctfassets.net/2md5qhoeajym/3jyOsY7odpa35j9Yzb0KXK/edc6d556b122b351117b409a9bb8cf8a/r1t_r1s-new-vehicle-limited-warranty-guide-us-en-us-20260813.pdf ; https://assets.rivian.com/2md5qhoeajym/7ru4KaOCgjEP7FfT8QT7jE/ece18b4b636928b05eb06938645890fa/commercial-new-vehicle-limited-warranty-guide-us-en-us-20241231.pdf,"Y - consumer NVLW ""does not apply"" if ""used primarily for business or commercial purposes""","""The vehicle or product is used primarily for business or commercial purposes""",consumer guide p.16,FACT (reused),Y - Commercial NVLW for fleet-sold R1T,8 (both),consumer 120k-175k by config; commercial 100k,70,consumer p.15; commercial p.11,consumer 4/50 or 5/60; commercial 3/36,with battery (8 yr),consumer 8 yr; commercial 5 yr,FACT (reused),data-v2/rivian_warranty_compare.csv,"Y - ""may be transferable""; contact Rivian before purchase",consumer p.13; commercial p.10,LOSES coverage (consumer exclusion applies to the vehicle); roadside chargeable,FACT (text) / INFERENCE (effect),Commercial: Preferred Upfit Partner rule (p.13),Commercial guide p.13,FACT (reused),No (used consumer R1T); Yes with conditions (ex-fleet R1T on Commercial terms),INFERENCE (reused),"Rivian enforcement of ""primarily""; consumer-to-commercial conversion",2026-09-27
