nhtsa_campaign,r1t_model_years_api,report_received,component,summary,remedy,park_it,park_outside,ota_remedy,label,source_url,api_url,accessed
22V319000,2022,2022-05-10,SEATS,"Rivian Automotive, LLC (Rivian) is recalling certain 2022 R1T vehicles.  The Occupant Classification System (OCS) may not deactivate the air bag when a child or child seat occupies the front passenger seat.  As such, these vehicles fail to comply with the requirements of Federal Motor Vehicle Safety Standard number 208, ""Occupant Crash Protection.""","Rivian Service Centers will replace the front passenger seat, free of charge.  Owner notification letters were mailed July 6, 2022.  Owners may contact Rivian customer service at 1-734-855-4345.  Rivian's number for this recall is FSAM-651.",False,False,False,FACT,https://www.nhtsa.gov/recalls?nhtsaId=22V319000,https://api.nhtsa.gov/recalls/recallsByVehicle?make=RIVIAN&model=R1T&modelYear=2022,2026-09-27
22V641000,2022,2022-08-25,SEAT BELTS:FRONT:ANCHORAGE,"Rivian Automotive, LLC (Rivian) is recalling certain 2022 R1T and R1S vehicles.  The front seat belt anchors may have been inadequately attached to the B-pillar.","Rivian will inspect the front seat belt assemblies and, as necessary, properly secure the bolts, free of charge.  Owner notification letters were September 30, 2022.  Owners may contact Rivian customer service at 1-888-748-4261.  Rivian's number for this recall is FSAM-924.",False,False,False,FACT,https://www.nhtsa.gov/recalls?nhtsaId=22V641000,https://api.nhtsa.gov/recalls/recallsByVehicle?make=RIVIAN&model=R1T&modelYear=2022,2026-09-27
22V744000,2022,2022-10-06,SUSPENSION:FRONT:CONTROL ARM:UPPER ARM,"Rivian Automotive, LLC (Rivian) is recalling certain 2022 R1T, R1S, and EDV vehicles.  The fastener connecting the front upper control arm and steering knuckle may have been improperly tightened.","Dealers will inspect and, as necessary, tighten the steering knuckle fastener, free of charge.  Owner notification letters were mailed November 11, 2022.  Owners may contact Rivian customer service at 1-888-748-4261.  Rivian's number for this recall is FSAM 997.",False,False,False,FACT,https://www.nhtsa.gov/recalls?nhtsaId=22V744000,https://api.nhtsa.gov/recalls/recallsByVehicle?make=RIVIAN&model=R1T&modelYear=2022,2026-09-27
23V109000,2022,2023-02-22,SEAT BELTS:FRONT:RETRACTOR,"Rivian Automotive, LLC (Rivian) is recalling certain 2022 R1T and R1S vehicles.  A faulty automatic locking retractor (ALR) sensor in the front passenger seat belt system may incorrectly report as ON when it is actually OFF, causing the suppression or improper deployment of the air bag.  As such, these vehicles fail to comply with the requirements of Federal Motor Vehicle Safety Standard number 208, ""Occupant Crash Protection.""","Dealers will inspect and replace the front passenger seat belt system components as necessary, free of charge.  Owner notification letters were mailed April 5, 2023.  Owners may contact Rivian customer service at 1-888-748-4261.  Rivian's number for this recall is FSAM-1166.",False,False,False,FACT,https://www.nhtsa.gov/recalls?nhtsaId=23V109000,https://api.nhtsa.gov/recalls/recallsByVehicle?make=RIVIAN&model=R1T&modelYear=2022,2026-09-27
23V783000,2022;2023,2023-11-21,VISIBILITY:DEFROSTER/DEFOGGER/HVAC SYSTEM,"Rivian Automotive, LLC (Rivian) is recalling certain 2022-2023 R1T and R1S vehicles.  A software update may have deactivated the defroster and defogger system controls.","Rivian has released an over-the-air (OTA) software update, free of charge.  Owner notification letters were mailed December 21, 2023.  Owners may contact Rivian customer service at 1-888-748-4261.  Rivian's number for this recall is FSAM-1331.",False,False,True,FACT,https://www.nhtsa.gov/recalls?nhtsaId=23V783000,https://api.nhtsa.gov/recalls/recallsByVehicle?make=RIVIAN&model=R1T&modelYear=2022,2026-09-27
23V883000,2022,2023-12-21,VEHICLE SPEED CONTROL:ACCELERATOR PEDAL,"Rivian Automotive, LLC (Rivian) is recalling certain 2022 R1T and R1S vehicles.  The accelerator pedal may not detect when the driver releases the pedal, failing to activate ""auto-hold"" or ""park"" as intended.","Rivian has released an over-the-air (OTA) software update.  Rivian will also replace the accelerator pedals, free of charge.  Owner notification letters were mailed January 18, 2024.  Owners may contact Rivian customer service at 1-888-748-4261.  Rivian's number for this recall is FSAM 1342.",False,False,True,FACT,https://www.nhtsa.gov/recalls?nhtsaId=23V883000,https://api.nhtsa.gov/recalls/recallsByVehicle?make=RIVIAN&model=R1T&modelYear=2022,2026-09-27
24V319000,2024,2024-05-09,EQUIPMENT:OTHER:LABELS,"Rivian Automotive, LLC. (Rivian) is recalling certain 2024 R1T and R1S vehicles.  The dashboard air bag warning label may be missing.  As such, these vehicles fail to comply with the requirements of Federal Motor Vehicle Safety Standard number 208, ""Occupant Crash Protection.""","Rivian mailed owners the warning label information, free of charge.  Owner notification letters were mailed May 30, 2024.  Owners may contact Rivian customer service at 1-888-748-4264.  Rivian's number for this recall is FSAM-1429.",False,False,False,FACT,https://www.nhtsa.gov/recalls?nhtsaId=24V319000,https://api.nhtsa.gov/recalls/recallsByVehicle?make=RIVIAN&model=R1T&modelYear=2024,2026-09-27
24V367000,2023;2024,2024-05-23,EXTERIOR LIGHTING:HEADLIGHTS,"Rivian Automotive, LLC. (Rivian) is recalling certain 2023-2024 EDV, R1S, and R1T vehicles.  The headlights may be improperly aimed.  As such, these vehicles fail to comply with the requirements of Federal Motor Vehicle Safety Standard number 108, ""Lamp, Reflective Devices and Associated Equipment.""","Rivian will inspect and adjust the headlight alignment as necessary, free of charge.  Owner notification letters were mailed June 28, 2024.  Owners may contact Rivian customer service at 1-888-748-4264.  Rivian's number for this recall is FSAM-1445.",False,False,False,FACT,https://www.nhtsa.gov/recalls?nhtsaId=24V367000,https://api.nhtsa.gov/recalls/recallsByVehicle?make=RIVIAN&model=R1T&modelYear=2023,2026-09-27
24V408000,2022;2023;2024,2024-06-05,AIR BAGS:CRITICAL FASTENERS,"Rivian Automotive, LLC (Rivian) is recalling certain 2022-2024 R1T and R1S vehicles.  The attachment clips on the upper B-pillar and/or C-pillar trim panels may have been damaged during a service procedure.","Rivian will replace the pillar trim panels, free of charge.  Owner notification letters were mailed July 16, 2024.  Owners may contact Rivian customer service at 1-888-748-4261.  Rivian's number for this recall is FSAM 1464.",False,False,False,FACT,https://www.nhtsa.gov/recalls?nhtsaId=24V408000,https://api.nhtsa.gov/recalls/recallsByVehicle?make=RIVIAN&model=R1T&modelYear=2022,2026-09-27
24V458000,2022;2023,2024-06-20,EQUIPMENT:OTHER:LABELS,"Rivian Automotive, LLC. (Rivian) is recalling certain 2022-2023 R1S and R1T vehicles.  The maximum vehicle capacity weight value on the tire placard label is incorrect.  As such, these vehicles fail to comply with the requirements of Federal Motor Vehicle Safety Standard number 110, ""Tire Selection and Rims.""","Rivian will mail owners a corrected overlay tire placard label, free of charge.  Owner notification letters were mailed August 8, 2024.  Owners may contact Rivian customer service at 1-888-748-4264.  Rivian's number for this recall is FSAM-1491.",False,False,False,FACT,https://www.nhtsa.gov/recalls?nhtsaId=24V458000,https://api.nhtsa.gov/recalls/recallsByVehicle?make=RIVIAN&model=R1T&modelYear=2022,2026-09-27
25V370000,2022;2023;2024;2025,2025-06-03,SEAT BELTS:FRONT:ANCHORAGE,"Rivian Automotive, LLC (Rivian) is recalling certain 2022-2025 R1T and R1S vehicles. The D-ring bolts for one or both front seat belt anchorage assemblies may not have been properly installed.","Rivian will inspect and properly secure the seat belt anchorage assemblies as necessary, free of charge. Owner notification letters were mailed July 8, 2025. Owners may contact Rivian customer service at 1-888-748-4261. Rivian's number for this recall is FSAM-1681.",False,False,False,FACT,https://www.nhtsa.gov/recalls?nhtsaId=25V370000,https://api.nhtsa.gov/recalls/recallsByVehicle?make=RIVIAN&model=R1T&modelYear=2022,2026-09-27
25V387000,2025,2025-06-11,EXTERIOR LIGHTING:TURN SIGNAL,"Rivian Automotive, LLC (Rivian) is recalling certain 2025 R1S and R1T vehicles. One or both front turn signals may fail to illuminate and flash. As such, these vehicles fail to comply with the requirements of Federal Motor Vehicle Safety Standard (FMVSS) number 108, ""Lamps, Reflective Devices, and Associated Equipment.""","Rivian will inspect and replace the front turn signals as necessary, free of charge. Owner notification letters were mailed September 22, 2025. Owners will receive a second notice once the remedy becomes available. Owners may contact Rivian customer service at 1-888-748-4261. Rivian's number for this recall is FSAM-1693.",False,False,False,FACT,https://www.nhtsa.gov/recalls?nhtsaId=25V387000,https://api.nhtsa.gov/recalls/recallsByVehicle?make=RIVIAN&model=R1T&modelYear=2025,2026-09-27
25V537000,2025,2025-08-21,ELECTRICAL SYSTEM:PROPULSION SYSTEM:TRACTION BATTERY,"Rivian Automotive, LLC (Rivian) is recalling certain 2025 R1S and R1T vehicles. An improperly grounded connection inside the High Voltage Distribution Box (HVDB) may cause a loss of drive power.","Rivian will inspect and repair the HVDB ground strap joint or replace the high voltage battery pack as necessary, free of charge. Owner notification letters were mailed October 17, 2025. Owners may contact Rivian customer service at 1-888-748-4261. Rivian's number for this recall is FSAM-1723.",False,False,False,FACT,https://www.nhtsa.gov/recalls?nhtsaId=25V537000,https://api.nhtsa.gov/recalls/recallsByVehicle?make=RIVIAN&model=R1T&modelYear=2025,2026-09-27
25V585000,2025,2025-09-08,ELECTRICAL SYSTEM:ADAS:AUTONOMOUS/SELF DRIVING:SOFTWARE,"Rivian Automotive, LLC (Rivian) is recalling certain 2025 R1S and R1T vehicles operating a software version prior to 2025.18.30. The Hands-Free Highway Assist (HWA) software may fail to correctly identify a lead vehicle.","Rivian has released an over-the-air (OTA) software update, free of charge. Owner notification letters were mailed October 17, 2025. Owners may contact Rivian customer service at 1-888-748-4261. Rivian's number for this recall is FSAM-1744.",False,False,False,FACT,https://www.nhtsa.gov/recalls?nhtsaId=25V585000,https://api.nhtsa.gov/recalls/recallsByVehicle?make=RIVIAN&model=R1T&modelYear=2025,2026-09-27
26V003000,2022;2023;2024;2025,2026-01-05,SUSPENSION:CRITICAL FASTENERS,"Rivian Automotive, LLC (Rivian) is recalling certain 2022-2025 R1S and R1T vehicles that previously had service performed. The toe link may have been reassembled incorrectly during service procedures performed before March 10, 2025.","Rivian will replace the rear toe link bolts, free of charge. Owner notification letters were mailed February 17, 2026. Owners may contact Rivian customer service at 1-888-748-4261. Rivian's number for this recall is FSAM-1794. Vehicle Identification Numbers (VINs) involved in this recall will be searchable on NHTSA.gov beginning February 24, 2026.",False,False,False,FACT,https://www.nhtsa.gov/recalls?nhtsaId=26V003000,https://api.nhtsa.gov/recalls/recallsByVehicle?make=RIVIAN&model=R1T&modelYear=2022,2026-09-27
26V009000,2022;2023;2024;2025,2026-01-15,SEAT BELTS:CRITICAL FASTENERS,"Rivian Automotive, LLC (Rivian) is recalling certain 2022-2025 R1T and 2022-2026 R1S vehicles. The bolts that secure the second-row driver and passenger side seat belt retractor assemblies may be improperly tightened.","Rivian will inspect and tighten the bolts as necessary, free of charge. Owner notification letters were mailed March 2, 2026. Owners may contact Rivian customer service at 1-888-748-4261. Rivian's number for this recall is FSAM-1795.",False,False,False,FACT,https://www.nhtsa.gov/recalls?nhtsaId=26V009000,https://api.nhtsa.gov/recalls/recallsByVehicle?make=RIVIAN&model=R1T&modelYear=2022,2026-09-27
26V508000,2025,2026-08-06,EXTERIOR LIGHTING:TURN SIGNAL,"Rivian Automotive, LLC (Rivian) is recalling certain 2025-2026 R1S and R1T vehicles. One or both front turn signals may fail to illuminate and flash. As such, these vehicles fail to comply with the requirements of Federal Motor Vehicle Safety Standard (FMVSS) number 108, ""Lamps, Reflective Devices, and Associated Equipment.""","Rivian will inspect and replace the front turn signals as necessary, free of charge. Owner notification letters are expected to be mailed September 29, 2026. Owners may contact Rivian customer service at 1-888-748-4261. Rivian's number for this recall is FSAM-1833. This is an expansion of Recall 25V387. Vehicle Identification Numbers (VINs) involved in this recall will be searchable on NHTSA.gov on August 31, 2026.",False,False,False,FACT,https://www.nhtsa.gov/recalls?nhtsaId=26V508000,https://api.nhtsa.gov/recalls/recallsByVehicle?make=RIVIAN&model=R1T&modelYear=2025,2026-09-27
26V597000,2022;2023;2024;2025,2026-09-16,BACK OVER PREVENTION:SOFTWARE,"Rivian Automotive, LLC (Rivian) is recalling certain 2022-2027 R1S, 2022-2026 R1T, and 2027 R2 vehicles. The rearview camera image may be obstructed by a notification when in reverse.  As such, these vehicles fail to comply with the requirements of Federal Motor Vehicle Safety Standard (FMVSS) number 111, ""Rear Visibility.""","Rivian has released an over-the-air (OTA) software update, free of charge. Owner notification letters are expected to be mailed November 9, 2026. Owners may contact Rivian customer service at 1-888-748-4261. Rivian's number for this recall is FSAM-1866. Vehicle Identification Numbers (VINs) involved in this recall will be searchable on NHTSA.gov on November 9, 2026.",False,False,False,FACT,https://www.nhtsa.gov/recalls?nhtsaId=26V597000,https://api.nhtsa.gov/recalls/recallsByVehicle?make=RIVIAN&model=R1T&modelYear=2022,2026-09-27
