year,trim,price_usd,miles,seller,city,state,listing_url,source_site,fetch_date,label
2022,Adventure Package,56600,33987,EV Auto,Brentwood,TN,https://www.evauto.com/vehicle/used-2022-rivian-r1t-adventure-package-7fctgaaa2nn006912/,evauto.com,2026-09-24,FACT
2022,Adventure Package,60290,4004,EV Auto,Brentwood,TN,https://www.evauto.com/vehicle/used-2022-rivian-r1t-adventure-package-7fctgaaa0nn012966/,evauto.com,2026-09-25,FACT
2023,Adventure,63999,15122,Ever,San Francisco,CA,https://www.evercars.com/cars/4753,evercars.com,2026-09-24,FACT
2023,Adventure Quad Motor Large Pack,62101,27277,UNKNOWN,UNKNOWN,UNKNOWN,https://www.cars.com/vehicledetail/b4ee67a9-2118-4da6-9512-22d746bbfdb8/,cars.com,2026-09-24,FACT
2024,Adventure,69999,11710,UNKNOWN,UNKNOWN,UNKNOWN,https://www.cars.com/vehicledetail/c144b118-c01b-412c-baa1-8c8a360d66e2/,cars.com,2026-09-24,FACT
2023,Adventure Quad Motor Large Pack,60989,23188,UNKNOWN,UNKNOWN,UNKNOWN,https://www.cars.com/vehicledetail/e781c2d4-69c1-4ab1-bfee-bc5487445ea2/,cars.com,2026-09-24,FACT
2022,Adventure Package,52387,45117,Don Mealey Chevrolet,Clermont,FL,https://www.cars.com/vehicledetail/dee1857e-7f7b-4841-934f-b45fffed3899/,cars.com,2026-09-24,FACT
2022,Adventure,55879,27626,UNKNOWN,UNKNOWN,UNKNOWN,https://www.cars.com/vehicledetail/879c826f-32a5-41a2-8681-924e2794c877/,cars.com,2026-09-24,FACT
2022,Adventure Package,58664,35450,UNKNOWN,UNKNOWN,UNKNOWN,https://www.cars.com/vehicledetail/2a93bcdd-39d9-4f2e-9e06-cb3ffd4f349a/,cars.com,2026-09-24,FACT
2025,Adventure,69357,30663,BMW of Gainesville,Gainesville,FL,https://www.cars.com/vehicledetail/914eb3b5-b7c1-4f02-b82a-2b756e3d5a24/,cars.com,2026-09-24,FACT
2025,Adventure Dual Motor Max Pack,68084,20187,UNKNOWN,UNKNOWN,UNKNOWN,https://www.cars.com/vehicledetail/514f1504-6549-47d4-a007-7c227e25aeb3/,cars.com,2026-09-24,FACT
2022,Adventure,51680,49345,UNKNOWN,UNKNOWN,UNKNOWN,https://www.cars.com/vehicledetail/1a654b59-dc7d-4f4c-b5a0-f247b5876e30/,cars.com,2026-09-24,FACT
2022,Adventure Package,45328,75666,UNKNOWN,UNKNOWN,UNKNOWN,https://www.cars.com/vehicledetail/73f38572-5fe9-44f0-b06c-f3dea485792f/,cars.com,2026-09-24,FACT
2022,Launch Edition,44489,69818,UNKNOWN,Trooper,PA,https://www.cargurus.com/Cars/l-Used-Rivian-R1T-Newark-d2837_L4760,cargurus.com,2026-09-24,FACT
2023,Launch Edition,54990,41760,UNKNOWN,Wilmington,DE,https://www.cargurus.com/Cars/l-Used-Rivian-R1T-Newark-d2837_L4760,cargurus.com,2026-09-24,FACT
2023,Adventure Performance Dual Motor,58299,16805,UNKNOWN,Aberdeen,MD,https://www.cargurus.com/Cars/l-Used-Rivian-R1T-Newark-d2837_L4760,cargurus.com,2026-09-24,FACT
2024,Adventure Dual Motor,60550,22003,UNKNOWN,Ocoee,FL,https://www.cargurus.com/Cars/l-Used-Rivian-R1T-Newark-d2837_L4760,cargurus.com,2026-09-24,FACT
2022,Adventure,54299,37776,Ever,San Francisco,CA,https://www.evercars.com/cars/7FCTGAAA5NN012011,evercars.com,2026-09-25,FACT
2025,Adventure Dual Motor Large Pack,67999,28686,Ever,San Francisco,CA,https://www.evercars.com/cars/7FCTGBAA1SN037487,evercars.com,2026-09-25,FACT
2022,Adventure,43294,56953,Automotive Avenues,Wall Township,NJ,https://www.cars.com/vehicledetail/380a337a-d435-4a36-8eb2-4d741c3acd87/,cars.com,2026-09-25,FACT
