year,make,model,trim,body,payload_lb,tow_lb,range_mi,range_basis,usable_kwh,kwh_basis,gvwr_lb,batt_warranty_yr,batt_warranty_mi,capacity_guarantee_pct,basic_warranty,epa_listed,maint_cents_per_mi,maint_basis,field_labels,source_urls,source_publish_date,accessed,notes
2023,Ford,E-Transit,350 Cargo Van Low Roof Regular WB,cargo van,3880,UNKNOWN,126,"OEM estimate (Ford; EPA-style MCT projection; not on fueleconomy.gov, GVWR 9,500 > 8,500 EPA label threshold)",68,usable (Ford spec sheet / C&D),9500,8,100000,70 (65 cutaway/chassis-cab),3yr/36k (C&D),N,UNKNOWN,"No van-class EV maintenance figure found; class-level light-duty proxies in b_maintenance_class.csv (AAA 2026, Argonne/DOE 2021 6.1 c/mi scheduled-only)",payload=FACT;tow=UNKNOWN(C&D: towing capacity unknown);range=FACT(OEM est);usable_kwh=FACT;gvwr=FACT(dealer research page);warranty=FACT;capacity=FACT(2024 BEV guide; INFERENCE same terms MY2023);maint=UNKNOWN,https://learn.bobswopeford.com/models/ford/e-transit/2023 | https://www.rohrerbus.com/wp-content/uploads/2022/10/2022-ford-e-transit-tech-specs.pdf | https://www.caranddriver.com/ford/e-transit-2023 | https://www.fordservicecontent.com/Ford_Content/Catalog/owner_information/2024_US_Ford_BEV_Warranty_Guide-9.5.23.pdf | https://www.ford.com/support/how-tos/warranty/warranties-and-coverage/what-is-the-warranty-on-my-ford-hybrid-or-electric-vehicle-battery/,Ford BEV guide 2023-09-05 (filename); rohrerbus 2022 spec PDF uploaded 2022-10; C&D/Bob Swope not dated on page,2026-09-27,"Per-roof payloads from 2022 Ford tech-spec PDF (MY2022); Bob Swope 2023 page repeats 126/116/108 mi and 3,880 lb max for MY2023 (INFERENCE: carryover). 2023 had single 68 kWh pack; Extended Range arrived later."
2023,Ford,E-Transit,350 Cargo Van Medium Roof Long WB,cargo van,3628,UNKNOWN,116,"OEM estimate (Ford; EPA-style MCT projection; not on fueleconomy.gov, GVWR 9,500 > 8,500 EPA label threshold)",68,usable (Ford spec sheet / C&D),9500,8,100000,70 (65 cutaway/chassis-cab),3yr/36k (C&D),N,UNKNOWN,"No van-class EV maintenance figure found; class-level light-duty proxies in b_maintenance_class.csv (AAA 2026, Argonne/DOE 2021 6.1 c/mi scheduled-only)",payload=FACT(2022 spec; INFERENCE carryover to 2023);range=FACT(OEM est);others as above,https://www.rohrerbus.com/wp-content/uploads/2022/10/2022-ford-e-transit-tech-specs.pdf | https://learn.bobswopeford.com/models/ford/e-transit/2023 | https://www.fordservicecontent.com/Ford_Content/Catalog/owner_information/2024_US_Ford_BEV_Warranty_Guide-9.5.23.pdf,see row 1,2026-09-27,
2023,Ford,E-Transit,350 Cargo Van High Roof Long/Extended WB,cargo van,3553 (Long) / 3330 (Extended),UNKNOWN,108,"OEM estimate (Ford; EPA-style MCT projection; not on fueleconomy.gov, GVWR 9,500 > 8,500 EPA label threshold)",68,usable (Ford spec sheet / C&D),9500,8,100000,70 (65 cutaway/chassis-cab),3yr/36k (C&D),N,UNKNOWN,"No van-class EV maintenance figure found; class-level light-duty proxies in b_maintenance_class.csv (AAA 2026, Argonne/DOE 2021 6.1 c/mi scheduled-only)",payload=FACT(2022 spec; INFERENCE carryover);range=FACT(OEM est),https://www.rohrerbus.com/wp-content/uploads/2022/10/2022-ford-e-transit-tech-specs.pdf | https://learn.bobswopeford.com/models/ford/e-transit/2023 | https://www.fordservicecontent.com/Ford_Content/Catalog/owner_information/2024_US_Ford_BEV_Warranty_Guide-9.5.23.pdf,see row 1,2026-09-27,
2024,Chevrolet,Silverado EV,"WT (3WT, 20-module)",crew cab pickup,1750,12500,393,EPA (fueleconomy.gov id 47446 = 393 mi; trim mapping via InsideEVs/GM Authority),UNKNOWN,GM does not publish usable; GM Authority lists pack 170 kWh (gross/usable not stated),,8,100000,"75 (prior research citation of GM 2024 Chevrolet EV warranty manual; PDF blocked on re-fetch 2026-09-27, re-verify)",3yr/36k,Y,10.79,"INFERENCE: class-level only = AAA Your Driving Costs 2026 EV pickup maintenance/repair/tires $1,618/yr / 15,000 mi (arithmetic); not model-specific","payload=FACT(secondary GM Authority, cites GM);tow=FACT(secondary InsideEVs);range=FACT(EPA);usable_kwh=UNKNOWN;warranty=FACT;capacity=FACT-prior(re-verify);maint=INFERENCE(class)",https://gmauthority.com/blog/2024/07/here-are-the-2024-chevy-silverado-ev-payload-capacities/ | https://insideevs.com/news/705388/2024-chevrolet-silverado-ev-epa-range-specs-pricing/ | https://gmauthority.com/blog/gm/chevrolet/silverado/silverado-ev-electric/2024-chevrolet-silverado-ev/ | https://www.fueleconomy.gov/ws/rest/vehicle/47446 | https://contentdelivery.ext.gm.com/bypass/gma-content-api/resources/sites/GMA/content/staging/MANUALS/8000/MA8815/en_US/7.0/24_CHEV_Electric_Vehicle_WM_en_US_U_17267650C_2025JAN06_3P.pdf,GM Authority payload 2024-07; EPA record modified 2024-08-25,2026-09-27,
2024,Chevrolet,Silverado EV,"WT (4WT, 24-module)",crew cab pickup,1400,10000,450,EPA (fueleconomy.gov id 46946 = 450 mi),UNKNOWN,"GM Authority lists pack 212 kWh (gross/usable not stated); InsideEVs: ""probably over 200 kWh""",,8,100000,"75 (prior research citation of GM 2024 Chevrolet EV warranty manual; PDF blocked on re-fetch 2026-09-27, re-verify)",3yr/36k,Y,10.79,"INFERENCE: class-level only = AAA Your Driving Costs 2026 EV pickup maintenance/repair/tires $1,618/yr / 15,000 mi (arithmetic); not model-specific",payload=FACT(secondary);tow=FACT(secondary);range=FACT(EPA);usable_kwh=UNKNOWN,https://gmauthority.com/blog/2024/07/here-are-the-2024-chevy-silverado-ev-payload-capacities/ | https://insideevs.com/news/705388/2024-chevrolet-silverado-ev-epa-range-specs-pricing/ | https://www.fueleconomy.gov/ws/rest/vehicle/46946,see above,2026-09-27,
2022,Ford,F-150 Lightning,Standard Range (Pro/XLT/Lariat SR),SuperCrew pickup,up to 2000,7700,230,EPA (fueleconomy.gov id 45318),98.0,usable (Ford confirmed to C&D 2021-12-17),,8,100000,70,3yr/36k; 5yr/60k powertrain,Y,10.79,"INFERENCE: class-level only = AAA Your Driving Costs 2026 EV pickup maintenance/repair/tires $1,618/yr / 15,000 mi (arithmetic); not model-specific","payload=FACT(secondary C&D; conflict: search snippets cite 2,235 lb from Ford 2022 tech-spec PDF, which returned Access Denied);tow=FACT(secondary C&D);range=FACT(EPA);usable_kwh=FACT;warranty=FACT;capacity=FACT(Ford BEV guide);maint=INFERENCE(class)",https://www.fueleconomy.gov/ws/rest/vehicle/45318 | https://www.caranddriver.com/news/a38552140/2022-ford-f-150-lightning-battery-specs-revealed/ | https://www.caranddriver.com/ford/f-150-lightning-2023 | https://www.fordservicecontent.com/Ford_Content/Catalog/owner_information/2024_US_Ford_BEV_Warranty_Guide-9.5.23.pdf | https://www.ford.com/support/how-tos/warranty/warranties-and-coverage/what-is-the-warranty-on-my-ford-hybrid-or-electric-vehicle-battery/,C&D battery article 2021-12-17,2026-09-27,
2022,Ford,F-150 Lightning,Extended Range (XLT/Lariat ER),SuperCrew pickup,as low as 1800,10000 (with Max Trailer Tow Pkg),320,EPA (fueleconomy.gov id 45317),131.0,usable (Ford via C&D),,8,100000,70,3yr/36k; 5yr/60k powertrain,Y,10.79,"INFERENCE: class-level only = AAA Your Driving Costs 2026 EV pickup maintenance/repair/tires $1,618/yr / 15,000 mi (arithmetic); not model-specific","payload=FACT(secondary C&D, range endpoint);tow=FACT(secondary C&D);range=FACT(EPA);usable_kwh=FACT",https://www.fueleconomy.gov/ws/rest/vehicle/45317 | https://www.caranddriver.com/news/a38552140/2022-ford-f-150-lightning-battery-specs-revealed/ | https://www.caranddriver.com/ford/f-150-lightning-2023 | https://www.fordservicecontent.com/Ford_Content/Catalog/owner_information/2024_US_Ford_BEV_Warranty_Guide-9.5.23.pdf,see above,2026-09-27,
2022,Ford,F-150 Lightning,Platinum (ER),SuperCrew pickup,UNKNOWN,"UNKNOWN (ER max 10,000 w/ pkg)",300,EPA (fueleconomy.gov id 45316),131.0,usable (C&D test sheet 131.0 kWh),,8,100000,70,3yr/36k; 5yr/60k powertrain,Y,10.79,"INFERENCE: class-level only = AAA Your Driving Costs 2026 EV pickup maintenance/repair/tires $1,618/yr / 15,000 mi (arithmetic); not model-specific",payload=UNKNOWN(trim-specific not found);range=FACT(EPA);usable_kwh=FACT,https://www.fueleconomy.gov/ws/rest/vehicle/45316 | https://www.caranddriver.com/ford/f-150-lightning-2023,,2026-09-27,
2023,Ford,F-150 Lightning,Standard Range (Pro/XLT/Lariat SR),SuperCrew pickup,up to 2000,7700,240,EPA (fueleconomy.gov id 46329),98.0,usable (Ford confirmed to C&D 2021-12-17),,8,100000,70,3yr/36k; 5yr/60k powertrain,Y,10.79,"INFERENCE: class-level only = AAA Your Driving Costs 2026 EV pickup maintenance/repair/tires $1,618/yr / 15,000 mi (arithmetic); not model-specific","payload=FACT(secondary C&D; conflict: search snippets cite 2,235 lb from Ford 2022 tech-spec PDF, which returned Access Denied);tow=FACT(secondary C&D);range=FACT(EPA);usable_kwh=FACT;warranty=FACT;capacity=FACT(Ford BEV guide);maint=INFERENCE(class)",https://www.fueleconomy.gov/ws/rest/vehicle/46329 | https://www.caranddriver.com/news/a38552140/2022-ford-f-150-lightning-battery-specs-revealed/ | https://www.caranddriver.com/ford/f-150-lightning-2023 | https://www.fordservicecontent.com/Ford_Content/Catalog/owner_information/2024_US_Ford_BEV_Warranty_Guide-9.5.23.pdf | https://www.ford.com/support/how-tos/warranty/warranties-and-coverage/what-is-the-warranty-on-my-ford-hybrid-or-electric-vehicle-battery/,C&D battery article 2021-12-17,2026-09-27,
2023,Ford,F-150 Lightning,Extended Range (XLT/Lariat ER),SuperCrew pickup,as low as 1800,10000 (with Max Trailer Tow Pkg),320,EPA (fueleconomy.gov id 46327),131.0,usable (Ford via C&D),,8,100000,70,3yr/36k; 5yr/60k powertrain,Y,10.79,"INFERENCE: class-level only = AAA Your Driving Costs 2026 EV pickup maintenance/repair/tires $1,618/yr / 15,000 mi (arithmetic); not model-specific","payload=FACT(secondary C&D, range endpoint);tow=FACT(secondary C&D);range=FACT(EPA);usable_kwh=FACT",https://www.fueleconomy.gov/ws/rest/vehicle/46327 | https://www.caranddriver.com/news/a38552140/2022-ford-f-150-lightning-battery-specs-revealed/ | https://www.caranddriver.com/ford/f-150-lightning-2023 | https://www.fordservicecontent.com/Ford_Content/Catalog/owner_information/2024_US_Ford_BEV_Warranty_Guide-9.5.23.pdf,see above,2026-09-27,
2023,Ford,F-150 Lightning,Platinum (ER),SuperCrew pickup,UNKNOWN,"UNKNOWN (ER max 10,000 w/ pkg)",300,EPA (fueleconomy.gov id 46328),131.0,usable (C&D test sheet 131.0 kWh),,8,100000,70,3yr/36k; 5yr/60k powertrain,Y,10.79,"INFERENCE: class-level only = AAA Your Driving Costs 2026 EV pickup maintenance/repair/tires $1,618/yr / 15,000 mi (arithmetic); not model-specific",payload=UNKNOWN(trim-specific not found);range=FACT(EPA);usable_kwh=FACT,https://www.fueleconomy.gov/ws/rest/vehicle/46328 | https://www.caranddriver.com/ford/f-150-lightning-2023,,2026-09-27,
2023,Ram,ProMaster EV,NO US MODEL YEAR 2023,n/a,n/a,n/a,n/a,,n/a,,,,,,,N,,,existence=FACT(evidence)+INFERENCE(conclusion),https://media.stellantisnorthamerica.com/newsrelease.do?id=25617&mid=1548 | https://api.nhtsa.gov/products/vehicle/models?modelYear=2023&make=RAM&issueType=r | https://www.fueleconomy.gov/ws/rest/vehicle/menu/model?year=2024&make=Ram,Stellantis release 2024-01-16,2026-09-27,Stellantis introduced the ProMaster EV as all-new in Jan 2024 (2024MY Delivery/step van first); NHTSA 2023 RAM model list has no PROMASTER BEV; NHTSA recallsByVehicle PROMASTER BEV 2023 = 0; recall 24V715 covers 2024 ProMaster BEV; 0 of 34 ProMaster EV rows in our 2026-09-24 listing sample are MY2023. INFERENCE: no US MY2023 ProMaster EV exists.
2024,Ram,ProMaster EV,"Delivery / Step Van 159"" WB Super High Roof (FWD)",step/delivery van,2030 (early OEM) / 2780-2782 (HVIP MY24 sheet) — conflict,"not rated (secondary, C&D); OEM pages silent","162-174 city (early 2024 OEM targets, varies by press vintage; 2025 step-van messaging up to 180 city)",OEM estimate (Ram; not EPA; not on fueleconomy.gov 2024-2026),UNKNOWN,OEM states 110 kWh pack only; C&D cites 97.0 kWh (secondary),UNKNOWN,8,100000,UNKNOWN (not stated on Ram FAQ),3yr/36k,N,UNKNOWN,"No van-class EV maintenance figure found; class-level light-duty proxies in b_maintenance_class.csv (AAA 2026, Argonne/DOE 2021 6.1 c/mi scheduled-only)",payload=FACT(two conflicting sources);tow=FACT-secondary/UNKNOWN-OEM;range=FACT(OEM est);usable_kwh=UNKNOWN;warranty=FACT;capacity=UNKNOWN,https://media.stellantisnorthamerica.com/newsrelease.do?id=25617&mid=1548 | https://californiahvip.org/wp-content/uploads/2024/05/AL-MY24-Ram-ProMaster-BEV-Delivery-Van-Hot-Sheets-010424-spec-sheet-240528.pdf | https://www.ramtrucks.com/electric/ram-promaster-ev/faq.html | https://www.caranddriver.com/reviews/a61774814/2024-ram-promaster-ev-drive/ | /workspace/fleetfit/product/promaster-ev/notes/2026-09-26-research-notes.md,Stellantis 2024-01-16; HVIP sheet 2024-05-28 (filename),2026-09-27,"Reused from promaster-ev brief (2026-09-26); values re-labeled, not re-fetched today. 2024MY = Delivery/step van only in US."
2026,GMC,Sierra EV,Elevation Standard Range,crew cab pickup,2250,8500,283,EPA (fueleconomy.gov id 49660),UNKNOWN,dealer page lists 120 kWh (14-module; gross/usable not stated),,8,100000,"75 (prior research citation of GM 2024 Chevrolet EV warranty manual; PDF blocked on re-fetch 2026-09-27, re-verify)",3yr/36k,Y,10.79,"INFERENCE: class-level only = AAA Your Driving Costs 2026 EV pickup maintenance/repair/tires $1,618/yr / 15,000 mi (arithmetic); not model-specific",payload=FACT(secondary dealer page);tow=FACT(secondary dealer);range=FACT(EPA);usable_kwh=UNKNOWN;warranty=FACT(C&D 8/100k);capacity=FACT-prior(re-verify),https://www.fueleconomy.gov/ws/rest/vehicle/49660 | https://www.octanegmc.com/new-gmc-sierra-ev.htm | https://www.caranddriver.com/gmc/sierra-ev,EPA record modified 2026-07-29,2026-09-27,
2026,GMC,Sierra EV,Elevation Extended Range,crew cab pickup,1700,12500,410 (11 kW OBC) / 385 (19 kW OBC),EPA (ids 49658 / 49659),UNKNOWN,dealer page lists 170 kWh (20-module),,8,100000,"75 (prior research citation of GM 2024 Chevrolet EV warranty manual; PDF blocked on re-fetch 2026-09-27, re-verify)",3yr/36k,Y,10.79,"INFERENCE: class-level only = AAA Your Driving Costs 2026 EV pickup maintenance/repair/tires $1,618/yr / 15,000 mi (arithmetic); not model-specific","payload=FACT(secondary);tow=FACT(secondary; C&D confirms 12,500 for Elevation ER);range=FACT(EPA);usable_kwh=UNKNOWN",https://www.fueleconomy.gov/ws/rest/vehicle/49658 | https://www.fueleconomy.gov/ws/rest/vehicle/49659 | https://www.octanegmc.com/new-gmc-sierra-ev.htm | https://www.caranddriver.com/gmc/sierra-ev,EPA 2026-07-29,2026-09-27,"C&D page states ER 385 / Max 410, which conflicts with EPA menu labels (ER 11kW 410, ER 19kW 385); EPA record used."
2025,Chevrolet,BrightDrop 600,FWD Standard Range,cargo van (BrightDrop 600),"2340 (GVWR 9,990) / 3350 (opt GVWR 11,000)",UNKNOWN,166,"GM estimate (not EPA; GVWR 9,990 lb)",UNKNOWN,not on GM spec sheet; secondary sites cite 102.4 kWh (unverified),9990 std / 11000 opt,8,100000,UNKNOWN (BrightDrop booklet not checked),3yr/36k; 5yr/60k powertrain (C&D summary),N,UNKNOWN,"No van-class EV maintenance figure found; class-level light-duty proxies in b_maintenance_class.csv (AAA 2026, Argonne/DOE 2021 6.1 c/mi scheduled-only)",payload=FACT(GM/HVIP spec sheet);range=FACT(GM est);usable_kwh=UNKNOWN;gvwr=FACT;warranty=FACT(secondary C&D);capacity=UNKNOWN,https://californiahvip.org/wp-content/uploads/2023/08/AL-MY25-BrightDrop-400-and-BrightDrop-600-2025-Spec-Sheet-241024.pdf | https://www.caranddriver.com/chevrolet/brightdrop,GM spec sheet published 2024-10-18,2026-09-27,"Rebrand: BrightDrop Zevo 600 (MY2023-2024, make BRIGHTDROP) became Chevrolet BrightDrop 600 for MY2025. Spec sheet: DCFC up to 120 kW, 11.5 kW OBC std."
2025,Chevrolet,BrightDrop 600,AWD Max Range,cargo van (BrightDrop 600),"1420 (GVWR 9,990) / 2430 (opt GVWR 11,000)",UNKNOWN,272,"GM estimate (not EPA; GVWR 9,990 lb)",UNKNOWN,secondary sites cite 173.3 kWh (unverified),9990 std / 11000 opt,8,100000,UNKNOWN (BrightDrop booklet not checked),3yr/36k; 5yr/60k powertrain (C&D summary),N,UNKNOWN,"No van-class EV maintenance figure found; class-level light-duty proxies in b_maintenance_class.csv (AAA 2026, Argonne/DOE 2021 6.1 c/mi scheduled-only)",payload=FACT;range=FACT(GM est);usable_kwh=UNKNOWN,https://californiahvip.org/wp-content/uploads/2023/08/AL-MY25-BrightDrop-400-and-BrightDrop-600-2025-Spec-Sheet-241024.pdf,2024-10-18,2026-09-27,
2026,Chevrolet,Silverado EV,WT 4WT (Standard Range),crew cab pickup,2350,8500,286,EPA (fueleconomy.gov 49642),UNKNOWN,GM does not publish usable kWh,,8,100000,"75 (prior research citation of GM 2024 Chevrolet EV warranty manual; PDF blocked on re-fetch 2026-09-27, re-verify)",3yr/36k,Y,10.79,"INFERENCE: class-level only = AAA Your Driving Costs 2026 EV pickup maintenance/repair/tires $1,618/yr / 15,000 mi (arithmetic); not model-specific",payload=FACT(GM Fleet);tow=FACT(GM Fleet);range=FACT(EPA);usable_kwh=UNKNOWN;warranty=FACT(GM press 8/100k battery+electric components),https://www.gmfleet.com/vehicles/electric-vehicles/chevrolet-silverado-ev | https://electriccarsreport.com/2025/05/2026-chevrolet-silverado-ev-lineup-expanded-with-trail-boss-trim/ | https://www.fueleconomy.gov/ws/rest/vehicle/menu/model?year=2026&make=Chevrolet,GM press 2025-05 (ECR repost); EPA records modified 2026-07-29,2026-09-27,
2026,Chevrolet,Silverado EV,WT 5WT (Extended Range),crew cab pickup,1800,12500,424,EPA (fueleconomy.gov 49638),UNKNOWN,GM does not publish usable kWh,,8,100000,"75 (prior research citation of GM 2024 Chevrolet EV warranty manual; PDF blocked on re-fetch 2026-09-27, re-verify)",3yr/36k,Y,10.79,"INFERENCE: class-level only = AAA Your Driving Costs 2026 EV pickup maintenance/repair/tires $1,618/yr / 15,000 mi (arithmetic); not model-specific",payload=FACT(GM Fleet);tow=FACT(GM Fleet);range=FACT(EPA);usable_kwh=UNKNOWN;warranty=FACT(GM press 8/100k battery+electric components),https://www.gmfleet.com/vehicles/electric-vehicles/chevrolet-silverado-ev | https://electriccarsreport.com/2025/05/2026-chevrolet-silverado-ev-lineup-expanded-with-trail-boss-trim/ | https://www.fueleconomy.gov/ws/rest/vehicle/menu/model?year=2026&make=Chevrolet,GM press 2025-05 (ECR repost); EPA records modified 2026-07-29,2026-09-27,
2026,Chevrolet,Silverado EV,"WT 8WT (Max Range, 19 kW OBC)",crew cab pickup,1400,10500,493,EPA (fueleconomy.gov 49639),UNKNOWN,GM does not publish usable kWh,,8,100000,"75 (prior research citation of GM 2024 Chevrolet EV warranty manual; PDF blocked on re-fetch 2026-09-27, re-verify)",3yr/36k,Y,10.79,"INFERENCE: class-level only = AAA Your Driving Costs 2026 EV pickup maintenance/repair/tires $1,618/yr / 15,000 mi (arithmetic); not model-specific",payload=FACT(GM Fleet);tow=FACT(GM Fleet);range=FACT(EPA);usable_kwh=UNKNOWN;warranty=FACT(GM press 8/100k battery+electric components),https://www.gmfleet.com/vehicles/electric-vehicles/chevrolet-silverado-ev | https://electriccarsreport.com/2025/05/2026-chevrolet-silverado-ev-lineup-expanded-with-trail-boss-trim/ | https://www.fueleconomy.gov/ws/rest/vehicle/menu/model?year=2026&make=Chevrolet,GM press 2025-05 (ECR repost); EPA records modified 2026-07-29,2026-09-27,
2026,Chevrolet,Silverado EV,LT Standard Range,crew cab pickup,UNKNOWN,UNKNOWN,283,EPA (fueleconomy.gov 49643),UNKNOWN,GM does not publish usable kWh,,8,100000,"75 (prior research citation of GM 2024 Chevrolet EV warranty manual; PDF blocked on re-fetch 2026-09-27, re-verify)",3yr/36k,Y,10.79,"INFERENCE: class-level only = AAA Your Driving Costs 2026 EV pickup maintenance/repair/tires $1,618/yr / 15,000 mi (arithmetic); not model-specific",payload=UNKNOWN;tow=UNKNOWN;range=FACT(EPA);usable_kwh=UNKNOWN;warranty=FACT(GM press 8/100k battery+electric components),https://www.gmfleet.com/vehicles/electric-vehicles/chevrolet-silverado-ev | https://electriccarsreport.com/2025/05/2026-chevrolet-silverado-ev-lineup-expanded-with-trail-boss-trim/ | https://www.fueleconomy.gov/ws/rest/vehicle/menu/model?year=2026&make=Chevrolet,GM press 2025-05 (ECR repost); EPA records modified 2026-07-29,2026-09-27,
2026,Chevrolet,Silverado EV,LT Extended Range,crew cab pickup,UNKNOWN,UNKNOWN,410 (11 kW) / 385 (19 kW),EPA (fueleconomy.gov 49640/49641),UNKNOWN,GM does not publish usable kWh,,8,100000,"75 (prior research citation of GM 2024 Chevrolet EV warranty manual; PDF blocked on re-fetch 2026-09-27, re-verify)",3yr/36k,Y,10.79,"INFERENCE: class-level only = AAA Your Driving Costs 2026 EV pickup maintenance/repair/tires $1,618/yr / 15,000 mi (arithmetic); not model-specific",payload=UNKNOWN;tow=UNKNOWN;range=FACT(EPA);usable_kwh=UNKNOWN;warranty=FACT(GM press 8/100k battery+electric components),https://www.gmfleet.com/vehicles/electric-vehicles/chevrolet-silverado-ev | https://electriccarsreport.com/2025/05/2026-chevrolet-silverado-ev-lineup-expanded-with-trail-boss-trim/ | https://www.fueleconomy.gov/ws/rest/vehicle/menu/model?year=2026&make=Chevrolet,GM press 2025-05 (ECR repost); EPA records modified 2026-07-29,2026-09-27,
2026,Chevrolet,Silverado EV,Trail Boss Extended Range,crew cab pickup,2100,12500,410,EPA (fueleconomy.gov (GM press via ECR: EPA-est 410)),UNKNOWN,GM does not publish usable kWh,,8,100000,"75 (prior research citation of GM 2024 Chevrolet EV warranty manual; PDF blocked on re-fetch 2026-09-27, re-verify)",3yr/36k,Y,10.79,"INFERENCE: class-level only = AAA Your Driving Costs 2026 EV pickup maintenance/repair/tires $1,618/yr / 15,000 mi (arithmetic); not model-specific",payload=FACT(GM press);tow=FACT(GM press);range=FACT(EPA);usable_kwh=UNKNOWN;warranty=FACT(GM press 8/100k battery+electric components),https://www.gmfleet.com/vehicles/electric-vehicles/chevrolet-silverado-ev | https://electriccarsreport.com/2025/05/2026-chevrolet-silverado-ev-lineup-expanded-with-trail-boss-trim/ | https://www.fueleconomy.gov/ws/rest/vehicle/menu/model?year=2026&make=Chevrolet,GM press 2025-05 (ECR repost); EPA records modified 2026-07-29,2026-09-27,
2024,Tesla,Cybertruck,AWD (dual motor),crew cab pickup,2500,11000,"325 (C&D equipment list ""estimated"") — CarsDirect snippet says 318; conflict",Tesla estimate (2024 MY not on fueleconomy.gov menu 2026-09-27),UNKNOWN,C&D equipment list: 123 kWh capacity (gross/usable not stated),9169,8,150000,70,4yr/50k,N,10.79,"INFERENCE: class-level only = AAA Your Driving Costs 2026 EV pickup maintenance/repair/tires $1,618/yr / 15,000 mi (arithmetic); not model-specific","payload=FACT(C&D spec page);tow=FACT(C&D);range=FACT-conflict;usable_kwh=UNKNOWN;warranty=FACT(Tesla Cybertruck NVLW, eff. 2025-06-05);capacity=FACT",https://www.caranddriver.com/tesla/cybertruck/specs/2024/tesla_pickup-truck_tesla-cybertruck_2024 | https://digitalassets.tesla.com/tesla-contents/image/upload/tesla-cybertruck-new-vehicle-limited-warranty-en-us.pdf,Tesla NVLW effective 2025-06-05,2026-09-27,Tesla warranty terms apply per the NVLW in effect at original delivery; confirm terms for 2024 deliveries (INFERENCE: same 8yr/150k/70% for Cybertruck).
2024,Tesla,Cybertruck,Cyberbeast (tri motor),crew cab pickup,UNKNOWN,UNKNOWN,UNKNOWN,not fetched,UNKNOWN,,,8,150000,70,4yr/50k,N,10.79,"INFERENCE: class-level only = AAA Your Driving Costs 2026 EV pickup maintenance/repair/tires $1,618/yr / 15,000 mi (arithmetic); not model-specific",specs=UNKNOWN (searched C&D 2024 AWD page only);warranty=FACT,https://digitalassets.tesla.com/tesla-contents/image/upload/tesla-cybertruck-new-vehicle-limited-warranty-en-us.pdf,,2026-09-27,
2025,Tesla,Cybertruck,AWD (dual motor),crew cab pickup,UNKNOWN,UNKNOWN,325,EPA (fueleconomy.gov id 49123),UNKNOWN,,,8,150000,70,4yr/50k,Y,10.79,"INFERENCE: class-level only = AAA Your Driving Costs 2026 EV pickup maintenance/repair/tires $1,618/yr / 15,000 mi (arithmetic); not model-specific","range=FACT(EPA);payload/tow=UNKNOWN for MY2025 (INFERENCE: likely same as 2024 AWD 2,500/11,000, not verified)",https://www.fueleconomy.gov/ws/rest/vehicle/49123 | https://digitalassets.tesla.com/tesla-contents/image/upload/tesla-cybertruck-new-vehicle-limited-warranty-en-us.pdf,EPA record modified 2025-06-11,2026-09-27,
2025,Tesla,Cybertruck,Long Range RWD,crew cab pickup,UNKNOWN,UNKNOWN,335,EPA (fueleconomy.gov id 49152),UNKNOWN,,,8,150000,70,4yr/50k,Y,10.79,"INFERENCE: class-level only = AAA Your Driving Costs 2026 EV pickup maintenance/repair/tires $1,618/yr / 15,000 mi (arithmetic); not model-specific",range=FACT(EPA);payload/tow=UNKNOWN,https://www.fueleconomy.gov/ws/rest/vehicle/49152,EPA 2025-08-21,2026-09-27,
2023,GMC,HUMMER EV Pickup,"3X (22"" wheels, 24-module)",crew cab pickup (3X is a Pickup trim; a 3X SUV trim also exists for 2024 SUV),UNKNOWN,8500,355,GM estimate (not on fueleconomy.gov 2023 GMC menu),UNKNOWN,24-module Ultium; secondary sites cite ~212.7 kWh (unverified),,8,100000,UNKNOWN for GMC Hummer (GM Chevrolet EV manual cited 75% in prior research; INFERENCE same GM policy),3yr/36k (INFERENCE: GM standard),N,10.79,"INFERENCE: class-level only = AAA Your Driving Costs 2026 EV pickup maintenance/repair/tires $1,618/yr / 15,000 mi (arithmetic); not model-specific","payload=UNKNOWN(secondary snippets say 1,300 lb, not verified);tow=FACT(GMC release);range=FACT(GM est);usable_kwh=UNKNOWN;warranty=FACT(prior GM 8/100k);capacity=UNKNOWN",https://www.automotiveworld.com/news/the-supertruck-revolution-continues-gmc-debuts-3x-trim-for-hummer-ev-pickup-and-suv-announces-driving-range-estimates/ | https://contentdelivery.ext.gm.com/bypass/gma-content-api/resources/sites/GMA/content/staging/MANUALS/8000/MA8815/en_US/7.0/24_CHEV_Electric_Vehicle_WM_en_US_U_17267650C_2025JAN06_3P.pdf,GMC release via Automotive World 2023-04-21,2026-09-27,
2023,GMC,HUMMER EV Pickup,"3X w/ Extreme Off-Road Package (18"" wheels)",crew cab pickup (3X is a Pickup trim; a 3X SUV trim also exists for 2024 SUV),UNKNOWN,7500,329,GM estimate (not on fueleconomy.gov 2023 GMC menu),UNKNOWN,,,8,100000,UNKNOWN for GMC Hummer (GM Chevrolet EV manual cited 75% in prior research; INFERENCE same GM policy),3yr/36k (INFERENCE: GM standard),N,10.79,"INFERENCE: class-level only = AAA Your Driving Costs 2026 EV pickup maintenance/repair/tires $1,618/yr / 15,000 mi (arithmetic); not model-specific",tow=FACT;range=FACT(GM est);payload=UNKNOWN,https://www.automotiveworld.com/news/the-supertruck-revolution-continues-gmc-debuts-3x-trim-for-hummer-ev-pickup-and-suv-announces-driving-range-estimates/,2023-04-21,2026-09-27,
