make,model,nhtsa_campaign,model_years_scope,component,summary,label,source_url,accessed
Ford,F-150,17V672000,2018 3.5L,ENGINE,cylinder heads machined without camshaft-journal lube holes,FACT,https://www.nhtsa.gov/recalls?nhtsaId=17V672000,2026-09-27
Ford,F-150,18V392000,2018 3.5 GTDI,FUEL PUMP,"HP fuel pump weld fracture, oil/fuel leak",FACT,https://www.nhtsa.gov/recalls?nhtsaId=18V392000,2026-09-27
Ford,F-150,20V332000,2014-2017 3.5 EcoBoost,BRAKE MASTER CYL,fluid leak into booster,FACT,https://www.nhtsa.gov/recalls?nhtsaId=20V332000,2026-09-27
Ford,F-150,22V150000,2016-2018 3.5 EcoBoost,BRAKE POWER ASSIST,front circuit fluid leak into booster,FACT,https://www.nhtsa.gov/recalls?nhtsaId=22V150000,2026-09-27
Ford,F-150,25V236000,2017-2018,BRAKE MASTER CYL,fluid leak into booster,FACT,https://www.nhtsa.gov/recalls?nhtsaId=25V236000,2026-09-27
Ford,F-150,18V213000,2017-2018 10-speed,AUTO TRANS,"roll pin missing, loss of Park",FACT,https://www.nhtsa.gov/recalls?nhtsaId=18V213000,2026-09-27
Ford,F-150,20V197000,2020 10-speed,PRNDL,shift cable clip unseated,FACT,https://www.nhtsa.gov/recalls?nhtsaId=20V197000,2026-09-27
Ford,F-150,26V237000,2015-2017,AUTO TRANS,range-sensor signal loss -> unexpected downshift to 2nd,FACT,https://www.nhtsa.gov/recalls?nhtsaId=26V237000,2026-09-27
Ford,F-150,18V894000,2015-2019 w/ block heater,ENGINE,block heater cable splice corrosion (19V278000 re-remedy),FACT,https://www.nhtsa.gov/recalls?nhtsaId=18V894000,2026-09-27
Ram,1500,17V198000,2016-2017,DIFFERENTIAL,diff pin retaining screw loosens,FACT,https://www.nhtsa.gov/recalls?nhtsaId=17V198000,2026-09-27
Ram,1500,18V556000,2018-2019,AXLE,rear diff underfilled,FACT,https://www.nhtsa.gov/recalls?nhtsaId=18V556000,2026-09-27
Ram,1500,19V324000,2018-2019,DRIVESHAFT,incomplete weld -> fracture,FACT,https://www.nhtsa.gov/recalls?nhtsaId=19V324000,2026-09-27
Ram,1500,20V080000,2019 4WD,TRANSFER CASE,stuck in neutral / loss of Park,FACT,https://www.nhtsa.gov/recalls?nhtsaId=20V080000,2026-09-27
Chevrolet,Silverado 1500,19V645000,2014-2018,BRAKE VACUUM ASSIST,vacuum pump output decreases,FACT,https://www.nhtsa.gov/recalls?nhtsaId=19V645000,2026-09-27
Chevrolet,Silverado 1500,20V603000,2018 5.3/6.2,BRAKE VACUUM ASSIST,mechanical vacuum pump output decreases,FACT,https://www.nhtsa.gov/recalls?nhtsaId=20V603000,2026-09-27
Chevrolet,Silverado 1500,20V650000,2019-2020,DRIVESHAFT,joint weld -> separation,FACT,https://www.nhtsa.gov/recalls?nhtsaId=20V650000,2026-09-27
Ford,Transit,17V408000,2015-2017,DRIVESHAFT,flexible coupler premature failure (19V767000 re-remedy),FACT,https://www.nhtsa.gov/recalls?nhtsaId=17V408000,2026-09-27
Ford,Transit,21V631000,2015-2020,PARKING BRAKE,wrong driveshaft damper kit contacts parking brake cable,FACT,https://www.nhtsa.gov/recalls?nhtsaId=21V631000,2026-09-27
Ford,Transit,21V324000,2019 w/ alloy wheels,REAR AXLE,warped flange -> wheel stud fracture,FACT,https://www.nhtsa.gov/recalls?nhtsaId=21V324000,2026-09-27
Ram,ProMaster,20V036000,2014-2019 3.6,SHIFT LINKAGE,shifter cable separates,FACT,https://www.nhtsa.gov/recalls?nhtsaId=20V036000,2026-09-27
Ram,ProMaster,23V301000,2019-2021 62TE,PARK PAWL,park pawl may not engage,FACT,https://www.nhtsa.gov/recalls?nhtsaId=23V301000,2026-09-27
Ram,ProMaster,25V720000,2018-2026,RADIATOR FAN CIRCUIT,fan circuit may overheat,FACT,https://www.nhtsa.gov/recalls?nhtsaId=25V720000,2026-09-27
Toyota,Tacoma,17V356000,2016-2017 V6,ENGINE,crank position sensor -> stall,FACT,https://www.nhtsa.gov/recalls?nhtsaId=17V356000,2026-09-27
Toyota,Tacoma,17V285000,2016-2017,DIFFERENTIAL,rear diff oil leak,FACT,https://www.nhtsa.gov/recalls?nhtsaId=17V285000,2026-09-27
Toyota,Tacoma,18V888000,2018-2019,BRAKE MASTER CYL,improper machining damages seal,FACT,https://www.nhtsa.gov/recalls?nhtsaId=18V888000,2026-09-27
Toyota,Tacoma,20V682000,2017-2020,FUEL PUMP,Denso low-pressure fuel pump (multi-model),FACT,https://www.nhtsa.gov/recalls?nhtsaId=20V682000,2026-09-27
Chevrolet,Colorado,18V358000,2016-2018,FUEL PUMP,HP fuel pump may detach from flange,FACT,https://www.nhtsa.gov/recalls?nhtsaId=18V358000,2026-09-27
