year,make,model,engine,drivetrain,cab,row_type,payload_min_lb,payload_max_lb,n_configs,basis,label,source_url,source_published,accessed,note
2016,Ford,F-150,EcoBoost 3.5L V6 twin-turbo,all,all,oem_engine_max,,3240,,"Ford RV & Trailer Towing Guide engine table ""Maximum Payload (lbs.)"" (pdf p.3); max only, max-equipped config (e.g. HD Payload Pkg)",FACT,https://blueovaltrucks.com/tech/pdf_documents/2016_ford_towing_guide.pdf,2016-07-27 (REVISED 07.27.16),2026-09-27,OEM guide hosted on blueovaltrucks.com mirror (fleet.ford.com returned 403)
2016,Ford,F-150,5.0L V8,all,all,oem_engine_max,,3270,,"Ford RV & Trailer Towing Guide engine table ""Maximum Payload (lbs.)"" (pdf p.3); max = Regular Cab 8ft 4x2 HD Payload Pkg per guide footnote",FACT,https://blueovaltrucks.com/tech/pdf_documents/2016_ford_towing_guide.pdf,2016-07-27 (REVISED 07.27.16),2026-09-27,
2017,Ford,F-150,EcoBoost 3.5L V6 twin-turbo,all,all,oem_engine_max,,3220,,"Ford RV & Trailer Towing Guide engine table ""Maximum Payload (lbs.)"" (pdf p.3); max only, max-equipped config (e.g. HD Payload Pkg)",FACT,https://blueovaltrucks.com/tech/pdf_documents/2017_ford_towing_guide.pdf,2017-03-02 (REVISED 03.02.17),2026-09-27,OEM guide hosted on blueovaltrucks.com mirror (fleet.ford.com returned 403)
2017,Ford,F-150,5.0L V8,all,all,oem_engine_max,,3270,,"Ford RV & Trailer Towing Guide engine table ""Maximum Payload (lbs.)"" (pdf p.3); max = Regular Cab 8ft 4x2 HD Payload Pkg per guide footnote",FACT,https://blueovaltrucks.com/tech/pdf_documents/2017_ford_towing_guide.pdf,2017-03-02 (REVISED 03.02.17),2026-09-27,
2018,Ford,F-150,EcoBoost 3.5L V6 twin-turbo,all,all,oem_engine_max,,3230,,"Ford RV & Trailer Towing Guide engine table ""Maximum Payload (lbs.)"" (pdf p.3); max only, max-equipped config (e.g. HD Payload Pkg)",FACT,https://blueovaltrucks.com/tech/pdf_documents/2018_ford_towing_guide.pdf,2018-05-15 (REVISED 05.15.18),2026-09-27,OEM guide hosted on blueovaltrucks.com mirror (fleet.ford.com returned 403)
2018,Ford,F-150,5.0L V8,all,all,oem_engine_max,,3270,,"Ford RV & Trailer Towing Guide engine table ""Maximum Payload (lbs.)"" (pdf p.3); max = Regular Cab 8ft 4x2 HD Payload Pkg per guide footnote",FACT,https://blueovaltrucks.com/tech/pdf_documents/2018_ford_towing_guide.pdf,2018-05-15 (REVISED 05.15.18),2026-09-27,
2019,Ford,F-150,EcoBoost 3.5L V6 twin-turbo,all,all,oem_engine_max,,3230,,"Ford RV & Trailer Towing Guide engine table ""Maximum Payload (lbs.)"" (pdf p.3); max only, max-equipped config (e.g. HD Payload Pkg)",FACT,https://blueovaltrucks.com/tech/pdf_documents/2019_ford_towing_guide.pdf,2018-10-25 (REVISED 10.25.18),2026-09-27,OEM guide hosted on blueovaltrucks.com mirror (fleet.ford.com returned 403)
2019,Ford,F-150,5.0L V8,all,all,oem_engine_max,,3270,,"Ford RV & Trailer Towing Guide engine table ""Maximum Payload (lbs.)"" (pdf p.3); max = Regular Cab 8ft 4x2 HD Payload Pkg per guide footnote",FACT,https://blueovaltrucks.com/tech/pdf_documents/2019_ford_towing_guide.pdf,2018-10-25 (REVISED 10.25.18),2026-09-27,
2020,Ford,F-150,EcoBoost 3.5L V6 twin-turbo,all,all,oem_engine_max,,3230,,"Ford RV & Trailer Towing Guide engine table ""Maximum Payload (lbs.)"" (pdf p.3); max only, max-equipped config (e.g. HD Payload Pkg)",FACT,https://blueovaltrucks.com/tech/pdf_documents/2020_ford_towing_guide.pdf,not shown,2026-09-27,OEM guide hosted on blueovaltrucks.com mirror (fleet.ford.com returned 403)
2020,Ford,F-150,5.0L V8,all,all,oem_engine_max,,3270,,"Ford RV & Trailer Towing Guide engine table ""Maximum Payload (lbs.)"" (pdf p.3); max = Regular Cab 8ft 4x2 HD Payload Pkg per guide footnote",FACT,https://blueovaltrucks.com/tech/pdf_documents/2020_ford_towing_guide.pdf,not shown,2026-09-27,
2016,Ford,F-150,5.0L V8,4x2,SuperCab,config_trim_range,1773,1961,4,"cars.com per-trim ""Maximum Payload Capacity"" for trims whose STANDARD engine is this engine (base-equipped trim; options reduce it)",FACT (third-party spec aggregator),https://www.cars.com/research/ford-f_150-2016/specs/,not shown,2026-09-27,example trim: https://www.cars.com/research/ford-f_150-2016/specs/380283/
2016,Ford,F-150,5.0L V8,4x2,SuperCrew,config_trim_range,1710,2320,8,"cars.com per-trim ""Maximum Payload Capacity"" for trims whose STANDARD engine is this engine (base-equipped trim; options reduce it)",FACT (third-party spec aggregator),https://www.cars.com/research/ford-f_150-2016/specs/,not shown,2026-09-27,example trim: https://www.cars.com/research/ford-f_150-2016/specs/380289/
2016,Ford,F-150,5.0L V8,4x4,SuperCab,config_trim_range,1720,2070,4,"cars.com per-trim ""Maximum Payload Capacity"" for trims whose STANDARD engine is this engine (base-equipped trim; options reduce it)",FACT (third-party spec aggregator),https://www.cars.com/research/ford-f_150-2016/specs/,not shown,2026-09-27,example trim: https://www.cars.com/research/ford-f_150-2016/specs/380297/
2016,Ford,F-150,5.0L V8,4x4,SuperCrew,config_trim_range,1695,2157,8,"cars.com per-trim ""Maximum Payload Capacity"" for trims whose STANDARD engine is this engine (base-equipped trim; options reduce it)",FACT (third-party spec aggregator),https://www.cars.com/research/ford-f_150-2016/specs/,not shown,2026-09-27,example trim: https://www.cars.com/research/ford-f_150-2016/specs/380306/
2016,Ford,F-150,EcoBoost 3.5L V6 twin-turbo,4x2,SuperCrew,config_trim_range,1766,1766,1,"cars.com per-trim ""Maximum Payload Capacity"" for trims whose STANDARD engine is this engine (base-equipped trim; options reduce it)",FACT (third-party spec aggregator),https://www.cars.com/research/ford-f_150-2016/specs/,not shown,2026-09-27,example trim: https://www.cars.com/research/ford-f_150-2016/specs/380327/
2016,Ford,F-150,EcoBoost 3.5L V6 twin-turbo,4x4,SuperCrew,config_trim_range,1514,1514,1,"cars.com per-trim ""Maximum Payload Capacity"" for trims whose STANDARD engine is this engine (base-equipped trim; options reduce it)",FACT (third-party spec aggregator),https://www.cars.com/research/ford-f_150-2016/specs/,not shown,2026-09-27,example trim: https://www.cars.com/research/ford-f_150-2016/specs/380318/
2016,Ford,Transit-350,3.7L V6,4x2,cargo van,config_trim_range,4357,4357,1,"cars.com per-trim ""Maximum Payload Capacity"" for trims whose STANDARD engine is this engine (base-equipped trim; options reduce it)",FACT (third-party spec aggregator),https://www.cars.com/research/ford-transit_350-2016/specs/,not shown,2026-09-27,example trim: https://www.cars.com/research/ford-transit_350-2016/specs/377597/
2016,Ram,1500,5.7L Hemi V8,4x2,Crew Cab,config_trim_range,1299,1647,9,"cars.com per-trim ""Maximum Payload Capacity"" for trims whose STANDARD engine is this engine (base-equipped trim; options reduce it)",FACT (third-party spec aggregator),https://www.cars.com/research/ram-1500-2016/specs/,not shown,2026-09-27,example trim: https://www.cars.com/research/ram-1500-2016/specs/378313/
2016,Ram,1500,5.7L Hemi V8,4x2,Quad Cab,config_trim_range,1667,1667,1,"cars.com per-trim ""Maximum Payload Capacity"" for trims whose STANDARD engine is this engine (base-equipped trim; options reduce it)",FACT (third-party spec aggregator),https://www.cars.com/research/ram-1500-2016/specs/,not shown,2026-09-27,example trim: https://www.cars.com/research/ram-1500-2016/specs/377529/
2016,Ram,1500,5.7L Hemi V8,4x2,Regular Cab,config_trim_range,1357,1357,1,"cars.com per-trim ""Maximum Payload Capacity"" for trims whose STANDARD engine is this engine (base-equipped trim; options reduce it)",FACT (third-party spec aggregator),https://www.cars.com/research/ram-1500-2016/specs/,not shown,2026-09-27,example trim: https://www.cars.com/research/ram-1500-2016/specs/378196/
2016,Ram,1500,5.7L Hemi V8,4x4,Crew Cab,config_trim_range,1362,1396,2,"cars.com per-trim ""Maximum Payload Capacity"" for trims whose STANDARD engine is this engine (base-equipped trim; options reduce it)",FACT (third-party spec aggregator),https://www.cars.com/research/ram-1500-2016/specs/,not shown,2026-09-27,example trim: https://www.cars.com/research/ram-1500-2016/specs/378300/
2016,Ram,1500,5.7L Hemi V8,4x4,Quad Cab,config_trim_range,1477,1477,1,"cars.com per-trim ""Maximum Payload Capacity"" for trims whose STANDARD engine is this engine (base-equipped trim; options reduce it)",FACT (third-party spec aggregator),https://www.cars.com/research/ram-1500-2016/specs/,not shown,2026-09-27,example trim: https://www.cars.com/research/ram-1500-2016/specs/377531/
2016,Ram,1500,5.7L Hemi V8,4x4,Regular Cab,config_trim_range,1298,1298,1,"cars.com per-trim ""Maximum Payload Capacity"" for trims whose STANDARD engine is this engine (base-equipped trim; options reduce it)",FACT (third-party spec aggregator),https://www.cars.com/research/ram-1500-2016/specs/,not shown,2026-09-27,example trim: https://www.cars.com/research/ram-1500-2016/specs/378189/
2017,Chevrolet,Silverado 1500,5.3L V8,4x2,Crew Cab,config_trim_range,1754,1754,1,"cars.com per-trim ""Maximum Payload Capacity"" for trims whose STANDARD engine is this engine (base-equipped trim; options reduce it)",FACT (third-party spec aggregator),https://www.cars.com/research/chevrolet-silverado_1500-2017/specs/,not shown,2026-09-27,example trim: https://www.cars.com/research/chevrolet-silverado_1500-2017/specs/383653/
2017,Chevrolet,Silverado 1500,5.3L V8,4x4,Crew Cab,config_trim_range,1740,1740,1,"cars.com per-trim ""Maximum Payload Capacity"" for trims whose STANDARD engine is this engine (base-equipped trim; options reduce it)",FACT (third-party spec aggregator),https://www.cars.com/research/chevrolet-silverado_1500-2017/specs/,not shown,2026-09-27,example trim: https://www.cars.com/research/chevrolet-silverado_1500-2017/specs/383686/
2017,Ford,F-150,5.0L V8,4x2,SuperCab,config_trim_range,1771,1879,4,"cars.com per-trim ""Maximum Payload Capacity"" for trims whose STANDARD engine is this engine (base-equipped trim; options reduce it)",FACT (third-party spec aggregator),https://www.cars.com/research/ford-f_150-2017/specs/,not shown,2026-09-27,example trim: https://www.cars.com/research/ford-f_150-2017/specs/387906/
2017,Ford,F-150,5.0L V8,4x2,SuperCrew,config_trim_range,1692,2329,8,"cars.com per-trim ""Maximum Payload Capacity"" for trims whose STANDARD engine is this engine (base-equipped trim; options reduce it)",FACT (third-party spec aggregator),https://www.cars.com/research/ford-f_150-2017/specs/,not shown,2026-09-27,example trim: https://www.cars.com/research/ford-f_150-2017/specs/387918/
2017,Ford,F-150,5.0L V8,4x4,SuperCab,config_trim_range,1717,2068,4,"cars.com per-trim ""Maximum Payload Capacity"" for trims whose STANDARD engine is this engine (base-equipped trim; options reduce it)",FACT (third-party spec aggregator),https://www.cars.com/research/ford-f_150-2017/specs/,not shown,2026-09-27,example trim: https://www.cars.com/research/ford-f_150-2017/specs/387909/
2017,Ford,F-150,5.0L V8,4x4,SuperCrew,config_trim_range,1684,2156,8,"cars.com per-trim ""Maximum Payload Capacity"" for trims whose STANDARD engine is this engine (base-equipped trim; options reduce it)",FACT (third-party spec aggregator),https://www.cars.com/research/ford-f_150-2017/specs/,not shown,2026-09-27,example trim: https://www.cars.com/research/ford-f_150-2017/specs/387924/
2017,Ford,F-150,EcoBoost 3.5L V6 twin-turbo,4x2,SuperCrew,config_trim_range,1751,1751,1,"cars.com per-trim ""Maximum Payload Capacity"" for trims whose STANDARD engine is this engine (base-equipped trim; options reduce it)",FACT (third-party spec aggregator),https://www.cars.com/research/ford-f_150-2017/specs/,not shown,2026-09-27,example trim: https://www.cars.com/research/ford-f_150-2017/specs/387921/
2017,Ford,F-150,EcoBoost 3.5L V6 twin-turbo,4x4,SuperCrew,config_trim_range,1762,1762,1,"cars.com per-trim ""Maximum Payload Capacity"" for trims whose STANDARD engine is this engine (base-equipped trim; options reduce it)",FACT (third-party spec aggregator),https://www.cars.com/research/ford-f_150-2017/specs/,not shown,2026-09-27,example trim: https://www.cars.com/research/ford-f_150-2017/specs/387927/
2017,Ford,Transit-250,3.7L V6,4x2,cargo van,config_trim_range,3571,4134,12,"cars.com per-trim ""Maximum Payload Capacity"" for trims whose STANDARD engine is this engine (base-equipped trim; options reduce it)",FACT (third-party spec aggregator),https://www.cars.com/research/ford-transit_250-2017/specs/,not shown,2026-09-27,example trim: https://www.cars.com/research/ford-transit_250-2017/specs/385625/
2017,Ford,Transit-350,3.7L V6,4x2,cargo van,config_trim_range,4071,4634,16,"cars.com per-trim ""Maximum Payload Capacity"" for trims whose STANDARD engine is this engine (base-equipped trim; options reduce it)",FACT (third-party spec aggregator),https://www.cars.com/research/ford-transit_350-2017/specs/,not shown,2026-09-27,example trim: https://www.cars.com/research/ford-transit_350-2017/specs/385637/
2017,Ram,1500,5.7L Hemi V8,4x2,Crew Cab,config_trim_range,1292,1640,10,"cars.com per-trim ""Maximum Payload Capacity"" for trims whose STANDARD engine is this engine (base-equipped trim; options reduce it)",FACT (third-party spec aggregator),https://www.cars.com/research/ram-1500-2017/specs/,not shown,2026-09-27,example trim: https://www.cars.com/research/ram-1500-2017/specs/386861/
2017,Ram,1500,5.7L Hemi V8,4x2,Regular Cab,config_trim_range,1352,1352,2,"cars.com per-trim ""Maximum Payload Capacity"" for trims whose STANDARD engine is this engine (base-equipped trim; options reduce it)",FACT (third-party spec aggregator),https://www.cars.com/research/ram-1500-2017/specs/,not shown,2026-09-27,example trim: https://www.cars.com/research/ram-1500-2017/specs/387150/
2017,Ram,1500,5.7L Hemi V8,4x4,Crew Cab,config_trim_range,1356,1356,2,"cars.com per-trim ""Maximum Payload Capacity"" for trims whose STANDARD engine is this engine (base-equipped trim; options reduce it)",FACT (third-party spec aggregator),https://www.cars.com/research/ram-1500-2017/specs/,not shown,2026-09-27,example trim: https://www.cars.com/research/ram-1500-2017/specs/386891/
2018,Chevrolet,Silverado 1500,5.3L V8,4x2,Crew Cab,config_trim_range,1719,1837,5,"cars.com per-trim ""Maximum Payload Capacity"" for trims whose STANDARD engine is this engine (base-equipped trim; options reduce it)",FACT (third-party spec aggregator),https://www.cars.com/research/chevrolet-silverado_1500-2018/specs/,not shown,2026-09-27,example trim: https://www.cars.com/research/chevrolet-silverado_1500-2018/specs/391701/
2018,Chevrolet,Silverado 1500,5.3L V8,4x2,Double Cab,config_trim_range,1919,1919,1,"cars.com per-trim ""Maximum Payload Capacity"" for trims whose STANDARD engine is this engine (base-equipped trim; options reduce it)",FACT (third-party spec aggregator),https://www.cars.com/research/chevrolet-silverado_1500-2018/specs/,not shown,2026-09-27,example trim: https://www.cars.com/research/chevrolet-silverado_1500-2018/specs/391697/
2018,Chevrolet,Silverado 1500,5.3L V8,4x4,Crew Cab,config_trim_range,1696,1784,5,"cars.com per-trim ""Maximum Payload Capacity"" for trims whose STANDARD engine is this engine (base-equipped trim; options reduce it)",FACT (third-party spec aggregator),https://www.cars.com/research/chevrolet-silverado_1500-2018/specs/,not shown,2026-09-27,example trim: https://www.cars.com/research/chevrolet-silverado_1500-2018/specs/391727/
2018,Chevrolet,Silverado 1500,5.3L V8,4x4,Double Cab,config_trim_range,1873,1873,1,"cars.com per-trim ""Maximum Payload Capacity"" for trims whose STANDARD engine is this engine (base-equipped trim; options reduce it)",FACT (third-party spec aggregator),https://www.cars.com/research/chevrolet-silverado_1500-2018/specs/,not shown,2026-09-27,example trim: https://www.cars.com/research/chevrolet-silverado_1500-2018/specs/391721/
2018,Ford,F-150,EcoBoost 3.5L V6 twin-turbo,4x2,SuperCrew,config_trim_range,1747,1747,1,"cars.com per-trim ""Maximum Payload Capacity"" for trims whose STANDARD engine is this engine (base-equipped trim; options reduce it)",FACT (third-party spec aggregator),https://www.cars.com/research/ford-f_150-2018/specs/,not shown,2026-09-27,example trim: https://www.cars.com/research/ford-f_150-2018/specs/393927/
2018,Ford,F-150,EcoBoost 3.5L V6 twin-turbo,4x4,SuperCab,config_trim_range,2071,2071,3,"cars.com per-trim ""Maximum Payload Capacity"" for trims whose STANDARD engine is this engine (base-equipped trim; options reduce it)",FACT (third-party spec aggregator),https://www.cars.com/research/ford-f_150-2018/specs/,not shown,2026-09-27,example trim: https://www.cars.com/research/ford-f_150-2018/specs/393919/
2018,Ford,F-150,EcoBoost 3.5L V6 twin-turbo,4x4,SuperCrew,config_trim_range,1485,1485,1,"cars.com per-trim ""Maximum Payload Capacity"" for trims whose STANDARD engine is this engine (base-equipped trim; options reduce it)",FACT (third-party spec aggregator),https://www.cars.com/research/ford-f_150-2018/specs/,not shown,2026-09-27,example trim: https://www.cars.com/research/ford-f_150-2018/specs/393933/
2018,Ford,Transit-250,3.7L V6,4x2,cargo van,config_trim_range,3571,4134,12,"cars.com per-trim ""Maximum Payload Capacity"" for trims whose STANDARD engine is this engine (base-equipped trim; options reduce it)",FACT (third-party spec aggregator),https://www.cars.com/research/ford-transit_250-2018/specs/,not shown,2026-09-27,example trim: https://www.cars.com/research/ford-transit_250-2018/specs/394589/
2018,Ford,Transit-350,3.7L V6,4x2,cargo van,config_trim_range,2776,4634,26,"cars.com per-trim ""Maximum Payload Capacity"" for trims whose STANDARD engine is this engine (base-equipped trim; options reduce it)",FACT (third-party spec aggregator),https://www.cars.com/research/ford-transit_350-2018/specs/,not shown,2026-09-27,example trim: https://www.cars.com/research/ford-transit_350-2018/specs/394601/
2018,Ram,1500,5.7L Hemi V8,4x2,Crew Cab,config_trim_range,1288,1594,12,"cars.com per-trim ""Maximum Payload Capacity"" for trims whose STANDARD engine is this engine (base-equipped trim; options reduce it)",FACT (third-party spec aggregator),https://www.cars.com/research/ram-1500-2018/specs/,not shown,2026-09-27,example trim: https://www.cars.com/research/ram-1500-2018/specs/393001/
2018,Ram,1500,5.7L Hemi V8,4x2,Regular Cab,config_trim_range,1347,1703,3,"cars.com per-trim ""Maximum Payload Capacity"" for trims whose STANDARD engine is this engine (base-equipped trim; options reduce it)",FACT (third-party spec aggregator),https://www.cars.com/research/ram-1500-2018/specs/,not shown,2026-09-27,example trim: https://www.cars.com/research/ram-1500-2018/specs/392965/
2018,Ram,1500,5.7L Hemi V8,4x4,Crew Cab,config_trim_range,1214,1356,3,"cars.com per-trim ""Maximum Payload Capacity"" for trims whose STANDARD engine is this engine (base-equipped trim; options reduce it)",FACT (third-party spec aggregator),https://www.cars.com/research/ram-1500-2018/specs/,not shown,2026-09-27,example trim: https://www.cars.com/research/ram-1500-2018/specs/393038/
2018,Ram,1500,5.7L Hemi V8,4x4,Regular Cab,config_trim_range,1490,1490,1,"cars.com per-trim ""Maximum Payload Capacity"" for trims whose STANDARD engine is this engine (base-equipped trim; options reduce it)",FACT (third-party spec aggregator),https://www.cars.com/research/ram-1500-2018/specs/,not shown,2026-09-27,example trim: https://www.cars.com/research/ram-1500-2018/specs/398779/
2018,Ram,ProMaster 2500,3.6L V6,4x2,cargo van,config_trim_range,4017,4144,2,"cars.com per-trim ""Maximum Payload Capacity"" for trims whose STANDARD engine is this engine (base-equipped trim; options reduce it)",FACT (third-party spec aggregator),https://www.cars.com/research/ram-promaster_2500-2018/specs/,not shown,2026-09-27,example trim: https://www.cars.com/research/ram-promaster_2500-2018/specs/393073/
2019,Chevrolet,Silverado 1500,5.3L V8,4x2,Crew Cab,config_trim_range,2226,2298,4,"cars.com per-trim ""Maximum Payload Capacity"" for trims whose STANDARD engine is this engine (base-equipped trim; options reduce it)",FACT (third-party spec aggregator),https://www.cars.com/research/chevrolet-silverado_1500-2019/specs/,not shown,2026-09-27,example trim: https://www.cars.com/research/chevrolet-silverado_1500-2019/specs/399761/
2019,Chevrolet,Silverado 1500,5.3L V8,4x2,Double Cab,config_trim_range,2202,2202,1,"cars.com per-trim ""Maximum Payload Capacity"" for trims whose STANDARD engine is this engine (base-equipped trim; options reduce it)",FACT (third-party spec aggregator),https://www.cars.com/research/chevrolet-silverado_1500-2019/specs/,not shown,2026-09-27,example trim: https://www.cars.com/research/chevrolet-silverado_1500-2019/specs/399756/
2019,Chevrolet,Silverado 1500,5.3L V8,4x4,Crew Cab,config_trim_range,2133,2185,2,"cars.com per-trim ""Maximum Payload Capacity"" for trims whose STANDARD engine is this engine (base-equipped trim; options reduce it)",FACT (third-party spec aggregator),https://www.cars.com/research/chevrolet-silverado_1500-2019/specs/,not shown,2026-09-27,example trim: https://www.cars.com/research/chevrolet-silverado_1500-2019/specs/399782/
2019,Chevrolet,Silverado 1500,5.3L V8,4x4,Double Cab,config_trim_range,2085,2085,1,"cars.com per-trim ""Maximum Payload Capacity"" for trims whose STANDARD engine is this engine (base-equipped trim; options reduce it)",FACT (third-party spec aggregator),https://www.cars.com/research/chevrolet-silverado_1500-2019/specs/,not shown,2026-09-27,example trim: https://www.cars.com/research/chevrolet-silverado_1500-2019/specs/399775/
2019,Chevrolet,Silverado 1500 LD,5.3L V8,4x2,Double Cab,config_trim_range,2137,2137,3,"cars.com per-trim ""Maximum Payload Capacity"" for trims whose STANDARD engine is this engine (base-equipped trim; options reduce it)",FACT (third-party spec aggregator),https://www.cars.com/research/chevrolet-silverado_1500_ld-2019/specs/,not shown,2026-09-27,example trim: https://www.cars.com/research/chevrolet-silverado_1500_ld-2019/specs/398571/
2019,Chevrolet,Silverado 1500 LD,5.3L V8,4x4,Double Cab,config_trim_range,2086,2086,4,"cars.com per-trim ""Maximum Payload Capacity"" for trims whose STANDARD engine is this engine (base-equipped trim; options reduce it)",FACT (third-party spec aggregator),https://www.cars.com/research/chevrolet-silverado_1500_ld-2019/specs/,not shown,2026-09-27,example trim: https://www.cars.com/research/chevrolet-silverado_1500_ld-2019/specs/398574/
2019,Ford,F-150,EcoBoost 3.5L V6 twin-turbo,4x4,SuperCab,config_trim_range,2072,2072,3,"cars.com per-trim ""Maximum Payload Capacity"" for trims whose STANDARD engine is this engine (base-equipped trim; options reduce it)",FACT (third-party spec aggregator),https://www.cars.com/research/ford-f_150-2019/specs/,not shown,2026-09-27,example trim: https://www.cars.com/research/ford-f_150-2019/specs/403551/
2019,Ford,Transit-250,3.7L V6,4x2,cargo van,config_trim_range,3571,4134,12,"cars.com per-trim ""Maximum Payload Capacity"" for trims whose STANDARD engine is this engine (base-equipped trim; options reduce it)",FACT (third-party spec aggregator),https://www.cars.com/research/ford-transit_250-2019/specs/,not shown,2026-09-27,example trim: https://www.cars.com/research/ford-transit_250-2019/specs/401075/
2019,Ford,Transit-350,3.7L V6,4x2,cargo van,config_trim_range,2776,4634,26,"cars.com per-trim ""Maximum Payload Capacity"" for trims whose STANDARD engine is this engine (base-equipped trim; options reduce it)",FACT (third-party spec aggregator),https://www.cars.com/research/ford-transit_350-2019/specs/,not shown,2026-09-27,example trim: https://www.cars.com/research/ford-transit_350-2019/specs/400912/
2019,Ram,1500,5.7L Hemi V8,4x2,Crew Cab,config_trim_range,1880,1997,11,"cars.com per-trim ""Maximum Payload Capacity"" for trims whose STANDARD engine is this engine (base-equipped trim; options reduce it)",FACT (third-party spec aggregator),https://www.cars.com/research/ram-1500-2019/specs/,not shown,2026-09-27,example trim: https://www.cars.com/research/ram-1500-2019/specs/398315/
2019,Ram,1500,5.7L Hemi V8,4x2,Quad Cab,config_trim_range,1909,2102,3,"cars.com per-trim ""Maximum Payload Capacity"" for trims whose STANDARD engine is this engine (base-equipped trim; options reduce it)",FACT (third-party spec aggregator),https://www.cars.com/research/ram-1500-2019/specs/,not shown,2026-09-27,example trim: https://www.cars.com/research/ram-1500-2019/specs/398311/
2019,Ram,1500,5.7L Hemi V8,4x4,Crew Cab,config_trim_range,1528,1767,11,"cars.com per-trim ""Maximum Payload Capacity"" for trims whose STANDARD engine is this engine (base-equipped trim; options reduce it)",FACT (third-party spec aggregator),https://www.cars.com/research/ram-1500-2019/specs/,not shown,2026-09-27,example trim: https://www.cars.com/research/ram-1500-2019/specs/398321/
2019,Ram,1500,5.7L Hemi V8,4x4,Quad Cab,config_trim_range,1709,1811,4,"cars.com per-trim ""Maximum Payload Capacity"" for trims whose STANDARD engine is this engine (base-equipped trim; options reduce it)",FACT (third-party spec aggregator),https://www.cars.com/research/ram-1500-2019/specs/,not shown,2026-09-27,example trim: https://www.cars.com/research/ram-1500-2019/specs/398313/
2019,Ram,1500 Classic,5.7L Hemi V8,4x2,Crew Cab,config_trim_range,1521,1618,6,"cars.com per-trim ""Maximum Payload Capacity"" for trims whose STANDARD engine is this engine (base-equipped trim; options reduce it)",FACT (third-party spec aggregator),https://www.cars.com/research/ram-1500_classic-2019/specs/,not shown,2026-09-27,example trim: https://www.cars.com/research/ram-1500_classic-2019/specs/401782/
2019,Ram,1500 Classic,5.7L Hemi V8,4x2,Quad Cab,config_trim_range,1692,1692,2,"cars.com per-trim ""Maximum Payload Capacity"" for trims whose STANDARD engine is this engine (base-equipped trim; options reduce it)",FACT (third-party spec aggregator),https://www.cars.com/research/ram-1500_classic-2019/specs/,not shown,2026-09-27,example trim: https://www.cars.com/research/ram-1500_classic-2019/specs/402814/
2019,Ram,1500 Classic,5.7L Hemi V8,4x4,Crew Cab,config_trim_range,1309,1455,5,"cars.com per-trim ""Maximum Payload Capacity"" for trims whose STANDARD engine is this engine (base-equipped trim; options reduce it)",FACT (third-party spec aggregator),https://www.cars.com/research/ram-1500_classic-2019/specs/,not shown,2026-09-27,example trim: https://www.cars.com/research/ram-1500_classic-2019/specs/402837/
2019,Ram,1500 Classic,5.7L Hemi V8,4x4,Quad Cab,config_trim_range,1412,1412,2,"cars.com per-trim ""Maximum Payload Capacity"" for trims whose STANDARD engine is this engine (base-equipped trim; options reduce it)",FACT (third-party spec aggregator),https://www.cars.com/research/ram-1500_classic-2019/specs/,not shown,2026-09-27,example trim: https://www.cars.com/research/ram-1500_classic-2019/specs/402847/
2019,Ram,ProMaster 2500,3.6L V6,4x2,cargo van,config_trim_range,4005,4256,3,"cars.com per-trim ""Maximum Payload Capacity"" for trims whose STANDARD engine is this engine (base-equipped trim; options reduce it)",FACT (third-party spec aggregator),https://www.cars.com/research/ram-promaster_2500-2019/specs/,not shown,2026-09-27,example trim: https://www.cars.com/research/ram-promaster_2500-2019/specs/401649/
2020,Chevrolet,Colorado,3.6L V6,4x2,Crew Cab,config_trim_range,1650,1650,1,"cars.com per-trim ""Maximum Payload Capacity"" for trims whose STANDARD engine is this engine (base-equipped trim; options reduce it)",FACT (third-party spec aggregator),https://www.cars.com/research/chevrolet-colorado-2020/specs/,not shown,2026-09-27,example trim: https://www.cars.com/research/chevrolet-colorado-2020/specs/406948/
2020,Chevrolet,Silverado 1500,5.3L V8,4x2,Crew Cab,config_trim_range,2226,2298,4,"cars.com per-trim ""Maximum Payload Capacity"" for trims whose STANDARD engine is this engine (base-equipped trim; options reduce it)",FACT (third-party spec aggregator),https://www.cars.com/research/chevrolet-silverado_1500-2020/specs/,not shown,2026-09-27,example trim: https://www.cars.com/research/chevrolet-silverado_1500-2020/specs/406465/
2020,Chevrolet,Silverado 1500,5.3L V8,4x2,Double Cab,config_trim_range,2202,2202,1,"cars.com per-trim ""Maximum Payload Capacity"" for trims whose STANDARD engine is this engine (base-equipped trim; options reduce it)",FACT (third-party spec aggregator),https://www.cars.com/research/chevrolet-silverado_1500-2020/specs/,not shown,2026-09-27,example trim: https://www.cars.com/research/chevrolet-silverado_1500-2020/specs/406460/
2020,Ford,F-150,EcoBoost 3.5L V6 twin-turbo,4x4,SuperCab,config_trim_range,2072,2072,3,"cars.com per-trim ""Maximum Payload Capacity"" for trims whose STANDARD engine is this engine (base-equipped trim; options reduce it)",FACT (third-party spec aggregator),https://www.cars.com/research/ford-f_150-2020/specs/,not shown,2026-09-27,example trim: https://www.cars.com/research/ford-f_150-2020/specs/409604/
2020,Ram,1500,5.7L Hemi V8,4x2,Crew Cab,config_trim_range,1659,1991,13,"cars.com per-trim ""Maximum Payload Capacity"" for trims whose STANDARD engine is this engine (base-equipped trim; options reduce it)",FACT (third-party spec aggregator),https://www.cars.com/research/ram-1500-2020/specs/,not shown,2026-09-27,example trim: https://www.cars.com/research/ram-1500-2020/specs/407708/
2020,Ram,1500,5.7L Hemi V8,4x2,Quad Cab,config_trim_range,1901,2302,4,"cars.com per-trim ""Maximum Payload Capacity"" for trims whose STANDARD engine is this engine (base-equipped trim; options reduce it)",FACT (third-party spec aggregator),https://www.cars.com/research/ram-1500-2020/specs/,not shown,2026-09-27,example trim: https://www.cars.com/research/ram-1500-2020/specs/407273/
2020,Ram,1500,5.7L Hemi V8,4x4,Crew Cab,config_trim_range,1513,1818,13,"cars.com per-trim ""Maximum Payload Capacity"" for trims whose STANDARD engine is this engine (base-equipped trim; options reduce it)",FACT (third-party spec aggregator),https://www.cars.com/research/ram-1500-2020/specs/,not shown,2026-09-27,example trim: https://www.cars.com/research/ram-1500-2020/specs/407714/
2020,Ram,1500,5.7L Hemi V8,4x4,Quad Cab,config_trim_range,1599,1799,5,"cars.com per-trim ""Maximum Payload Capacity"" for trims whose STANDARD engine is this engine (base-equipped trim; options reduce it)",FACT (third-party spec aggregator),https://www.cars.com/research/ram-1500-2020/specs/,not shown,2026-09-27,example trim: https://www.cars.com/research/ram-1500-2020/specs/407276/
2020,Ram,1500 Classic,5.7L Hemi V8,4x2,Crew Cab,config_trim_range,1602,1602,1,"cars.com per-trim ""Maximum Payload Capacity"" for trims whose STANDARD engine is this engine (base-equipped trim; options reduce it)",FACT (third-party spec aggregator),https://www.cars.com/research/ram-1500_classic-2020/specs/,not shown,2026-09-27,example trim: https://www.cars.com/research/ram-1500_classic-2020/specs/408060/
2020,Ram,1500 Classic,5.7L Hemi V8,4x4,Crew Cab,config_trim_range,1425,1425,1,"cars.com per-trim ""Maximum Payload Capacity"" for trims whose STANDARD engine is this engine (base-equipped trim; options reduce it)",FACT (third-party spec aggregator),https://www.cars.com/research/ram-1500_classic-2020/specs/,not shown,2026-09-27,example trim: https://www.cars.com/research/ram-1500_classic-2020/specs/408066/
2020,Ram,ProMaster 2500,3.6L V6,4x2,cargo van,config_trim_range,4005,4256,3,"cars.com per-trim ""Maximum Payload Capacity"" for trims whose STANDARD engine is this engine (base-equipped trim; options reduce it)",FACT (third-party spec aggregator),https://www.cars.com/research/ram-promaster_2500-2020/specs/,not shown,2026-09-27,example trim: https://www.cars.com/research/ram-promaster_2500-2020/specs/407893/
2016,Chevrolet,Silverado 1500,5.3L V8,all,all,oem_engine_range,1660,1950,26,"GM Chevrolet Commercial Vehicles catalog, ""Silverado 1500 Payload and Trailer Weight Ratings"" table, all rows with 5.3L V8 (pdf p.27); max ratings for comparison, as-built lower",FACT,https://www.auto-brochures.com/makes/Chevrolet/Commercial/Chevrolet_US%20com_2016.pdf,MY2016 catalog (date not shown),2026-09-27,OEM brochure hosted by auto-brochures.com; 2019 = new-gen T1 (2019 Silverado 1500 LD old-gen not in this table)
2017,Chevrolet,Silverado 1500,5.3L V8,all,all,oem_engine_range,1670,2250,30,"GM Chevrolet Commercial Vehicles catalog, ""Silverado 1500 Payload and Trailer Weight Ratings"" table, all rows with 5.3L V8 (pdf p.35); max ratings for comparison, as-built lower",FACT,https://www.auto-brochures.com/makes/Chevrolet/Commercial/Chevrolet_US%20com_2017.pdf,MY2017 catalog (date not shown),2026-09-27,OEM brochure hosted by auto-brochures.com; 2019 = new-gen T1 (2019 Silverado 1500 LD old-gen not in this table)
2018,Chevrolet,Silverado 1500,5.3L V8,all,all,oem_engine_range,1670,2170,31,"GM Chevrolet Commercial Vehicles catalog, ""Silverado 1500 Payload and Trailer Weight Ratings"" table, all rows with 5.3L V8 (pdf p.36); max ratings for comparison, as-built lower",FACT,https://www.auto-brochures.com/makes/Chevrolet/Commercial/Chevrolet_US%20com_2018.pdf,MY2018 catalog (date not shown),2026-09-27,OEM brochure hosted by auto-brochures.com; 2019 = new-gen T1 (2019 Silverado 1500 LD old-gen not in this table)
2019,Chevrolet,Silverado 1500,5.3L V8,all,all,oem_engine_range,1670,2190,26,"GM Chevrolet Commercial Vehicles catalog, ""Silverado 1500 Payload and Trailer Weight Ratings"" table, all rows with 5.3L V8 (pdf p.40); max ratings for comparison, as-built lower",FACT,https://www.auto-brochures.com/makes/Chevrolet/Commercial/Chevrolet_US%20com_2019.pdf,MY2019 catalog (date not shown),2026-09-27,OEM brochure hosted by auto-brochures.com; 2019 = new-gen T1 (2019 Silverado 1500 LD old-gen not in this table)
2020,Chevrolet,Silverado 1500,5.3L V8,all,all,oem_engine_range,1670,2190,29,"GM Chevrolet Commercial Vehicles catalog, ""Silverado 1500 Payload and Trailer Weight Ratings"" table, all rows with 5.3L V8 (pdf p.37); max ratings for comparison, as-built lower",FACT,https://www.auto-brochures.com/makes/Chevrolet/Commercial/Chevrolet_US%20com_2020.pdf,MY2020 catalog (date not shown),2026-09-27,OEM brochure hosted by auto-brochures.com; 2019 = new-gen T1 (2019 Silverado 1500 LD old-gen not in this table)
2016,Chevrolet,Colorado,any (3.6L V6 among engines),4x2,Extended Cab,oem_config_max_any_engine,,1580,,"GM Chevrolet Commercial Vehicles catalog Colorado table ""Max Payload (lbs.) 2WD/4x4"" for Extended Cab 6ft2 box (pdf p.4); config max across engines, not 3.6L-specific except where 3.6L is standard",FACT,https://www.auto-brochures.com/makes/Chevrolet/Commercial/Chevrolet_US%20com_2016.pdf,MY2016 catalog,2026-09-27,
2016,Chevrolet,Colorado,any (3.6L V6 among engines),4x4,Extended Cab,oem_config_max_any_engine,,1560,,"GM Chevrolet Commercial Vehicles catalog Colorado table ""Max Payload (lbs.) 2WD/4x4"" for Extended Cab 6ft2 box (pdf p.4); config max across engines, not 3.6L-specific except where 3.6L is standard",FACT,https://www.auto-brochures.com/makes/Chevrolet/Commercial/Chevrolet_US%20com_2016.pdf,MY2016 catalog,2026-09-27,
2016,Chevrolet,Colorado,any (3.6L V6 among engines),4x2,Crew Cab,oem_config_max_any_engine,,1590,,"GM Chevrolet Commercial Vehicles catalog Colorado table ""Max Payload (lbs.) 2WD/4x4"" for Crew Cab 5ft2 box (pdf p.4); config max across engines, not 3.6L-specific except where 3.6L is standard",FACT,https://www.auto-brochures.com/makes/Chevrolet/Commercial/Chevrolet_US%20com_2016.pdf,MY2016 catalog,2026-09-27,
2016,Chevrolet,Colorado,any (3.6L V6 among engines),4x4,Crew Cab,oem_config_max_any_engine,,1600,,"GM Chevrolet Commercial Vehicles catalog Colorado table ""Max Payload (lbs.) 2WD/4x4"" for Crew Cab 5ft2 box (pdf p.4); config max across engines, not 3.6L-specific except where 3.6L is standard",FACT,https://www.auto-brochures.com/makes/Chevrolet/Commercial/Chevrolet_US%20com_2016.pdf,MY2016 catalog,2026-09-27,
2016,Chevrolet,Colorado,any (3.6L V6 among engines),4x2,Crew Cab,oem_config_max_any_engine,,1540,,"GM Chevrolet Commercial Vehicles catalog Colorado table ""Max Payload (lbs.) 2WD/4x4"" for Crew Cab 6ft2 box (3.6L std) (pdf p.4); config max across engines, not 3.6L-specific except where 3.6L is standard",FACT,https://www.auto-brochures.com/makes/Chevrolet/Commercial/Chevrolet_US%20com_2016.pdf,MY2016 catalog,2026-09-27,
2016,Chevrolet,Colorado,any (3.6L V6 among engines),4x4,Crew Cab,oem_config_max_any_engine,,1520,,"GM Chevrolet Commercial Vehicles catalog Colorado table ""Max Payload (lbs.) 2WD/4x4"" for Crew Cab 6ft2 box (3.6L std) (pdf p.4); config max across engines, not 3.6L-specific except where 3.6L is standard",FACT,https://www.auto-brochures.com/makes/Chevrolet/Commercial/Chevrolet_US%20com_2016.pdf,MY2016 catalog,2026-09-27,
2017,Chevrolet,Colorado,any (3.6L V6 among engines),4x2,Extended Cab,oem_config_max_any_engine,,1566,,"GM Chevrolet Commercial Vehicles catalog Colorado table ""Max Payload (lbs.) 2WD/4x4"" for Extended Cab 6ft2 box (pdf p.3); config max across engines, not 3.6L-specific except where 3.6L is standard",FACT,https://www.auto-brochures.com/makes/Chevrolet/Commercial/Chevrolet_US%20com_2017.pdf,MY2017 catalog,2026-09-27,
2017,Chevrolet,Colorado,any (3.6L V6 among engines),4x4,Extended Cab,oem_config_max_any_engine,,1532,,"GM Chevrolet Commercial Vehicles catalog Colorado table ""Max Payload (lbs.) 2WD/4x4"" for Extended Cab 6ft2 box (pdf p.3); config max across engines, not 3.6L-specific except where 3.6L is standard",FACT,https://www.auto-brochures.com/makes/Chevrolet/Commercial/Chevrolet_US%20com_2017.pdf,MY2017 catalog,2026-09-27,
2017,Chevrolet,Colorado,any (3.6L V6 among engines),4x2,Crew Cab,oem_config_max_any_engine,,1574,,"GM Chevrolet Commercial Vehicles catalog Colorado table ""Max Payload (lbs.) 2WD/4x4"" for Crew Cab 5ft2 box (pdf p.3); config max across engines, not 3.6L-specific except where 3.6L is standard",FACT,https://www.auto-brochures.com/makes/Chevrolet/Commercial/Chevrolet_US%20com_2017.pdf,MY2017 catalog,2026-09-27,
2017,Chevrolet,Colorado,any (3.6L V6 among engines),4x4,Crew Cab,oem_config_max_any_engine,,1548,,"GM Chevrolet Commercial Vehicles catalog Colorado table ""Max Payload (lbs.) 2WD/4x4"" for Crew Cab 5ft2 box (pdf p.3); config max across engines, not 3.6L-specific except where 3.6L is standard",FACT,https://www.auto-brochures.com/makes/Chevrolet/Commercial/Chevrolet_US%20com_2017.pdf,MY2017 catalog,2026-09-27,
2017,Chevrolet,Colorado,any (3.6L V6 among engines),4x2,Crew Cab,oem_config_max_any_engine,,1516,,"GM Chevrolet Commercial Vehicles catalog Colorado table ""Max Payload (lbs.) 2WD/4x4"" for Crew Cab 6ft2 box (3.6L std) (pdf p.3); config max across engines, not 3.6L-specific except where 3.6L is standard",FACT,https://www.auto-brochures.com/makes/Chevrolet/Commercial/Chevrolet_US%20com_2017.pdf,MY2017 catalog,2026-09-27,
2017,Chevrolet,Colorado,any (3.6L V6 among engines),4x4,Crew Cab,oem_config_max_any_engine,,1492,,"GM Chevrolet Commercial Vehicles catalog Colorado table ""Max Payload (lbs.) 2WD/4x4"" for Crew Cab 6ft2 box (3.6L std) (pdf p.3); config max across engines, not 3.6L-specific except where 3.6L is standard",FACT,https://www.auto-brochures.com/makes/Chevrolet/Commercial/Chevrolet_US%20com_2017.pdf,MY2017 catalog,2026-09-27,
2018,Chevrolet,Colorado,any (3.6L V6 among engines),4x2,Extended Cab,oem_config_max_any_engine,,1566,,"GM Chevrolet Commercial Vehicles catalog Colorado table ""Max Payload (lbs.) 2WD/4x4"" for Extended Cab 6ft2 box (pdf p.3); config max across engines, not 3.6L-specific except where 3.6L is standard",FACT,https://www.auto-brochures.com/makes/Chevrolet/Commercial/Chevrolet_US%20com_2018.pdf,MY2018 catalog,2026-09-27,
2018,Chevrolet,Colorado,any (3.6L V6 among engines),4x4,Extended Cab,oem_config_max_any_engine,,1532,,"GM Chevrolet Commercial Vehicles catalog Colorado table ""Max Payload (lbs.) 2WD/4x4"" for Extended Cab 6ft2 box (pdf p.3); config max across engines, not 3.6L-specific except where 3.6L is standard",FACT,https://www.auto-brochures.com/makes/Chevrolet/Commercial/Chevrolet_US%20com_2018.pdf,MY2018 catalog,2026-09-27,
2018,Chevrolet,Colorado,any (3.6L V6 among engines),4x2,Crew Cab,oem_config_max_any_engine,,1574,,"GM Chevrolet Commercial Vehicles catalog Colorado table ""Max Payload (lbs.) 2WD/4x4"" for Crew Cab 5ft2 box (pdf p.3); config max across engines, not 3.6L-specific except where 3.6L is standard",FACT,https://www.auto-brochures.com/makes/Chevrolet/Commercial/Chevrolet_US%20com_2018.pdf,MY2018 catalog,2026-09-27,
2018,Chevrolet,Colorado,any (3.6L V6 among engines),4x4,Crew Cab,oem_config_max_any_engine,,1548,,"GM Chevrolet Commercial Vehicles catalog Colorado table ""Max Payload (lbs.) 2WD/4x4"" for Crew Cab 5ft2 box (pdf p.3); config max across engines, not 3.6L-specific except where 3.6L is standard",FACT,https://www.auto-brochures.com/makes/Chevrolet/Commercial/Chevrolet_US%20com_2018.pdf,MY2018 catalog,2026-09-27,
2018,Chevrolet,Colorado,any (3.6L V6 among engines),4x2,Crew Cab,oem_config_max_any_engine,,1516,,"GM Chevrolet Commercial Vehicles catalog Colorado table ""Max Payload (lbs.) 2WD/4x4"" for Crew Cab 6ft2 box (3.6L std) (pdf p.3); config max across engines, not 3.6L-specific except where 3.6L is standard",FACT,https://www.auto-brochures.com/makes/Chevrolet/Commercial/Chevrolet_US%20com_2018.pdf,MY2018 catalog,2026-09-27,
2018,Chevrolet,Colorado,any (3.6L V6 among engines),4x4,Crew Cab,oem_config_max_any_engine,,1492,,"GM Chevrolet Commercial Vehicles catalog Colorado table ""Max Payload (lbs.) 2WD/4x4"" for Crew Cab 6ft2 box (3.6L std) (pdf p.3); config max across engines, not 3.6L-specific except where 3.6L is standard",FACT,https://www.auto-brochures.com/makes/Chevrolet/Commercial/Chevrolet_US%20com_2018.pdf,MY2018 catalog,2026-09-27,
2019,Chevrolet,Colorado,any (3.6L V6 among engines),4x2,Extended Cab,oem_config_max_any_engine,,1432,,"GM Chevrolet Commercial Vehicles catalog Colorado table ""Max Payload (lbs.) 2WD/4x4"" for Extended Cab 6ft2 box (pdf p.14); config max across engines, not 3.6L-specific except where 3.6L is standard",FACT,https://www.auto-brochures.com/makes/Chevrolet/Commercial/Chevrolet_US%20com_2019.pdf,MY2019 catalog,2026-09-27,
2019,Chevrolet,Colorado,any (3.6L V6 among engines),4x4,Extended Cab,oem_config_max_any_engine,,1400,,"GM Chevrolet Commercial Vehicles catalog Colorado table ""Max Payload (lbs.) 2WD/4x4"" for Extended Cab 6ft2 box (pdf p.14); config max across engines, not 3.6L-specific except where 3.6L is standard",FACT,https://www.auto-brochures.com/makes/Chevrolet/Commercial/Chevrolet_US%20com_2019.pdf,MY2019 catalog,2026-09-27,
2019,Chevrolet,Colorado,any (3.6L V6 among engines),4x2,Crew Cab,oem_config_max_any_engine,,1574,,"GM Chevrolet Commercial Vehicles catalog Colorado table ""Max Payload (lbs.) 2WD/4x4"" for Crew Cab 6ft2 box (3.6L std) (pdf p.14); config max across engines, not 3.6L-specific except where 3.6L is standard",FACT,https://www.auto-brochures.com/makes/Chevrolet/Commercial/Chevrolet_US%20com_2019.pdf,MY2019 catalog,2026-09-27,
2019,Chevrolet,Colorado,any (3.6L V6 among engines),4x4,Crew Cab,oem_config_max_any_engine,,1547,,"GM Chevrolet Commercial Vehicles catalog Colorado table ""Max Payload (lbs.) 2WD/4x4"" for Crew Cab 6ft2 box (3.6L std) (pdf p.14); config max across engines, not 3.6L-specific except where 3.6L is standard",FACT,https://www.auto-brochures.com/makes/Chevrolet/Commercial/Chevrolet_US%20com_2019.pdf,MY2019 catalog,2026-09-27,
2020,Chevrolet,Colorado,3.6L V6,4x2,Crew Cab,oem_engine_max,,1578,,"GM 2020 Commercial catalog: ""Maximum payload of 1,578 lbs. with available 3.6L engine"" (footnote: Crew Cab Short Box WT 2WD with 3.6L) (pdf p.19)",FACT,https://www.auto-brochures.com/makes/Chevrolet/Commercial/Chevrolet_US%20com_2020.pdf,MY2020 catalog,2026-09-27,"CONFLICT: cars.com 2020 Colorado 2WD Crew Cab 3.6L trim shows 1,650 lb (above GM stated max). Use OEM 1,578."
2020,Toyota,Tacoma,3.5L V6,4x2,Access Cab,oem_config,1540,1540,,"Toyota Canada 2020 Tacoma Product Information, Weights and Capacities ""Payload (lbs.) (man/auto)"" V6 column (auto)","FACT (OEM, Canadian-market doc)",https://toyotacanada.scene7.com/is/content/toyotacanada/2020_Toyota_Tacoma_Product_Informationpdf?%24%3Fcdh=attachment&bfc=off,MY2020 (date not shown),2026-09-27,US toyota-cms-media PDF returned 403
2020,Toyota,Tacoma,3.5L V6,4x2,Double Cab,oem_config,1370,1420,,"Toyota Canada 2020 Tacoma Product Information, Weights and Capacities ""Payload (lbs.) (man/auto)"" V6 column (auto; 1,370 long bed)","FACT (OEM, Canadian-market doc)",https://toyotacanada.scene7.com/is/content/toyotacanada/2020_Toyota_Tacoma_Product_Informationpdf?%24%3Fcdh=attachment&bfc=off,MY2020 (date not shown),2026-09-27,US toyota-cms-media PDF returned 403
2020,Toyota,Tacoma,3.5L V6,4x4,Access Cab,oem_config,1275,1295,,"Toyota Canada 2020 Tacoma Product Information, Weights and Capacities ""Payload (lbs.) (man/auto)"" V6 column (1,275 manual / 1,295 auto)","FACT (OEM, Canadian-market doc)",https://toyotacanada.scene7.com/is/content/toyotacanada/2020_Toyota_Tacoma_Product_Informationpdf?%24%3Fcdh=attachment&bfc=off,MY2020 (date not shown),2026-09-27,US toyota-cms-media PDF returned 403
2020,Toyota,Tacoma,3.5L V6,4x4,Double Cab,oem_config,1120,1175,,"Toyota Canada 2020 Tacoma Product Information, Weights and Capacities ""Payload (lbs.) (man/auto)"" V6 column (1,155 manual / 1,175 auto; 1,120 long bed)","FACT (OEM, Canadian-market doc)",https://toyotacanada.scene7.com/is/content/toyotacanada/2020_Toyota_Tacoma_Product_Informationpdf?%24%3Fcdh=attachment&bfc=off,MY2020 (date not shown),2026-09-27,US toyota-cms-media PDF returned 403
2016,Toyota,Tacoma,3.5L V6,all,all,thirdparty_range,1120,1540,,"toyotatacomaid.com V6 configuration table (values marked ""catalog"" or ""GVWR - curb"")",FACT (third-party; some values computed by site as GVWR-curb),https://toyotatacomaid.com/specs/weight/2016/,not shown,2026-09-27,"2017 max 1,620 is an SR V6 4x2 Access Cab ""catalog"" value that conflicts with Toyota 2020 V6 max 1,540 (1,620 is the 4-cyl figure in OEM doc); treat 2017 V6 max as 1,540 (INFERENCE)"
2017,Toyota,Tacoma,3.5L V6,all,all,thirdparty_range,1120,1620,,"toyotatacomaid.com V6 configuration table (values marked ""catalog"" or ""GVWR - curb"")",FACT (third-party; some values computed by site as GVWR-curb),https://toyotatacomaid.com/specs/weight/2017/,not shown,2026-09-27,"2017 max 1,620 is an SR V6 4x2 Access Cab ""catalog"" value that conflicts with Toyota 2020 V6 max 1,540 (1,620 is the 4-cyl figure in OEM doc); treat 2017 V6 max as 1,540 (INFERENCE)"
2018,Toyota,Tacoma,3.5L V6,all,all,thirdparty_range,1120,1540,,"toyotatacomaid.com V6 configuration table (values marked ""catalog"" or ""GVWR - curb"")",FACT (third-party; some values computed by site as GVWR-curb),https://toyotatacomaid.com/specs/weight/2018/,not shown,2026-09-27,"2017 max 1,620 is an SR V6 4x2 Access Cab ""catalog"" value that conflicts with Toyota 2020 V6 max 1,540 (1,620 is the 4-cyl figure in OEM doc); treat 2017 V6 max as 1,540 (INFERENCE)"
2016,Toyota,Tacoma,3.5L V6,all,all,inference_same_generation,1120,1540,,3rd-gen Tacoma (2016-2023) V6 payload taken from Toyota 2020 OEM doc; OEM MY-specific doc for this year not reachable,INFERENCE,https://toyotacanada.scene7.com/is/content/toyotacanada/2020_Toyota_Tacoma_Product_Informationpdf?%24%3Fcdh=attachment&bfc=off,,2026-09-27,Toyota pressroom 2016/2017 spec pages have no payload; 2018-2020 US spec pages 404
2017,Toyota,Tacoma,3.5L V6,all,all,inference_same_generation,1120,1540,,3rd-gen Tacoma (2016-2023) V6 payload taken from Toyota 2020 OEM doc; OEM MY-specific doc for this year not reachable,INFERENCE,https://toyotacanada.scene7.com/is/content/toyotacanada/2020_Toyota_Tacoma_Product_Informationpdf?%24%3Fcdh=attachment&bfc=off,,2026-09-27,Toyota pressroom 2016/2017 spec pages have no payload; 2018-2020 US spec pages 404
2018,Toyota,Tacoma,3.5L V6,all,all,inference_same_generation,1120,1540,,3rd-gen Tacoma (2016-2023) V6 payload taken from Toyota 2020 OEM doc; OEM MY-specific doc for this year not reachable,INFERENCE,https://toyotacanada.scene7.com/is/content/toyotacanada/2020_Toyota_Tacoma_Product_Informationpdf?%24%3Fcdh=attachment&bfc=off,,2026-09-27,Toyota pressroom 2016/2017 spec pages have no payload; 2018-2020 US spec pages 404
2019,Toyota,Tacoma,3.5L V6,all,all,inference_same_generation,1120,1540,,3rd-gen Tacoma (2016-2023) V6 payload taken from Toyota 2020 OEM doc; OEM MY-specific doc for this year not reachable,INFERENCE,https://toyotacanada.scene7.com/is/content/toyotacanada/2020_Toyota_Tacoma_Product_Informationpdf?%24%3Fcdh=attachment&bfc=off,,2026-09-27,Toyota pressroom 2016/2017 spec pages have no payload; 2018-2020 US spec pages 404
2020,Ford,Transit-250/350,3.7L V6,4x2,cargo van,not_offered,,,,cars.com 2020 Transit-250/350 trims list only 2.0L and 3.5L engines (3.7L replaced for MY2020),INFERENCE (from cars.com trim engine list),https://www.cars.com/research/ford-transit_250-2020/specs/,,2026-09-27,C table keys 2016-2020; 3.7L baseline applies only to 2016-2019
2016,Ford,Transit-250,3.7L V6,4x2,cargo van,unknown,UNKNOWN,UNKNOWN,,"cars.com 2016 Transit-250 trims show 3.2L diesel as trim engine (payload 3,571-4,134 by body); no 3.7L-specific payload found",UNKNOWN,https://www.cars.com/research/ford-transit_250-2016/specs/,,2026-09-27,"2017-2019 Transit-250 3.7L cars.com range 3,571-4,134 lb is a reasonable proxy (INFERENCE)"
2016,Ram,ProMaster 2500,3.6L V6,4x2,cargo van,proxy,4011,4136,2,cars.com lists only 3.0L EcoDiesel-trim entries for this MY (High Roof 136/159 WB); 3.6L-specific payload not shown,INFERENCE (proxy: diesel-trim payload),https://www.cars.com/research/ram-promaster_2500-2016/specs/,,2026-09-27,
2017,Ram,ProMaster 2500,3.6L V6,4x2,cargo van,proxy,4017,4127,2,cars.com lists only 3.0L EcoDiesel-trim entries for this MY (High Roof 136/159 WB); 3.6L-specific payload not shown,INFERENCE (proxy: diesel-trim payload),https://www.cars.com/research/ram-promaster_2500-2017/specs/,,2026-09-27,
