item,year,make,model,engine_or_config,brand,location_name,address,metric,value,unit,label,source_type,conditions_or_basis,source_url,source_published,accessed,join_table,notes
1,,,,,Ford,Mullinax Ford of Vero Beach,"488 US Highway 1, Vero Beach, FL 32962",address,"488 US Highway 1, Vero Beach, FL 32962",,FACT,dealer site,,https://www.mullinaxfordverobeach.com/,,2026-09-27,f_service_distance.csv,reuses F.3 row
1,,,,,Ford,Mullinax Ford of Vero Beach,"488 US Highway 1, Vero Beach, FL 32962",road_mi_from_32960,4.1,mi (8 min),"INFERENCE (OSRM router.project-osrm.org, route computed 2026-09-27 from 32960 ZIP centroid; same method as F.3)",,,"https://router.project-osrm.org/route/v1/driving/-80.41227,27.63603;-80.3825127,27.6107844?overview=false",,2026-09-27,f_service_distance.csv,re-run 2026-09-27 matches F.3 (4.1)
1,,,,,Ford,Mullinax Ford of Vero Beach,,ev_certified,"YES: listed services include ""EV Certified Dealers"", ""EV Sales & Service"", ""Commercial Vehicle Center Service"", ""Fleet Mobile Service Dealer"", ""Retail Mobile Service Dealer""",,FACT (third-party aggregator mirroring Ford locator attribute names; page last updated 2026-07-21) / INFERENCE that status is current,third-party dealer directory,,https://mapdoor.com/us/fl/vero-beach/ford/mullinax-ford-of,last updated 2026-07-21,2026-09-27,,"ford.com locator, ford.com cxservices dealer JSON and fordpro.com all returned 403; no statement on dealer site. Nearest EV-certified Ford = Mullinax itself."
1,,,,,Chevrolet,Dyer Chevrolet Vero Beach,"1000 US Hwy 1, Vero Beach, FL 32960",road_mi_from_32960,2.6,mi (7 min),"INFERENCE (OSRM router.project-osrm.org, route computed 2026-09-27 from 32960 ZIP centroid; same method as F.3)",,,https://www.dyerchevy.com/,,2026-09-27,f_service_distance.csv,reused from F.3
1,,,,,Chevrolet,Dyer Chevrolet Vero Beach,,ev_certified,"LIKELY YES: dealer sells new Chevy EVs (Equinox EV, Blazer EV; Silverado EV test-drive/inventory pages); GM program requires dealers ""be certified with the appropriate tools and training to sell EVs""",,INFERENCE (from FACT: dealer blog 2024-10-17 + Business Insider 2021-11-01); no explicit EV-certified statement found,dealer blog + press,,https://www.dyerchevy.com/blogs/5410/why-buy-an-electric-chevy-at-dyer-chevrolet-vero-beach | https://www.businessinsider.com/how-gm-convinces-dealers-to-invest-selling-electric-vehicles-evs-2021-10,2024-10-17 | 2021-11-01,2026-09-27,,chevrolet.com dealer locator is JS-rendered/403; GM locator EV filter not reachable
1,,,,,GMC,Linus Buick GMC,"1401 US 1, Vero Beach, FL 32960",address,"1401 US 1, Vero Beach, FL 32960",,FACT,dealer site,,https://www.linusautomotive.com/,,2026-09-27,,"nearest GMC dealer of any kind (only GMC dealer found in Vero Beach; next: Garber Buick GMC, 5255 S US Hwy 1, Fort Pierce per search snippet, not verified/routed)"
1,,,,,GMC,Linus Buick GMC,"1401 US 1, Vero Beach, FL 32960",road_mi_from_32960,2.5,mi (6 min),"INFERENCE (OSRM router.project-osrm.org, route computed 2026-09-27 from 32960 ZIP centroid; same method as F.3); geocode = dealer-site Google map embed coords 27.6271747,-80.39056",,,"https://router.project-osrm.org/route/v1/driving/-80.41227,27.63603;-80.39056,27.6271747?overview=false",,2026-09-27,,
1,,,,,GMC,Linus Buick GMC,,ev_certified,"LIKELY YES: dealer site has ""New EV Inventory"" section for GMC HUMMER EV and Sierra EV; GM requires certification to sell EVs",,INFERENCE (no explicit EV-certified statement; mapdoor attribute list dated 2023-04-18 shows no EV attribute),dealer site + press,,https://www.linusautomotive.com/new-vehicles/electric/ | https://www.businessinsider.com/how-gm-convinces-dealers-to-invest-selling-electric-vehicles-evs-2021-10,2021-11-01 (BI),2026-09-27,,
1,,,,,Ram,Vatland Chrysler Dodge Jeep Ram,"855 S US Highway 1, Vero Beach, FL 32962",road_mi_from_32960,4.9,mi (10 min),"INFERENCE (OSRM router.project-osrm.org, route computed 2026-09-27 from 32960 ZIP centroid; same method as F.3)",,,https://www.vatlandcdjr.com/,,2026-09-27,f_service_distance.csv,"F.3 value 4.9; re-run with Ram-locator showroom coords 27.5882,-80.3784 gives 4.8 mi"
1,,,,,Ram,Vatland Chrysler Dodge Jeep Ram,,ev_certified (ProMaster EV),"YES: service codes LEV = ""Battery Electric Vehicle Certified"" and PMCD = ""ProMaster Certified Dealer""",,FACT (OEM dealer locator data),OEM dealer locator (ramtrucks.com find-a-dealer JSON feed),,https://www.ramtrucks.com/bdlws/MDLSDealerLocator?brandCode=R&func=SALES&radius=100&resultsPage=1&resultsPerPage=30&zipCode=32960 | https://www.ramtrucks.com/bdlws/DealerServices?brandCode=R,,2026-09-27,,"23 of 26 Ram dealers within 100 mi carry LEV. MotorTrend 2024-08-07: Ram said ""all dealers will be approved to service"" ProMaster EV."
1,,,,,Ram,Arrigo CDJR FIAT of Ft. Pierce (backup),"5851 S US Highway 1, Fort Pierce, FL",road_mi_from_32960,21.2,mi (38 min),"INFERENCE (OSRM router.project-osrm.org, route computed 2026-09-27 from 32960 ZIP centroid; same method as F.3); geocode = Ram locator showroom lat/long",,,https://www.ramtrucks.com/bdlws/MDLSDealerLocator?brandCode=R&func=SALES&radius=100&resultsPage=1&resultsPerPage=30&zipCode=32960,,2026-09-27,,"LEV + PMCD (FACT, OEM locator); 2nd-nearest BEV-certified Ram"
1,,,,,Chevrolet BrightDrop,Dyer Chevrolet Vero Beach,,brightdrop_certified,UNKNOWN (dealer has a templated 2025 BrightDrop model page only; no inventory/cert statement found),,UNKNOWN,dealer site,,https://www.dyerchevy.com/2025-chevrolet-brightdrop,,2026-09-27,,"FACT (DBusiness 2024-09-04): ""only dealers that have met certain requirements will be certified to sell and service"" BrightDrop. Searched chevrolet.com/gmfleet.com locators (403/JS), dealer sites (Dyer Vero, Dyer Ft Pierce, Wallace Stuart: templated pages only), gmauthority (Cloudflare)"
1,,,,,Chevrolet BrightDrop,AutoNation Chevrolet Greenacres,"5757 Lake Worth Road, Greenacres, FL 33463",road_mi_from_32960,80.4,mi (102 min),"INFERENCE (OSRM router.project-osrm.org, route computed 2026-09-27 from 32960 ZIP centroid; same method as F.3); Nominatim house-level geocode",,,https://www.autonationchevroletgreenacres.com/,,2026-09-27,,"INFERENCE BrightDrop-certified: sold a NEW 2025 BrightDrop 600 (VIN 2G58J3TZXS9105169, 10 mi; listing now closed) https://www.comvoy.com/work-truck/greenacres-fl/new-2025-chevrolet-brightdrop-600-step-van-walk-in-19653546"
1,,,,,Chevrolet BrightDrop,Starling Chevrolet (Orlando),"13155 South Orange Blossom Trail, Orlando, FL 32837",road_mi_from_32960,90.7,mi (109 min),"INFERENCE (OSRM router.project-osrm.org, route computed 2026-09-27 from 32960 ZIP centroid; same method as F.3); geocode = dealer-site Google map embed coords 28.3731642,-81.4028568",,,https://www.starlingchevy.com/,,2026-09-27,,INFERENCE BrightDrop-certified: new 2025 BrightDrop 600 (11 mi) in FleetFit listing sample 2026-09-24 (/workspace/vinnotdiesel/vans/used-ev-van-inventory.csv)
1,,,,,GM/Ford/Ram,,,source_publish MotorTrend ProMaster EV service statement,"""all dealers will be approved to service them""",,"FACT (press, quoting Ram)",,,https://www.motortrend.com/reviews/2024-ram-promaster-ev-delivery-first-drive-review,2024-08-07,2026-09-27,,
2,2023,Ford,E-Transit,350 MR MWB 68 kWh (test unit MY2022),,,,mi_per_kwh,1.4 (=71.4 kWh/100 mi computed),mi/kWh,FACT (named third-party test) / kWh/100mi = INFERENCE arithmetic,"third-party test (EV Pulse, Chad Kirchner)","flat highway loop, cruise 70 mph, ~40F ambient, cabin 70F, loaded to ~9,500 lb GVWR (2,962 lb payload + ~396 lb people)",https://www.evpulse.com/features/we-test-the-range-of-the-ford-e-transit-at-maximum-payload,2022-11-11,2026-09-27,b_preview_ev_specs.csv,
2,2023,Ford,E-Transit,350 MR MWB 68 kWh (test unit MY2022),,,,mi_per_kwh,1.2 (=83.3 kWh/100 mi computed),mi/kWh,FACT / INFERENCE arithmetic,third-party test (EV Pulse),"simulated stop-and-go delivery route, ~40F, heater running, max GVWR",https://www.evpulse.com/features/we-test-the-range-of-the-ford-e-transit-at-maximum-payload,2022-11-11,2026-09-27,b_preview_ev_specs.csv,also republished Destination Charged 2022-11-11 (upd 2024-09-03)
2,2025,Ford,E-Transit,"350 LWB low roof, 89 kWh usable (Canada)",,,,kwh_per_100km,26 (=41.8 kWh/100 mi; 2.39 mi/kWh computed),kWh/100 km,FACT (third-party test) / INFERENCE conversion; NOT the 2023 68 kWh config,third-party comparison test (Motor Illustrated),"24 km loop, ~half highway, avg speed <=50 km/h, Canada; loaded with 600-1,200 lb of wheels (vans driven unladen and loaded; one average reported); no temperature given; ~600 lb load",https://motorillustrated.com/2025-chevrolet-brightdrop-vs-ford-e-transit-vs-mercedes-benz-esprinter-vs-ram-promaster-ev-big-batteries-bigger-jobs-real-world-testing-of-new-electric-commercial-vans/158742/,2025-08-17,2026-09-27,b_preview_ev_specs.csv,
2,2023,Ford,E-Transit,"cargo, 68 kWh usable",,,,oem_kwh_per_100mi,UNKNOWN (OEM publishes range only: 126/116/108 mi by roof at half payload; 126 mi / 68 kWh implies ~54 kWh/100 mi = INFERENCE),,UNKNOWN (OEM figure) / INFERENCE (derived),OEM range estimate,,https://www.rohrerbus.com/wp-content/uploads/2022/10/2022-ford-e-transit-tech-specs.pdf,,2026-09-27,b_preview_ev_specs.csv,"Ford UK WLTP kWh/100km appeared only in search snippets; ford.co.uk unreachable, not used. NACFE RoL Electric DEPOT van report blocked by captcha. C&D has no E-Transit range test."
2,2024,Ram,ProMaster EV,"2025 step/delivery, SHR 159in, 110 kWh (Canada)",,,,kwh_per_100km,31.1 (=50.1 kWh/100 mi; 2.0 mi/kWh computed),kWh/100 km,FACT (third-party test) / INFERENCE conversion and MY2024 applicability,third-party comparison test (Motor Illustrated),"24 km loop, ~half highway, avg speed <=50 km/h, Canada; loaded with 600-1,200 lb of wheels (vans driven unladen and loaded; one average reported); no temperature given; ~800 lb load",https://motorillustrated.com/2025-chevrolet-brightdrop-vs-ford-e-transit-vs-mercedes-benz-esprinter-vs-ram-promaster-ev-big-batteries-bigger-jobs-real-world-testing-of-new-electric-commercial-vans/158742/,2025-08-17,2026-09-27,b_preview_ev_specs.csv,
2,2024,Ram,ProMaster EV,"cargo, 110 kWh pack",,,,oem_derived_mi_per_kwh,~1.5 (164 mi Ram est. at 50% payload / 110 kWh gross = ~67 kWh/100 mi),mi/kWh,INFERENCE (derived from OEM range and gross pack; MotorTrend made same calc),OEM range estimate,Ram combined city/hwy estimate at 50% payload; usable kWh not published,https://www.ramtrucks.com/electric/ram-promaster-ev.html | https://www.motortrend.com/reviews/2024-ram-promaster-ev-delivery-first-drive-review,MotorTrend 2024-08-07,2026-09-27,b_preview_ev_specs.csv,no OEM kWh/100 mi published
2,2025,Chevrolet,BrightDrop 600,"AWD LWB (Canada; Max Range pack, 176 kWh usable per test)",,,,kwh_per_100km,41.7 (=67.1 kWh/100 mi; 1.49 mi/kWh computed),kWh/100 km,FACT (third-party test) / INFERENCE conversion,third-party comparison test (Motor Illustrated),"24 km loop, ~half highway, avg speed <=50 km/h, Canada; loaded with 600-1,200 lb of wheels (vans driven unladen and loaded; one average reported); no temperature given; >1,000 lb tools/gear + ~700 lb wheels",https://motorillustrated.com/2025-chevrolet-brightdrop-vs-ford-e-transit-vs-mercedes-benz-esprinter-vs-ram-promaster-ev-big-batteries-bigger-jobs-real-world-testing-of-new-electric-commercial-vans/158742/,2025-08-17,2026-09-27,b_preview_ev_specs.csv,
2,2025,Chevrolet,BrightDrop 600,,,,,oem_kwh_per_100mi,UNKNOWN (GM MY25 spec sheet gives range only: 166 mi std / 272 mi Max Range; no kWh),,UNKNOWN,OEM spec sheet,,https://californiahvip.org/wp-content/uploads/2023/08/AL-MY25-BrightDrop-400-and-BrightDrop-600-2025-Spec-Sheet-241024.pdf,2024-10-24,2026-09-27,,"Searched BrightDrop fleet studies (FedEx, Geotab, NREL, CALSTART, Merchants): none found; forum owner reports (brightdropforum.com) not used"
3,2018,Ford,Transit-250,3.7L V6 cargo van (all roofs incl. HR),,,,seats_standard,2,seats,FACT (OEM brochure),"Ford 2018 Transit brochure, ""Build your Transit Cargo Van - Standard features: Seating 2-passenger; 4-way manual driver and front-passenger seats""",,https://cdn.dealereprocess.org/cdn/brochures/ford/2018-transit.pdf,PDF created 2018-01-16 (third-party host),2026-09-27,f_seat_counts.csv,"Corroborated by KBB 2018 T-250 EL HR ""Max Seating Capacity 2"". Resolves F.2/F.6 UNKNOWN."
3,2018,Ford,Transit-250,Extended Length High Roof LWB van (3.7L),,,,kbb_value_change_last_3yr,"-50% (private-party $35,079 in 2023 -> $17,500 now; trade-in now $16,300); retained ~49.9% (computed)",%,FACT (KBB) / retained % = INFERENCE arithmetic,Kelley Blue Book trim page (ZIP 10601),"historical private-party value change 2023->2026 (vehicle age ~5->8 yr), NOT 3 yr from new; not MSRP-based",https://www.kbb.com/ford/transit-250-van/2018/extended-length-high-roof-w-sliding-side-door-w-lwb-van-3d/,values valid through 2026-09-27,2026-09-27,c_retained_value.csv,Regular-length HR trim page timed out. KBB depreciation page timed out/403.
3,2018,Ford,Transit Cargo Van,all trims,,,,value_change_vs_msrp,"-52.1% (avg ask $15,516, n=11, vs MSRP $32,380)",%,"FACT (third party; small n, high volatility)",CarBuzz price trends,,https://carbuzz.com/cars/ford/transit-cargo-van/2018/price-trends/,,2026-09-27,c_retained_value.csv,"asking prices, not transactions"
3,2018,Ford,Transit-250,,,,,3yr_retained_from_new (ALG/Black Book/iSeeCars/KBB 5-yr cost to own),UNKNOWN,,UNKNOWN,,,,,2026-09-27,,iSeeCars Transit resale URLs 404; KBB cost-to-own 403; ALG/Black Book not searched (wrap-up)
4,,(class),medium-duty van and pickup,,,,,maint_repair_usd_per_mi_year1,0.07-0.15,USD/mi,FACT (class-level),"Argonne 2021 Comprehensive TCO study (Burnham et al.), Utilimarc municipal/utility fleet data",M&R per mile by vehicle age; figure titled diesel HDV data; roughly linear rise,https://publications.anl.gov/anlpubs/2021/05/167399.pdf,2021-05,2026-09-27,c_maintenance.csv,p.90 sec 3.5.5
4,,(class),medium-duty van and pickup,,,,,maint_repair_usd_per_mi_year15,0.55-0.65,USD/mi,FACT (class-level),Argonne 2021 (Utilimarc),,https://publications.anl.gov/anlpubs/2021/05/167399.pdf,2021-05,2026-09-27,c_maintenance.csv,
4,2018,Ford,Transit-250,3.7L V6 (age ~8 yr in 2026),,,,maint_repair_usd_per_mi_est,~0.31-0.40,USD/mi,"INFERENCE (linear interpolation of Argonne yr1->yr15 range at year 8; class-level, 2021 dollars/data)",,,https://publications.anl.gov/anlpubs/2021/05/167399.pdf,,2026-09-27,c_maintenance.csv,AAA YDC 2026 has no van category; ATRI is heavy truck; Edmunds TCO not searched
5,2018,Ford,F-150,EcoBoost 3.5L V6 twin-turbo,,,,tow_max_lb,13200,lb,FACT (OEM towing guide),Ford 2018 RV & Trailer Towing Guide p.3/p.19,"XL SuperCrew 6.5ft box 4x2, 3.55 axle, 18,400 GCWR, Max Trailer Tow Pkg, 20in wheels; WDH required",https://blueovaltrucks.com/tech/pdf_documents/2018_ford_towing_guide.pdf,p.19 REVISED 02.14.18; p.3 REVISED 05.15.18,2026-09-27,f_baseline_payload.csv (same guide as F.1),
5,2018,Ford,F-150,EcoBoost 3.5L V6 twin-turbo,,,,tow_typical_lb,10700,lb,FACT (config value) / INFERENCE that this is the typical config,Ford 2018 towing guide p.19,"SuperCrew 4x4 145in, 3.55 or 3.31 axle, 16,100 GCWR, no Max Trailer Tow (also SuperCrew 4x2 3.15: 10,700; Limited 10,400); >5,000 lb requires WDH (bumper-only max 5,000)",https://blueovaltrucks.com/tech/pdf_documents/2018_ford_towing_guide.pdf,REVISED 02.14.18,2026-09-27,f_baseline_payload.csv,
5,2018,Ford,Transit-250,3.7L V6 LWB High Roof cargo,,,,tow_max_lb,6200,lb,FACT (OEM towing guide),Ford 2018 RV & Trailer Towing Guide p.29,"4.10 axle, 12,000 GCWR (3.73 axle n/a on HR); SAE J2807",https://blueovaltrucks.com/tech/pdf_documents/2018_ford_towing_guide.pdf,REVISED 06.11.18,2026-09-27,c_baseline_vans.csv,"Extended-length HR: 6,000. 250 LWB low/med roof: 6,400/6,300 (4.10) or 5,200/5,100 (3.73). KBB lists 6,400 max (config-agnostic)."
6,2024-2025,Ram,ProMaster EV,,,,,recall 24V715000,EV-ONLY,,FACT,NHTSA recalls API + Part 573 report,report received 2024-09-26; MYs 2024 ProMaster BEV (prod 2023-08-31 to 2024-04-13); potential units 336; component traction motor controller software,https://www.nhtsa.gov/recalls?nhtsaId=24V715000 | https://api.nhtsa.gov/recalls/campaignNumber?campaignNumber=24V715000,,2026-09-27,b_preview_ev_recalls.csv,MCPA software may cause loss of drive power; dealer software update; FCA 99B
6,2024-2025,Ram,ProMaster EV,,,,,recall 25V665000,EV-ONLY,,FACT,NHTSA recalls API + Part 573 report,report received 2025-10-06; MYs 2024-2025 ProMaster BEV (prod 2023-08-31 to 2025-07-17; Part 573 Fuel/Propulsion: Electric Battery Power); potential units 790; component traction motor controller software,https://www.nhtsa.gov/recalls?nhtsaId=25V665000 | https://api.nhtsa.gov/recalls/campaignNumber?campaignNumber=25V665000,,2026-09-27,b_preview_ev_recalls.csv,"EDM software may not manage torque spikes -> loss of drive power; update MCP/BPCM/charge module/EVCU software, inspect/replace EDM; FCA 98C"
6,2024-2025,Ram,ProMaster EV,,,,,recall 25V330000,"SHARED gas+EV scope; EV inclusion UNKNOWN (Part 573 defines by build date, propulsion field blank) - check VIN",,FACT (scope) / UNKNOWN (EV applicability),NHTSA recalls API + Part 573 report,"report received 2025-05-21; MYs 2022-2025 ProMaster (prod 2021-08-17 to 2025-05-14); potential units 235,640; component rearview camera (security gateway module software)",https://www.nhtsa.gov/recalls?nhtsaId=25V330000 | https://api.nhtsa.gov/recalls/campaignNumber?campaignNumber=25V330000,,2026-09-27,b_preview_ev_recalls.csv,SGW software may blank rearview image (FMVSS 111); dealer SGW update; FCA 40C
6,2024-2025,Ram,ProMaster EV,,,,,recall 25V720000,SHARED gas; LIKELY NOT EV (INFERENCE from 2026-02-24 amendment) - check VIN,,FACT (text) / INFERENCE (EV exclusion),NHTSA recalls API + Part 573 report,"report received 2025-10-23; MYs 2018-2026 ProMaster fleet builds (prod 2017-07-20 to 2025-10-17); potential units 300,691; component radiator/cooling fan module circuit",https://www.nhtsa.gov/recalls?nhtsaId=25V720000 | https://api.nhtsa.gov/recalls/campaignNumber?campaignNumber=25V720000,,2026-09-27,b_preview_ev_recalls.csv,400W fan circuit may overheat -> fire risk; replace fan module+fuse; FCA 67C/B3C/C9C. Amendment 2026-02-24 removed BEVs without the affected cooling fan modules
6,2024-2025,Ram,ProMaster EV,,,,,recall 24V416000,"GAS ONLY in practice - INFERENCE: limited to crew vans with 2nd-row seat, a body not offered as 2024 ProMaster EV (2024 EV = delivery/step van)",,FACT (scope) / INFERENCE (not EV),NHTSA recalls API + Part 573 report,report received 2024-06-06; MYs 2021-2024 ProMaster crew vans with 2nd-row seat; potential units 266; component body/door (missing side door beam) + tire placard,https://www.nhtsa.gov/recalls?nhtsaId=24V416000 | https://api.nhtsa.gov/recalls/campaignNumber?campaignNumber=24V416000,,2026-09-27,b_preview_ev_recalls.csv,"missing side door beam, wrong seating capacity on placard (FMVSS 214/110); install beam + label; FCA 53B"
6,2024-2025,Ram,ProMaster EV,,,,,recall 25V876000,SHARED/aftermarket; EV only if Rollx upfit - INFERENCE unlikely,,FACT,NHTSA recalls API + Part 573 report,report received 2025-12-17; MYs aftermarket Rollx wheelchair restraints on many makes incl. 2019+ ProMaster; potential units 86; component wheelchair restraint retractor (Rollx/Q'Straint),https://www.nhtsa.gov/recalls?nhtsaId=25V876000 | https://api.nhtsa.gov/recalls/campaignNumber?campaignNumber=25V876000,,2026-09-27,b_preview_ev_recalls.csv,upfitter recall; not a Ram powertrain issue
6,2024-2025,Ram,ProMaster EV,,,,,recall 26V531000,"SHARED gas+EV, MY2026 only (not 2024-2025)",,FACT,NHTSA recalls API + Part 573 report,"report received 2026-08-13; MYs 2026 ProMaster and 2026 ProMaster BEV (+ many FCA 2026-27 models); potential units 844,027; component rearview camera (radio software)",https://www.nhtsa.gov/recalls?nhtsaId=26V531000 | https://api.nhtsa.gov/recalls/campaignNumber?campaignNumber=26V531000,,2026-09-27,b_preview_ev_recalls.csv,camera image may fail (FMVSS 111); radio update by dealer or OTA; FCA 78D
6,,,,,,,,which 4 recalls the ProMaster EV brief meant,UNKNOWN - brief cites only 25V665 and 24V715; listed all 2024-2025 API hits instead,,UNKNOWN,,,/workspace/fleetfit/product/promaster-ev/PROMASTER-EV-PLAIN-ENGLISH.md,,2026-09-27,,"API: PROMASTER 2024 -> 24V416,25V330,25V665,25V720,25V876; PROMASTER 2025 -> 25V330,25V665,25V720,25V876; PROMASTER BEV 2024 -> 24V715; PROMASTER BEV 2025 -> none. Braun 26V280/26V357 are 2026 gas upfits."
