case,term,years,miles,capacity_floor_pct,commercial_use_allowed,label,source_url,version,page,notes,accessed
consumer R1T,battery pack + drivetrain (MY2022-24 Quad Large),8,175000,70,no - excluded if 'used primarily for business or commercial purposes' (p16),FACT,https://assets.ctfassets.net/2md5qhoeajym/3jyOsY7odpa35j9Yzb0KXK/edc6d556b122b351117b409a9bb8cf8a/r1t_r1s-new-vehicle-limited-warranty-guide-us-en-us-20260813.pdf,"R1T+R1S NVLW Guide, effective 2026-08-13, Document Revision 15",14 (terms); 15 (70% floor); 16 (exclusion),,2026-09-27
consumer R1T,battery pack + drivetrain (MY2022-24 Dual Large/Max; MY2025-26 Large/Max all drivetrains; MY2027 all),8,150000,70,no - excluded if 'used primarily for business or commercial purposes' (p16),FACT,https://assets.ctfassets.net/2md5qhoeajym/3jyOsY7odpa35j9Yzb0KXK/edc6d556b122b351117b409a9bb8cf8a/r1t_r1s-new-vehicle-limited-warranty-guide-us-en-us-20260813.pdf,"R1T+R1S NVLW Guide, effective 2026-08-13, Document Revision 15",14; 15; 16,,2026-09-27
consumer R1T,battery pack + drivetrain (Standard/Standard+),8,120000,70,no - excluded if 'used primarily for business or commercial purposes' (p16),FACT,https://assets.ctfassets.net/2md5qhoeajym/3jyOsY7odpa35j9Yzb0KXK/edc6d556b122b351117b409a9bb8cf8a/r1t_r1s-new-vehicle-limited-warranty-guide-us-en-us-20260813.pdf,"R1T+R1S NVLW Guide, effective 2026-08-13, Document Revision 15",14; 15; 16,,2026-09-27
consumer R1T,comprehensive (MY2022-24 Quad Large),5,60000,n/a,no - excluded if 'used primarily for business or commercial purposes' (p16),FACT,https://assets.ctfassets.net/2md5qhoeajym/3jyOsY7odpa35j9Yzb0KXK/edc6d556b122b351117b409a9bb8cf8a/r1t_r1s-new-vehicle-limited-warranty-guide-us-en-us-20260813.pdf,"R1T+R1S NVLW Guide, effective 2026-08-13, Document Revision 15",14; 16,,2026-09-27
consumer R1T,comprehensive (all other configs),4,50000,n/a,no - excluded if 'used primarily for business or commercial purposes' (p16),FACT,https://assets.ctfassets.net/2md5qhoeajym/3jyOsY7odpa35j9Yzb0KXK/edc6d556b122b351117b409a9bb8cf8a/r1t_r1s-new-vehicle-limited-warranty-guide-us-en-us-20260813.pdf,"R1T+R1S NVLW Guide, effective 2026-08-13, Document Revision 15",14; 16,,2026-09-27
consumer R1T,corrosion (perforation),8,unlimited (none stated),n/a,no - excluded if 'used primarily for business or commercial purposes' (p16),FACT,https://assets.ctfassets.net/2md5qhoeajym/3jyOsY7odpa35j9Yzb0KXK/edc6d556b122b351117b409a9bb8cf8a/r1t_r1s-new-vehicle-limited-warranty-guide-us-en-us-20260813.pdf,"R1T+R1S NVLW Guide, effective 2026-08-13, Document Revision 15",14; 15,'8-year corrosion (perforation) limited warranty'; no mileage stated,2026-09-27
consumer R1T,roadside (complimentary only for warrantable issues during warranty),= NVLW term,= NVLW term,n/a,no - charged 'if a Consumer Vehicle is used primarily for business or commercial purposes',FACT,https://rivian.com/legal/roadside,"Roadside Assistance Terms, last updated 2026-07-16",web page (Coverage; Exclusions and Limitations),,2026-09-27
consumer R1T,used consumer R1T put into primarily-commercial use (any term),UNKNOWN,UNKNOWN,UNKNOWN,guide says NVLW 'does not apply to a vehicle' so used; no partial-coverage or conversion language found,INFERENCE,https://assets.ctfassets.net/2md5qhoeajym/3jyOsY7odpa35j9Yzb0KXK/edc6d556b122b351117b409a9bb8cf8a/r1t_r1s-new-vehicle-limited-warranty-guide-us-en-us-20260813.pdf,"R1T+R1S NVLW Guide, effective 2026-08-13, Document Revision 15",16,INF: treat as 0 coverage for scoring until Rivian confirms in writing,2026-09-27
R1T bought by business (Fleet Sales),drivetrain + battery pack,8,100000,70,yes - no business/commercial-use exclusion in guide (p13-16),FACT,https://assets.rivian.com/2md5qhoeajym/7ru4KaOCgjEP7FfT8QT7jE/ece18b4b636928b05eb06938645890fa/commercial-new-vehicle-limited-warranty-guide-us-en-us-20241231.pdf,"Commercial NVLW Guide, effective 2024-12-31, Document Revision 3",11,applies to R1T per rivian.com/fleet 'Add R1T and R1S to your fleet' + support article 'Rivian fleet vehicles are covered by the Commercial New Vehicle Limited Warranty',2026-09-27
R1T bought by business (Fleet Sales),bumper-to-bumper comprehensive,3,36000,n/a,yes - no business/commercial-use exclusion in guide (p13-16),FACT,https://assets.rivian.com/2md5qhoeajym/7ru4KaOCgjEP7FfT8QT7jE/ece18b4b636928b05eb06938645890fa/commercial-new-vehicle-limited-warranty-guide-us-en-us-20241231.pdf,"Commercial NVLW Guide, effective 2024-12-31, Document Revision 3",11,,2026-09-27
R1T bought by business (Fleet Sales),corrosion (perforation),5,no mileage limit,n/a,yes - no business/commercial-use exclusion in guide (p13-16),FACT,https://assets.rivian.com/2md5qhoeajym/7ru4KaOCgjEP7FfT8QT7jE/ece18b4b636928b05eb06938645890fa/commercial-new-vehicle-limited-warranty-guide-us-en-us-20241231.pdf,"Commercial NVLW Guide, effective 2024-12-31, Document Revision 3",11; 12,,2026-09-27
R1T bought by business (Fleet Sales),occupant active restraint,8,100000,n/a,yes - no business/commercial-use exclusion in guide (p13-16),FACT,https://assets.rivian.com/2md5qhoeajym/7ru4KaOCgjEP7FfT8QT7jE/ece18b4b636928b05eb06938645890fa/commercial-new-vehicle-limited-warranty-guide-us-en-us-20241231.pdf,"Commercial NVLW Guide, effective 2024-12-31, Document Revision 3",11; 12,,2026-09-27
R1T bought by business (Fleet Sales),adjustment,1,12000,n/a,yes - no business/commercial-use exclusion in guide (p13-16),FACT,https://assets.rivian.com/2md5qhoeajym/7ru4KaOCgjEP7FfT8QT7jE/ece18b4b636928b05eb06938645890fa/commercial-new-vehicle-limited-warranty-guide-us-en-us-20241231.pdf,"Commercial NVLW Guide, effective 2024-12-31, Document Revision 3",11; 12,,2026-09-27
R1T bought by business (Fleet Sales),12V battery / surface rust,3,36000,n/a,yes - no business/commercial-use exclusion in guide (p13-16),FACT,https://assets.rivian.com/2md5qhoeajym/7ru4KaOCgjEP7FfT8QT7jE/ece18b4b636928b05eb06938645890fa/commercial-new-vehicle-limited-warranty-guide-us-en-us-20241231.pdf,"Commercial NVLW Guide, effective 2024-12-31, Document Revision 3",13,,2026-09-27
R1T bought by business (Fleet Sales),roadside (complimentary only for warrantable issues during warranty),= CNVLW term,= CNVLW term,n/a,yes ('Commercial Fleet Vehicle'),FACT,https://rivian.com/legal/roadside,"Roadside Assistance Terms, last updated 2026-07-16",web page,,2026-09-27
R1T bought by business (Fleet Sales),upfit condition,n/a,n/a,n/a,"yes, but damage from mods 'not performed by a Rivian Preferred Upfit Partner' not covered",FACT,https://assets.rivian.com/2md5qhoeajym/7ru4KaOCgjEP7FfT8QT7jE/ece18b4b636928b05eb06938645890fa/commercial-new-vehicle-limited-warranty-guide-us-en-us-20241231.pdf,"Commercial NVLW Guide, effective 2024-12-31, Document Revision 3",13,,2026-09-27
Rivian Commercial Van 500/700,powertrain (incl. battery pack),8,100000,70,yes (fleet-only product),FACT,https://assets.ctfassets.net/2md5qhoeajym/5FQcJgfAOa4vDYu9rWwEYO/4de1a8dc14ab58f3f21009c1d3df5fd2/RCV-QuickRef-v17.pdf,"Rivian Commercial Van 500|700 Reference Guide, 2025 MY, v17 (PDF dated 2025-02-12)",6 (terms); floor from Commercial guide p11,70% floor: INFERENCE that the Commercial guide (linked from rivian.com/fleet van page) governs the van; quick ref does not state a floor,2026-09-27
Rivian Commercial Van 500/700,comprehensive,3,36000,n/a,yes (fleet-only product),FACT,https://assets.ctfassets.net/2md5qhoeajym/5FQcJgfAOa4vDYu9rWwEYO/4de1a8dc14ab58f3f21009c1d3df5fd2/RCV-QuickRef-v17.pdf,"Rivian Commercial Van 500|700 Reference Guide, 2025 MY, v17 (PDF dated 2025-02-12)",6,,2026-09-27
Rivian Commercial Van 500/700,corrosion,5,unlimited,n/a,yes (fleet-only product),FACT,https://assets.ctfassets.net/2md5qhoeajym/5FQcJgfAOa4vDYu9rWwEYO/4de1a8dc14ab58f3f21009c1d3df5fd2/RCV-QuickRef-v17.pdf,"Rivian Commercial Van 500|700 Reference Guide, 2025 MY, v17 (PDF dated 2025-02-12)",6,,2026-09-27
Amazon EDV (DSP),EDV NVLW Guide (DSP) - all terms,UNKNOWN,UNKNOWN,UNKNOWN,yes (DSP commercial use),UNKNOWN,https://rivian.com/support/article/electric-delivery-van-new-vehicle-limited-warranty-guide-dsp,"support page; PDF link loads client-side, not retrieved",n/a,"WardsAuto 2025-12-17 says recalled EDVs 'covered under Rivian's 8 year/100,000-mile new vehicle limited warranty' (which component not stated)",2026-09-27
