vehicle_id,model_year,make,model,trim,body,sale_status,status_label,msrp_usd,msrp_label,msrp_source_url,msrp_publish_date,destination_usd,destination_label,destination_source_url,range_mi,range_basis,range_label,payload_lb,payload_label,tow_lb,tow_label,seats,seats_label,usable_kwh,usable_kwh_label,spec_source_urls,fleet_only,accessed,notes
ford_f150_lightning_pro_er1,2025,Ford,F-150 Lightning,Pro (ER1),SuperCrew pickup,DISCONTINUED - no new orders; leftover MY2025 dealer stock only,FACT (ford.com: 'will no longer be available to order in its current form'; Electrek 2025-12-15 production ended; fueleconomy.gov 2026 Ford menu has no Lightning) + INFERENCE (new units = leftover MY2025),UNKNOWN,"UNKNOWN - model removed from ford.com build/price; searched ford.com Lightning page, Ford media; dealer asking prices NOT used",https://www.ford.com/trucks/f150/f150-lightning/,,UNKNOWN,UNKNOWN - ford.com 403/removed,,320,EPA MY2025 (fueleconomy.gov id 48706; trim mapping from EPA model name = INFERENCE),FACT (EPA),"UNKNOWN (MY2022/23 SR up to 2,000; ER as low as 1,800 per data-v2, secondary C&D)",INFERENCE carryover from data-v2 (not MY2025-verified),"7,700 (SR) / 10,000 (ER w/ Max Trailer Tow)",INFERENCE carryover from data-v2 MY2022/23 (C&D secondary),5,INFERENCE (SuperCrew),131,FACT for MY2022/23 per data-v2 (Ford to C&D); INFERENCE carryover to MY2025,https://www.fueleconomy.gov/ws/rest/vehicle/48706 | /workspace/fleetfit/product/replacement-score/data-v2/b_preview_ev_specs.csv | https://www.ford.com/trucks/f150/f150-lightning/ | https://electrek.co/2025/12/15/ford-reveals-new-f-150-lightning-erev-plans-kills-off-ev-version/,N,2026-09-27,"Pro trim was the fleet trim. Ford 56M (as of 2025-08-13) listed 25MY Lightning $2,000 fleet incentive. Do not model as orderable new."
ford_f150_lightning_xlt_flash_lariat_sr,2025,Ford,F-150 Lightning,XLT/Flash/Lariat SR,SuperCrew pickup,DISCONTINUED - no new orders; leftover MY2025 dealer stock only,FACT (ford.com: 'will no longer be available to order in its current form'; Electrek 2025-12-15 production ended; fueleconomy.gov 2026 Ford menu has no Lightning) + INFERENCE (new units = leftover MY2025),UNKNOWN,"UNKNOWN - model removed from ford.com build/price; searched ford.com Lightning page, Ford media; dealer asking prices NOT used",https://www.ford.com/trucks/f150/f150-lightning/,,UNKNOWN,UNKNOWN - ford.com 403/removed,,240,EPA MY2025 (fueleconomy.gov id 48707; trim mapping from EPA model name = INFERENCE),FACT (EPA),"UNKNOWN (MY2022/23 SR up to 2,000; ER as low as 1,800 per data-v2, secondary C&D)",INFERENCE carryover from data-v2 (not MY2025-verified),"7,700",INFERENCE carryover from data-v2 MY2022/23 (C&D secondary),5,INFERENCE (SuperCrew),98,FACT for MY2022/23 per data-v2 (Ford to C&D); INFERENCE carryover to MY2025,https://www.fueleconomy.gov/ws/rest/vehicle/48707 | /workspace/fleetfit/product/replacement-score/data-v2/b_preview_ev_specs.csv | https://www.ford.com/trucks/f150/f150-lightning/ | https://electrek.co/2025/12/15/ford-reveals-new-f-150-lightning-erev-plans-kills-off-ev-version/,N,2026-09-27,"Pro trim was the fleet trim. Ford 56M (as of 2025-08-13) listed 25MY Lightning $2,000 fleet incentive. Do not model as orderable new."
ford_f150_lightning_xlt_flash_lariat_er1,2025,Ford,F-150 Lightning,XLT/Flash/Lariat ER1,SuperCrew pickup,DISCONTINUED - no new orders; leftover MY2025 dealer stock only,FACT (ford.com: 'will no longer be available to order in its current form'; Electrek 2025-12-15 production ended; fueleconomy.gov 2026 Ford menu has no Lightning) + INFERENCE (new units = leftover MY2025),UNKNOWN,"UNKNOWN - model removed from ford.com build/price; searched ford.com Lightning page, Ford media; dealer asking prices NOT used",https://www.ford.com/trucks/f150/f150-lightning/,,UNKNOWN,UNKNOWN - ford.com 403/removed,,320,EPA MY2025 (fueleconomy.gov id 48705; trim mapping from EPA model name = INFERENCE),FACT (EPA),"UNKNOWN (MY2022/23 SR up to 2,000; ER as low as 1,800 per data-v2, secondary C&D)",INFERENCE carryover from data-v2 (not MY2025-verified),"7,700 (SR) / 10,000 (ER w/ Max Trailer Tow)",INFERENCE carryover from data-v2 MY2022/23 (C&D secondary),5,INFERENCE (SuperCrew),131,FACT for MY2022/23 per data-v2 (Ford to C&D); INFERENCE carryover to MY2025,https://www.fueleconomy.gov/ws/rest/vehicle/48705 | /workspace/fleetfit/product/replacement-score/data-v2/b_preview_ev_specs.csv | https://www.ford.com/trucks/f150/f150-lightning/ | https://electrek.co/2025/12/15/ford-reveals-new-f-150-lightning-erev-plans-kills-off-ev-version/,N,2026-09-27,"Pro trim was the fleet trim. Ford 56M (as of 2025-08-13) listed 25MY Lightning $2,000 fleet incentive. Do not model as orderable new."
ford_f150_lightning_er2_lariat_er_w_larger_wheels,2025,Ford,F-150 Lightning,ER2 (Lariat ER w/ larger wheels),SuperCrew pickup,DISCONTINUED - no new orders; leftover MY2025 dealer stock only,FACT (ford.com: 'will no longer be available to order in its current form'; Electrek 2025-12-15 production ended; fueleconomy.gov 2026 Ford menu has no Lightning) + INFERENCE (new units = leftover MY2025),UNKNOWN,"UNKNOWN - model removed from ford.com build/price; searched ford.com Lightning page, Ford media; dealer asking prices NOT used",https://www.ford.com/trucks/f150/f150-lightning/,,UNKNOWN,UNKNOWN - ford.com 403/removed,,300,EPA MY2025 (fueleconomy.gov id 49077; trim mapping from EPA model name = INFERENCE),FACT (EPA),"UNKNOWN (MY2022/23 SR up to 2,000; ER as low as 1,800 per data-v2, secondary C&D)",INFERENCE carryover from data-v2 (not MY2025-verified),"7,700 (SR) / 10,000 (ER w/ Max Trailer Tow)",INFERENCE carryover from data-v2 MY2022/23 (C&D secondary),5,INFERENCE (SuperCrew),131,FACT for MY2022/23 per data-v2 (Ford to C&D); INFERENCE carryover to MY2025,https://www.fueleconomy.gov/ws/rest/vehicle/49077 | /workspace/fleetfit/product/replacement-score/data-v2/b_preview_ev_specs.csv | https://www.ford.com/trucks/f150/f150-lightning/ | https://electrek.co/2025/12/15/ford-reveals-new-f-150-lightning-erev-plans-kills-off-ev-version/,N,2026-09-27,"Pro trim was the fleet trim. Ford 56M (as of 2025-08-13) listed 25MY Lightning $2,000 fleet incentive. Do not model as orderable new."
ford_f150_lightning_platinum,2025,Ford,F-150 Lightning,Platinum,SuperCrew pickup,DISCONTINUED - no new orders; leftover MY2025 dealer stock only,FACT (ford.com: 'will no longer be available to order in its current form'; Electrek 2025-12-15 production ended; fueleconomy.gov 2026 Ford menu has no Lightning) + INFERENCE (new units = leftover MY2025),UNKNOWN,"UNKNOWN - model removed from ford.com build/price; searched ford.com Lightning page, Ford media; dealer asking prices NOT used",https://www.ford.com/trucks/f150/f150-lightning/,,UNKNOWN,UNKNOWN - ford.com 403/removed,,300,EPA MY2025 (fueleconomy.gov id 48708; trim mapping from EPA model name = INFERENCE),FACT (EPA),"UNKNOWN (MY2022/23 SR up to 2,000; ER as low as 1,800 per data-v2, secondary C&D)",INFERENCE carryover from data-v2 (not MY2025-verified),"7,700 (SR) / 10,000 (ER w/ Max Trailer Tow)",INFERENCE carryover from data-v2 MY2022/23 (C&D secondary),5,INFERENCE (SuperCrew),131,FACT for MY2022/23 per data-v2 (Ford to C&D); INFERENCE carryover to MY2025,https://www.fueleconomy.gov/ws/rest/vehicle/48708 | /workspace/fleetfit/product/replacement-score/data-v2/b_preview_ev_specs.csv | https://www.ford.com/trucks/f150/f150-lightning/ | https://electrek.co/2025/12/15/ford-reveals-new-f-150-lightning-erev-plans-kills-off-ev-version/,N,2026-09-27,"Pro trim was the fleet trim. Ford 56M (as of 2025-08-13) listed 25MY Lightning $2,000 fleet incentive. Do not model as orderable new."
ford_etransit_cargo_van_low_roof_148_wb,2026,Ford,E-Transit,Cargo Van Low Roof (148 WB),cargo van,ON SALE (MY2026),FACT (Ford media 'What's New: 2026 Ford Transit'),"53,260","FACT (Ford media: 'Starting MSRP for E-Transit cargo van: $53,260')",https://www.fromtheroad.ford.com/us/en/articles/2026/whats-new-2026-ford-transit,,"2,395",FACT-secondary (iSeeCars; Ford Transit USA forum); ford.com 403,https://www.iseecars.com/car/2026-ford-e__transit-price,159,OEM est (EPA MCT method; not on fueleconomy.gov),FACT-secondary (evseekers/KBB; Ford page blocked),"3,320 (max cargo van)",FACT (Ford media: max payload cargo van),Not rated,FACT as captured from Ford media 2026 article (data-v2 had UNKNOWN; re-verify),2,FACT (Ford media: 2 seats cargo van); INFERENCE for cutaway/chassis cab,89,FACT (Ford media: 89 kWh; Ford states usable),https://www.fromtheroad.ford.com/us/en/articles/2026/whats-new-2026-ford-transit | https://evseekers.com/ford-e-transit-range-and-battery/ | https://www.iseecars.com/car/2026-ford-e__transit-price,N,2026-09-27,RWD. 156-in WB chassis cab/cutaway new for 2026. Ford BEV warranty capacity floor 70% cargo van / 65% cutaway & chassis cab (f_warranty_commercial_use.csv).
ford_etransit_cargo_van_medium_roof,2026,Ford,E-Transit,Cargo Van Medium Roof,cargo van,ON SALE (MY2026),FACT (Ford media 'What's New: 2026 Ford Transit'),"54,475",FACT-secondary (iSeeCars; ford.com 403),https://www.iseecars.com/car/2026-ford-e__transit-price,,"2,395",FACT-secondary (iSeeCars; Ford Transit USA forum); ford.com 403,https://www.iseecars.com/car/2026-ford-e__transit-price,148,OEM est (MCT; CAE-adjusted),FACT-secondary (evseekers),"UNKNOWN (<=3,320)",UNKNOWN trim-specific,Not rated,FACT as captured from Ford media 2026 article (data-v2 had UNKNOWN; re-verify),2,FACT (Ford media: 2 seats cargo van); INFERENCE for cutaway/chassis cab,89,FACT (Ford media: 89 kWh; Ford states usable),https://www.fromtheroad.ford.com/us/en/articles/2026/whats-new-2026-ford-transit | https://evseekers.com/ford-e-transit-range-and-battery/ | https://www.iseecars.com/car/2026-ford-e__transit-price,N,2026-09-27,RWD. 156-in WB chassis cab/cutaway new for 2026. Ford BEV warranty capacity floor 70% cargo van / 65% cutaway & chassis cab (f_warranty_commercial_use.csv).
ford_etransit_cargo_van_high_roof,2026,Ford,E-Transit,Cargo Van High Roof,cargo van,ON SALE (MY2026),FACT (Ford media 'What's New: 2026 Ford Transit'),"55,475",FACT-secondary (iSeeCars),https://www.iseecars.com/car/2026-ford-e__transit-price,,"2,395",FACT-secondary (iSeeCars; Ford Transit USA forum); ford.com 403,https://www.iseecars.com/car/2026-ford-e__transit-price,143,OEM est (MCT; CAE-adjusted),FACT-secondary (evseekers),"UNKNOWN (<=3,320)",UNKNOWN trim-specific,Not rated,FACT as captured from Ford media 2026 article (data-v2 had UNKNOWN; re-verify),2,FACT (Ford media: 2 seats cargo van); INFERENCE for cutaway/chassis cab,89,FACT (Ford media: 89 kWh; Ford states usable),https://www.fromtheroad.ford.com/us/en/articles/2026/whats-new-2026-ford-transit | https://evseekers.com/ford-e-transit-range-and-battery/ | https://www.iseecars.com/car/2026-ford-e__transit-price,N,2026-09-27,RWD. 156-in WB chassis cab/cutaway new for 2026. Ford BEV warranty capacity floor 70% cargo van / 65% cutaway & chassis cab (f_warranty_commercial_use.csv).
ford_etransit_cargo_van_high_roof_extended,2026,Ford,E-Transit,Cargo Van High Roof Extended,cargo van,ON SALE (MY2026),FACT (Ford media 'What's New: 2026 Ford Transit'),"56,675",FACT-secondary (iSeeCars),https://www.iseecars.com/car/2026-ford-e__transit-price,,"2,395",FACT-secondary (iSeeCars; Ford Transit USA forum); ford.com 403,https://www.iseecars.com/car/2026-ford-e__transit-price,142,OEM est (MCT; CAE-adjusted),FACT-secondary (evseekers),"UNKNOWN (<=3,320)",UNKNOWN trim-specific,Not rated,FACT as captured from Ford media 2026 article (data-v2 had UNKNOWN; re-verify),2,FACT (Ford media: 2 seats cargo van); INFERENCE for cutaway/chassis cab,89,FACT (Ford media: 89 kWh; Ford states usable),https://www.fromtheroad.ford.com/us/en/articles/2026/whats-new-2026-ford-transit | https://evseekers.com/ford-e-transit-range-and-battery/ | https://www.iseecars.com/car/2026-ford-e__transit-price,N,2026-09-27,RWD. 156-in WB chassis cab/cutaway new for 2026. Ford BEV warranty capacity floor 70% cargo van / 65% cutaway & chassis cab (f_warranty_commercial_use.csv).
ford_etransit_cutaway_156_wb,2026,Ford,E-Transit,Cutaway 156 WB,cutaway,ON SALE (MY2026),FACT (Ford media 'What's New: 2026 Ford Transit'),"47,450",FACT-secondary (iSeeCars),https://www.iseecars.com/car/2026-ford-e__transit-price,,"2,395",FACT-secondary (iSeeCars; Ford Transit USA forum); ford.com 403,https://www.iseecars.com/car/2026-ford-e__transit-price,UNKNOWN,,UNKNOWN (not found for 156 cutaway),UNKNOWN,UNKNOWN,Not rated,FACT as captured from Ford media 2026 article (data-v2 had UNKNOWN; re-verify),2,FACT (Ford media: 2 seats cargo van); INFERENCE for cutaway/chassis cab,89,FACT (Ford media: 89 kWh; Ford states usable),https://www.fromtheroad.ford.com/us/en/articles/2026/whats-new-2026-ford-transit | https://evseekers.com/ford-e-transit-range-and-battery/ | https://www.iseecars.com/car/2026-ford-e__transit-price,N,2026-09-27,RWD. 156-in WB chassis cab/cutaway new for 2026. Ford BEV warranty capacity floor 70% cargo van / 65% cutaway & chassis cab (f_warranty_commercial_use.csv).
ford_etransit_chassis_cab_156_wb,2026,Ford,E-Transit,Chassis Cab 156 WB,chassis cab,ON SALE (MY2026),FACT (Ford media 'What's New: 2026 Ford Transit'),"48,050",FACT-secondary (iSeeCars),https://www.iseecars.com/car/2026-ford-e__transit-price,,"2,395",FACT-secondary (iSeeCars; Ford Transit USA forum); ford.com 403,https://www.iseecars.com/car/2026-ford-e__transit-price,UNKNOWN,,UNKNOWN,"4,201 (max chassis cab)","FACT (Ford media: max payload 4,201)",Not rated,FACT as captured from Ford media 2026 article (data-v2 had UNKNOWN; re-verify),2,FACT (Ford media: 2 seats cargo van); INFERENCE for cutaway/chassis cab,89,FACT (Ford media: 89 kWh; Ford states usable),https://www.fromtheroad.ford.com/us/en/articles/2026/whats-new-2026-ford-transit | https://evseekers.com/ford-e-transit-range-and-battery/ | https://www.iseecars.com/car/2026-ford-e__transit-price,N,2026-09-27,RWD. 156-in WB chassis cab/cutaway new for 2026. Ford BEV warranty capacity floor 70% cargo van / 65% cutaway & chassis cab (f_warranty_commercial_use.csv).
ford_etransit_cutaway_178_wb,2026,Ford,E-Transit,Cutaway 178 WB,cutaway,ON SALE (MY2026),FACT (Ford media 'What's New: 2026 Ford Transit'),"48,150",FACT-secondary (iSeeCars),https://www.iseecars.com/car/2026-ford-e__transit-price,,"2,395",FACT-secondary (iSeeCars; Ford Transit USA forum); ford.com 403,https://www.iseecars.com/car/2026-ford-e__transit-price,UNKNOWN,,UNKNOWN,UNKNOWN,UNKNOWN,Not rated,FACT as captured from Ford media 2026 article (data-v2 had UNKNOWN; re-verify),2,FACT (Ford media: 2 seats cargo van); INFERENCE for cutaway/chassis cab,89,FACT (Ford media: 89 kWh; Ford states usable),https://www.fromtheroad.ford.com/us/en/articles/2026/whats-new-2026-ford-transit | https://evseekers.com/ford-e-transit-range-and-battery/ | https://www.iseecars.com/car/2026-ford-e__transit-price,N,2026-09-27,RWD. 156-in WB chassis cab/cutaway new for 2026. Ford BEV warranty capacity floor 70% cargo van / 65% cutaway & chassis cab (f_warranty_commercial_use.csv).
ford_etransit_chassis_cab_178_wb,2026,Ford,E-Transit,Chassis Cab 178 WB,chassis cab,ON SALE (MY2026),FACT (Ford media 'What's New: 2026 Ford Transit'),"48,650",FACT-secondary (iSeeCars),https://www.iseecars.com/car/2026-ford-e__transit-price,,"2,395",FACT-secondary (iSeeCars; Ford Transit USA forum); ford.com 403,https://www.iseecars.com/car/2026-ford-e__transit-price,UNKNOWN,,UNKNOWN,"UNKNOWN (<=4,201)",UNKNOWN trim-specific,Not rated,FACT as captured from Ford media 2026 article (data-v2 had UNKNOWN; re-verify),2,FACT (Ford media: 2 seats cargo van); INFERENCE for cutaway/chassis cab,89,FACT (Ford media: 89 kWh; Ford states usable),https://www.fromtheroad.ford.com/us/en/articles/2026/whats-new-2026-ford-transit | https://evseekers.com/ford-e-transit-range-and-battery/ | https://www.iseecars.com/car/2026-ford-e__transit-price,N,2026-09-27,RWD. 156-in WB chassis cab/cutaway new for 2026. Ford BEV warranty capacity floor 70% cargo van / 65% cutaway & chassis cab (f_warranty_commercial_use.csv).
chevy_silverado_ev_wt_4wt,2026,Chevrolet,Silverado EV,WT 4WT (Standard Range),crew cab pickup,ON SALE (MY2026; no MY2027 on Chevy DFC page or fueleconomy.gov),FACT,"52,800",FACT (GM Fleet page 'from'),https://www.gmfleet.com/vehicles/electric-vehicles/chevrolet-silverado-ev,,"2,595","FACT (Chevrolet DFC page, 2026 Silverado EV)",https://www.chevrolet.com/destination-freight-charges,286,EPA id 49642,FACT (EPA),"2,350",FACT (GM Fleet),"8,500",FACT (GM Fleet),5,INFERENCE (crew cab only),UNKNOWN,"UNKNOWN - GM does not publish usable kWh (searched GM Fleet, chevrolet.com, GM Authority)",https://www.gmfleet.com/vehicles/electric-vehicles/chevrolet-silverado-ev | https://www.chevrolet.com/electric/silverado-ev | /workspace/fleetfit/product/replacement-score/data-v2/b_preview_ev_specs.csv,Y,2026-09-27,WT trims are fleet/commercial-order (GM Fleet page; Automotive Addicts secondary).
chevy_silverado_ev_wt_5wt,2026,Chevrolet,Silverado EV,WT 5WT (Extended Range),crew cab pickup,ON SALE (MY2026; no MY2027 on Chevy DFC page or fueleconomy.gov),FACT,"66,200",FACT (GM Fleet page),https://www.gmfleet.com/vehicles/electric-vehicles/chevrolet-silverado-ev,,"2,595","FACT (Chevrolet DFC page, 2026 Silverado EV)",https://www.chevrolet.com/destination-freight-charges,424,EPA id 49638,FACT (EPA),"1,800",FACT (GM Fleet),"12,500",FACT (GM Fleet),5,INFERENCE (crew cab only),UNKNOWN,"UNKNOWN - GM does not publish usable kWh (searched GM Fleet, chevrolet.com, GM Authority)",https://www.gmfleet.com/vehicles/electric-vehicles/chevrolet-silverado-ev | https://www.chevrolet.com/electric/silverado-ev | /workspace/fleetfit/product/replacement-score/data-v2/b_preview_ev_specs.csv,Y,2026-09-27,WT trims are fleet/commercial-order (GM Fleet page; Automotive Addicts secondary).
chevy_silverado_ev_wt_8wt,2026,Chevrolet,Silverado EV,WT 8WT (Max Range),crew cab pickup,ON SALE (MY2026; no MY2027 on Chevy DFC page or fueleconomy.gov),FACT,"74,200",FACT (GM Fleet page),https://www.gmfleet.com/vehicles/electric-vehicles/chevrolet-silverado-ev,,"2,595","FACT (Chevrolet DFC page, 2026 Silverado EV)",https://www.chevrolet.com/destination-freight-charges,493,EPA id 49639,FACT (EPA),"1,400",FACT (GM Fleet),"10,500",FACT (GM Fleet),5,INFERENCE (crew cab only),UNKNOWN,"UNKNOWN - GM does not publish usable kWh (searched GM Fleet, chevrolet.com, GM Authority)",https://www.gmfleet.com/vehicles/electric-vehicles/chevrolet-silverado-ev | https://www.chevrolet.com/electric/silverado-ev | /workspace/fleetfit/product/replacement-score/data-v2/b_preview_ev_specs.csv,Y,2026-09-27,WT trims are fleet/commercial-order (GM Fleet page; Automotive Addicts secondary).
chevy_silverado_ev_custom,2026,Chevrolet,Silverado EV,Custom,crew cab pickup,ON SALE (MY2026; no MY2027 on Chevy DFC page or fueleconomy.gov),FACT,"55,895",FACT (chevrolet.com 'Starting at'),https://www.chevrolet.com/electric/silverado-ev,,"2,595","FACT (Chevrolet DFC page, 2026 Silverado EV)",https://www.chevrolet.com/destination-freight-charges,UNKNOWN,not captured (chevrolet.com: 'up to 478 mi' GM-est is line max),UNKNOWN,UNKNOWN,UNKNOWN,UNKNOWN,UNKNOWN,5,INFERENCE (crew cab only),UNKNOWN,"UNKNOWN - GM does not publish usable kWh (searched GM Fleet, chevrolet.com, GM Authority)",https://www.gmfleet.com/vehicles/electric-vehicles/chevrolet-silverado-ev | https://www.chevrolet.com/electric/silverado-ev | /workspace/fleetfit/product/replacement-score/data-v2/b_preview_ev_specs.csv,N,2026-09-27,Retail trim; RST/other trims not captured.
chevy_silverado_ev_lt,2026,Chevrolet,Silverado EV,LT (Standard / Extended Range),crew cab pickup,ON SALE (MY2026; no MY2027 on Chevy DFC page or fueleconomy.gov),FACT,"69,100",FACT (chevrolet.com 'Starting at'),https://www.chevrolet.com/electric/silverado-ev,,"2,595","FACT (Chevrolet DFC page, 2026 Silverado EV)",https://www.chevrolet.com/destination-freight-charges,283 (SR) / 410 (ER 11 kW) / 385 (ER 19 kW),EPA ids 49643 / 49640 / 49641,FACT (EPA),UNKNOWN,UNKNOWN,UNKNOWN,UNKNOWN,5,INFERENCE (crew cab only),UNKNOWN,"UNKNOWN - GM does not publish usable kWh (searched GM Fleet, chevrolet.com, GM Authority)",https://www.gmfleet.com/vehicles/electric-vehicles/chevrolet-silverado-ev | https://www.chevrolet.com/electric/silverado-ev | /workspace/fleetfit/product/replacement-score/data-v2/b_preview_ev_specs.csv,N,2026-09-27,Retail trim; RST/other trims not captured.
chevy_silverado_ev_trail,2026,Chevrolet,Silverado EV,Trail Boss (Extended Range),crew cab pickup,ON SALE (MY2026; no MY2027 on Chevy DFC page or fueleconomy.gov),FACT,"70,000",FACT (chevrolet.com),https://www.chevrolet.com/electric/silverado-ev,,"2,595","FACT (Chevrolet DFC page, 2026 Silverado EV)",https://www.chevrolet.com/destination-freight-charges,410,EPA-est (GM press via data-v2),FACT,"2,100",FACT (GM press via data-v2),"12,500",FACT (GM press via data-v2),5,INFERENCE (crew cab only),UNKNOWN,"UNKNOWN - GM does not publish usable kWh (searched GM Fleet, chevrolet.com, GM Authority)",https://www.gmfleet.com/vehicles/electric-vehicles/chevrolet-silverado-ev | https://www.chevrolet.com/electric/silverado-ev | /workspace/fleetfit/product/replacement-score/data-v2/b_preview_ev_specs.csv,N,2026-09-27,Retail trim; RST/other trims not captured.
gmc_sierra_ev_elevation_standard,2026,GMC,Sierra EV,Elevation Standard Range,crew cab pickup,ON SALE (MY2026),FACT (gmc.com),"62,400",FACT (gmc.com 'from'),https://www.gmc.com/electric/sierra-ev,,"2,595",FACT (GMC DFC page),https://www.gmc.com/destination-freight-charges,283,EPA id 49660,FACT (EPA),"2,250",FACT-secondary (dealer page via data-v2),"8,500","FACT-secondary (dealer; C&D confirms 12,500 ER) via data-v2",5,INFERENCE (crew cab),UNKNOWN,"UNKNOWN - GM publishes module count only (dealer: 120 kWh SR / 170 kWh ER, gross/usable not stated)",https://www.gmc.com/electric/sierra-ev | /workspace/fleetfit/product/replacement-score/data-v2/b_preview_ev_specs.csv,N,2026-09-27,"GM Fleet NFPP $1,000 (FNS/FNO) with FAN."
gmc_sierra_ev_elevation_extended,2026,GMC,Sierra EV,Elevation Extended Range,crew cab pickup,ON SALE (MY2026),FACT (gmc.com),UNKNOWN,"UNKNOWN - gmc.com shows only Elevation 'from $62,400'",https://www.gmc.com/electric/sierra-ev,,"2,595",FACT (GMC DFC page),https://www.gmc.com/destination-freight-charges,410 (11 kW) / 385 (19 kW),EPA ids 49658 / 49659,FACT (EPA),"1,700",FACT-secondary (dealer page via data-v2),"12,500","FACT-secondary (dealer; C&D confirms 12,500 ER) via data-v2",5,INFERENCE (crew cab),UNKNOWN,"UNKNOWN - GM publishes module count only (dealer: 120 kWh SR / 170 kWh ER, gross/usable not stated)",https://www.gmc.com/electric/sierra-ev | /workspace/fleetfit/product/replacement-score/data-v2/b_preview_ev_specs.csv,N,2026-09-27,"GM Fleet NFPP $1,000 (FNS/FNO) with FAN."
gmc_sierra_ev_at4,2026,GMC,Sierra EV,AT4 (Extended / Max Range),crew cab pickup,ON SALE (MY2026),FACT (gmc.com),"79,300",FACT (gmc.com),https://www.gmc.com/electric/sierra-ev,,"2,595",FACT (GMC DFC page),https://www.gmc.com/destination-freight-charges,"390 (ER, GM-est) / 478 (Max, GM-est)",GM estimate,FACT (GM est),UNKNOWN,UNKNOWN,UNKNOWN,UNKNOWN,5,INFERENCE (crew cab),UNKNOWN,"UNKNOWN - GM publishes module count only (dealer: 120 kWh SR / 170 kWh ER, gross/usable not stated)",https://www.gmc.com/electric/sierra-ev | /workspace/fleetfit/product/replacement-score/data-v2/b_preview_ev_specs.csv,N,2026-09-27,"GM Fleet NFPP $1,000 (FNS/FNO) with FAN."
gmc_sierra_ev_denali,2026,GMC,Sierra EV,Denali (SR / ER / Max Range),crew cab pickup,ON SALE (MY2026),FACT (gmc.com),"69,700",FACT (gmc.com 'from'),https://www.gmc.com/electric/sierra-ev,,"2,595",FACT (GMC DFC page),https://www.gmc.com/destination-freight-charges,283 (SR) / 410 (ER) / 478 (Max),EPA (SR/ER) / GM-est (Max),FACT,UNKNOWN,UNKNOWN,UNKNOWN,UNKNOWN,5,INFERENCE (crew cab),UNKNOWN,"UNKNOWN - GM publishes module count only (dealer: 120 kWh SR / 170 kWh ER, gross/usable not stated)",https://www.gmc.com/electric/sierra-ev | /workspace/fleetfit/product/replacement-score/data-v2/b_preview_ev_specs.csv,N,2026-09-27,"GM Fleet NFPP $1,000 (FNS/FNO) with FAN."
gmc_hummer_ev_pickup_2x,2026,GMC,HUMMER EV Pickup,2X,crew cab pickup,ON SALE (MY2026),FACT (gmc.com),"97,200",FACT (gmc.com),https://www.gmc.com/electric/hummer-ev/pickup,,"2,695",FACT (GMC DFC page),https://www.gmc.com/destination-freight-charges,316,GM estimate (3X 24-module up to 363),FACT (GM est),UNKNOWN,UNKNOWN,UNKNOWN,"UNKNOWN (MY2023 3X 7,500-8,500 per data-v2; not verified)",5,INFERENCE,UNKNOWN,UNKNOWN,https://www.gmc.com/electric/hummer-ev/pickup,N,2026-09-27,Low relevance for small work fleets; included for completeness.
chevy_brightdrop_400,2025,Chevrolet,BrightDrop 400,400 FWD,cargo van,PRODUCTION ENDED - leftover MY2025 dealer stock only,FACT (CBC 2025-10-21: GM ending BrightDrop at CAMI) + INFERENCE (stock only); no 2026 BrightDrop on Chevy DFC page,"67,925","FACT (chevrolet.com: MSRP $67,925 minus $28,000 cash = $39,925)",https://www.chevrolet.com/commercial/brightdrop,,"3,325","FACT (Chevrolet DFC page, 2025 BrightDrop)",https://www.chevrolet.com/destination-freight-charges,up to 272,GM estimate (AWD Max Range; 600 FWD SR 166 per data-v2),FACT (GM est),"3,710 (max, 11,000 GVWR)",FACT (chevrolet.com),UNKNOWN,UNKNOWN (not published),1,INFERENCE (driver-only cab),UNKNOWN,UNKNOWN (secondary 102.4/173.3 kWh unverified),https://www.chevrolet.com/commercial/brightdrop | /workspace/fleetfit/product/replacement-score/data-v2/b_preview_ev_specs.csv | /workspace/vinnotdiesel/vans/NEW-FLEET-EV-VANS.md,N (sold via Chevy Business Elite dealers),2026-09-27,"$28,000 Chevy cash offer as of 2026-09-27 (FACT, chevrolet.com). GM Fleet NFPP $1,000; Business Choice $500."
chevy_brightdrop_600,2025,Chevrolet,BrightDrop 600,600 (FWD/AWD),cargo van,PRODUCTION ENDED - leftover MY2025 dealer stock only,FACT (CBC 2025-10-21: GM ending BrightDrop at CAMI) + INFERENCE (stock only); no 2026 BrightDrop on Chevy DFC page,UNKNOWN,"UNKNOWN MSRP - page shows only 'starting at $41,425 after cash offers' (not MSRP)",https://www.chevrolet.com/commercial/brightdrop,,"3,325","FACT (Chevrolet DFC page, 2025 BrightDrop)",https://www.chevrolet.com/destination-freight-charges,up to 272,GM estimate (AWD Max Range; 600 FWD SR 166 per data-v2),FACT (GM est),"3,350 (max, 11,000 GVWR)",FACT (chevrolet.com),UNKNOWN,UNKNOWN (not published),1,INFERENCE (driver-only cab),UNKNOWN,UNKNOWN (secondary 102.4/173.3 kWh unverified),https://www.chevrolet.com/commercial/brightdrop | /workspace/fleetfit/product/replacement-score/data-v2/b_preview_ev_specs.csv | /workspace/vinnotdiesel/vans/NEW-FLEET-EV-VANS.md,N (sold via Chevy Business Elite dealers),2026-09-27,"$28,000 Chevy cash offer as of 2026-09-27 (FACT, chevrolet.com). GM Fleet NFPP $1,000; Business Choice $500."
ram_promaster_ev_tradesman,2026,Ram,ProMaster EV,Tradesman Cargo Van,cargo van,ON SALE (MY2026),FACT (ramtrucks.com 2026 page; stellantisfleet.com),UNKNOWN,"UNKNOWN - Ram price loads client-side; searched ramtrucks.com, stellantisfleet.com, C&D (estimate only), Driving.ca (Canadian CAD only)",https://www.ramtrucks.com/electric/2026/ram-promaster-ev.html,,UNKNOWN,"UNKNOWN for 2026 (a 2024 ProMaster EV window sticker showed $1,995 = INFERENCE only)",,164,"Ram OEM est, combined city/hwy, cargo van (fleet page: city up to 161)",FACT (OEM est),"3,170 (ramtrucks.com) / 3,161 (stellantisfleet.com)",FACT - CONFLICT between two OEM pages,Not rated,INFERENCE (OEM pages list no tow rating; C&D secondary 'not rated'),2,INFERENCE,UNKNOWN,UNKNOWN - OEM states 110 kWh pack only (C&D secondary 97.0 kWh),https://www.ramtrucks.com/electric/2026/ram-promaster-ev.html | https://www.stellantisfleet.com/ramtrucks/promaster-ev.html,N,2026-09-27,200 kW / 302 lb-ft. Not on fueleconomy.gov.
ram_promaster_ev_slt,2026,Ram,ProMaster EV,SLT Cargo Van,cargo van,ON SALE (MY2026),FACT (ramtrucks.com 2026 page; stellantisfleet.com),UNKNOWN,"UNKNOWN - Ram price loads client-side; searched ramtrucks.com, stellantisfleet.com, C&D (estimate only), Driving.ca (Canadian CAD only)",https://www.ramtrucks.com/electric/2026/ram-promaster-ev.html,,UNKNOWN,"UNKNOWN for 2026 (a 2024 ProMaster EV window sticker showed $1,995 = INFERENCE only)",,164,"Ram OEM est, combined city/hwy, cargo van (fleet page: city up to 161)",FACT (OEM est),"3,170 (ramtrucks.com) / 3,161 (stellantisfleet.com)",FACT - CONFLICT between two OEM pages,Not rated,INFERENCE (OEM pages list no tow rating; C&D secondary 'not rated'),2,INFERENCE,UNKNOWN,UNKNOWN - OEM states 110 kWh pack only (C&D secondary 97.0 kWh),https://www.ramtrucks.com/electric/2026/ram-promaster-ev.html | https://www.stellantisfleet.com/ramtrucks/promaster-ev.html,N,2026-09-27,200 kW / 302 lb-ft. Not on fueleconomy.gov.
ram_promaster_ev_sltplus,2026,Ram,ProMaster EV,SLT+ Cargo Van,cargo van,ON SALE (MY2026),FACT (ramtrucks.com 2026 page; stellantisfleet.com),UNKNOWN,"UNKNOWN - Ram price loads client-side; searched ramtrucks.com, stellantisfleet.com, C&D (estimate only), Driving.ca (Canadian CAD only)",https://www.ramtrucks.com/electric/2026/ram-promaster-ev.html,,UNKNOWN,"UNKNOWN for 2026 (a 2024 ProMaster EV window sticker showed $1,995 = INFERENCE only)",,164,"Ram OEM est, combined city/hwy, cargo van (fleet page: city up to 161)",FACT (OEM est),"3,170 (ramtrucks.com) / 3,161 (stellantisfleet.com)",FACT - CONFLICT between two OEM pages,Not rated,INFERENCE (OEM pages list no tow rating; C&D secondary 'not rated'),2,INFERENCE,UNKNOWN,UNKNOWN - OEM states 110 kWh pack only (C&D secondary 97.0 kWh),https://www.ramtrucks.com/electric/2026/ram-promaster-ev.html | https://www.stellantisfleet.com/ramtrucks/promaster-ev.html,N,2026-09-27,200 kW / 302 lb-ft. Not on fueleconomy.gov.
rivian_r1t_premium,2027,Rivian,R1T,Premium (standard pack),crew cab pickup,ON SALE (MY2027; announced 2026-08-13),FACT (Rivian story 2026-08-13),"79,990",FACT (rivian.com/r1t 'from'),https://rivian.com/r1t,,"1,895","FACT (rivian.com lease disclosure: 'Vehicle price includes $1,895 destination fee')",https://rivian.com/r1t,300 (20in) / 329 (22in) / 289 (20in AT) — EPA ids 50681/50682/50680,EPA MY2027,FACT (EPA),"1,984 (Standard pack, MY2025)",INFERENCE (MY2025 Rivian support pages; pack mapping to 2027 trims inferred),UNKNOWN (Standard pack; MY2025 support page not captured),INFERENCE (Rivian says towing carries over; MY2025 figure),5,INFERENCE (not re-verified today),92.5,INFERENCE (MY2025 usable figures; 2027 pack mapping inferred),https://rivian.com/r1t | https://rivian.com/stories/2027-r1s-r1t-updates | https://www.fueleconomy.gov/ws/rest/vehicle/menu/model?year=2027&make=Rivian,N,2026-09-27,"Buy via Rivian Fleet Sales to get Commercial warranty (8/100k battery, 3/36 comprehensive); retail purchase = consumer warranty that excludes primarily-business use."
rivian_r1t_premium_lr,2027,Rivian,R1T,Premium Long Range,crew cab pickup,ON SALE (MY2027; announced 2026-08-13),FACT (Rivian story 2026-08-13),UNKNOWN,UNKNOWN - option price over Premium base not captured,https://rivian.com/r1t,,"1,895","FACT (rivian.com lease disclosure: 'Vehicle price includes $1,895 destination fee')",https://rivian.com/r1t,380 (20in) / 420 (22in) / 370 (AT) — EPA ids 50684/50685/50683,EPA MY2027,FACT (EPA),"1,764-2,172 (pack-dependent)",INFERENCE (MY2025 Rivian support pages; pack mapping to 2027 trims inferred),"11,000 (Max pack, MY2025)",INFERENCE (Rivian says towing carries over; MY2025 figure),5,INFERENCE (not re-verified today),"140 (Max pack, INFERENCE mapping)",INFERENCE (MY2025 usable figures; 2027 pack mapping inferred),https://rivian.com/r1t | https://rivian.com/stories/2027-r1s-r1t-updates | https://www.fueleconomy.gov/ws/rest/vehicle/menu/model?year=2027&make=Rivian,N,2026-09-27,"Buy via Rivian Fleet Sales to get Commercial warranty (8/100k battery, 3/36 comprehensive); retail purchase = consumer warranty that excludes primarily-business use."
rivian_r1t_performance,2027,Rivian,R1T,Performance (dual motor),crew cab pickup,ON SALE (MY2027; announced 2026-08-13),FACT (Rivian story 2026-08-13),"100,990",FACT (rivian.com/r1t),https://rivian.com/r1t,,"1,895","FACT (rivian.com lease disclosure: 'Vehicle price includes $1,895 destination fee')",https://rivian.com/r1t,348 (20in) / 371 (22in) / 329 (AT) — EPA ids 50678/50679/50677,EPA MY2027,FACT (EPA),UNKNOWN,INFERENCE (MY2025 Rivian support pages; pack mapping to 2027 trims inferred),"11,000 (MY2025 max)",INFERENCE (Rivian says towing carries over; MY2025 figure),5,INFERENCE (not re-verified today),UNKNOWN,INFERENCE (MY2025 usable figures; 2027 pack mapping inferred),https://rivian.com/r1t | https://rivian.com/stories/2027-r1s-r1t-updates | https://www.fueleconomy.gov/ws/rest/vehicle/menu/model?year=2027&make=Rivian,N,2026-09-27,"Buy via Rivian Fleet Sales to get Commercial warranty (8/100k battery, 3/36 comprehensive); retail purchase = consumer warranty that excludes primarily-business use."
rivian_r1t_quad,2027,Rivian,R1T,Quad,crew cab pickup,ON SALE (MY2027; announced 2026-08-13),FACT (Rivian story 2026-08-13),"115,990",FACT (rivian.com/r1t),https://rivian.com/r1t,,"1,895","FACT (rivian.com lease disclosure: 'Vehicle price includes $1,895 destination fee')",https://rivian.com/r1t,374 (22in) / 325 (AT) / 338 (22in UHP) — EPA ids 50688/50686/50687,EPA MY2027,FACT (EPA),UNKNOWN,INFERENCE (MY2025 Rivian support pages; pack mapping to 2027 trims inferred),"11,000 (MY2025 max)",INFERENCE (Rivian says towing carries over; MY2025 figure),5,INFERENCE (not re-verified today),UNKNOWN,INFERENCE (MY2025 usable figures; 2027 pack mapping inferred),https://rivian.com/r1t | https://rivian.com/stories/2027-r1s-r1t-updates | https://www.fueleconomy.gov/ws/rest/vehicle/menu/model?year=2027&make=Rivian,N,2026-09-27,"Buy via Rivian Fleet Sales to get Commercial warranty (8/100k battery, 3/36 comprehensive); retail purchase = consumer warranty that excludes primarily-business use."
rivian_rcv_500,2025/2026 (MY on fleet page not stated),Rivian,Commercial Van,Delivery 500 (487 cu ft),cargo van,"ON SALE to fleets of any size (fleet-only, no personal-use sales)",FACT (rivian.com/fleet; Rivian newsroom 2025-02-10 'whether they want 1 van or thousands'),"79,900","FACT (rivian.com/fleet 'Starting at $79,900*')",https://rivian.com/fleet,,UNKNOWN,UNKNOWN - not shown on rivian.com/fleet or 2025 RCV reference guide,,161,Rivian estimate (not EPA),FACT (OEM est),"2,663",FACT (rivian.com/fleet),UNKNOWN,UNKNOWN (not published),1,INFERENCE (driver seat; passenger seat optional per secondary),UNKNOWN (100 kWh LFP pack stated),FACT pack size (2025 RCV reference guide); usable UNKNOWN,https://rivian.com/fleet | https://rivian.com/newsroom/article/rivian-opens-sales-of-the-rivian-commercial-van-to-fleets-of-all-sizes-in-the-us | /workspace/fleetfit/product/replacement-score/RIVIAN-COMMERCIAL-WARRANTY-2026-09-27.md,Y,2026-09-27,"GVWR 9,500 lb; FWD. Min order 1 van (Rivian). Order via 'Start an Order' on rivian.com/fleet (not used)."
rivian_rcv_700,2025/2026 (MY on fleet page not stated),Rivian,Commercial Van,Delivery 700 (652 cu ft),cargo van,"ON SALE to fleets of any size (fleet-only, no personal-use sales)",FACT (rivian.com/fleet; Rivian newsroom 2025-02-10 'whether they want 1 van or thousands'),"83,900","FACT (rivian.com/fleet 'Starting at $83,900*')",https://rivian.com/fleet,,UNKNOWN,UNKNOWN - not shown on rivian.com/fleet or 2025 RCV reference guide,,160,Rivian estimate (not EPA),FACT (OEM est),"2,258",FACT (rivian.com/fleet),UNKNOWN,UNKNOWN (not published),1,INFERENCE (driver seat; passenger seat optional per secondary),UNKNOWN (100 kWh LFP pack stated),FACT pack size (2025 RCV reference guide); usable UNKNOWN,https://rivian.com/fleet | https://rivian.com/newsroom/article/rivian-opens-sales-of-the-rivian-commercial-van-to-fleets-of-all-sizes-in-the-us | /workspace/fleetfit/product/replacement-score/RIVIAN-COMMERCIAL-WARRANTY-2026-09-27.md,Y,2026-09-27,"GVWR 9,500 lb; FWD. Min order 1 van (Rivian). Order via 'Start an Order' on rivian.com/fleet (not used)."
tesla_cybertruck_dual,2026,Tesla,Cybertruck,Dual Motor AWD,crew cab pickup,ON SALE (MY2026),FACT (EPA 2026 listings; price change reported 2026-08-25),"74,990","FACT-secondary (WeTalkTesla 2026-08-25, also TeslaNorth/electrive; tesla.com 403 to fetch tools)",https://wetalktesla.com/2026/08/25/tesla-cybertruck-prices-five-thousand-six-months/,2026-08-25,"1,995 (+ $250 order fee)",FACT-secondary (search synthesis; tesla.com 403) - verify in configurator,https://www.tesla.com/cybertruck,325,EPA 2026 'Cybertruck Dual Motor AWD' id 50460,FACT (EPA),"2,500",INFERENCE (C&D MY2024 AWD figure carried over),"11,000","INFERENCE (MY2024 C&D; Tesla 'up to 11,000')",5,INFERENCE,UNKNOWN,"UNKNOWN (C&D: 123 kWh capacity, gross/usable not stated)",https://www.fueleconomy.gov/ws/rest/vehicle/50460 | https://www.fueleconomy.gov/ws/rest/vehicle/50039 | https://wetalktesla.com/2026/08/25/tesla-cybertruck-prices-five-thousand-six-months/ | /workspace/fleetfit/product/replacement-score/data-v2/b_preview_ev_specs.csv,N,2026-09-27,EPA 2026 also lists 'Cybertruck Long Range (20in Cyber wheels)' 335 mi id 50249 - no matching current price found (INFERENCE: discontinued RWD/LR config).
tesla_cybertruck_premium,2026,Tesla,Cybertruck,Premium AWD,crew cab pickup,ON SALE (MY2026),FACT (EPA 2026 listings; price change reported 2026-08-25),"84,990","FACT-secondary (WeTalkTesla 2026-08-25, also TeslaNorth/electrive; tesla.com 403 to fetch tools)",https://wetalktesla.com/2026/08/25/tesla-cybertruck-prices-five-thousand-six-months/,2026-08-25,"1,995 (+ $250 order fee)",FACT-secondary (search synthesis; tesla.com 403) - verify in configurator,https://www.tesla.com/cybertruck,325 (INFERENCE mapping),EPA 2026 'Cybertruck AWD' id 50039; mapping to Premium = INFERENCE,INFERENCE/FACT-secondary,"2,500",INFERENCE (C&D MY2024 AWD figure carried over),"11,000","INFERENCE (MY2024 C&D; Tesla 'up to 11,000')",5,INFERENCE,UNKNOWN,"UNKNOWN (C&D: 123 kWh capacity, gross/usable not stated)",https://www.fueleconomy.gov/ws/rest/vehicle/50460 | https://www.fueleconomy.gov/ws/rest/vehicle/50039 | https://wetalktesla.com/2026/08/25/tesla-cybertruck-prices-five-thousand-six-months/ | /workspace/fleetfit/product/replacement-score/data-v2/b_preview_ev_specs.csv,N,2026-09-27,EPA 2026 also lists 'Cybertruck Long Range (20in Cyber wheels)' 335 mi id 50249 - no matching current price found (INFERENCE: discontinued RWD/LR config).
tesla_cybertruck_cyberbeast,2026,Tesla,Cybertruck,Cyberbeast (tri motor),crew cab pickup,ON SALE (MY2026),FACT (EPA 2026 listings; price change reported 2026-08-25),"99,990","FACT-secondary (WeTalkTesla 2026-08-25, also TeslaNorth/electrive; tesla.com 403 to fetch tools)",https://wetalktesla.com/2026/08/25/tesla-cybertruck-prices-five-thousand-six-months/,2026-08-25,"1,995 (+ $250 order fee)",FACT-secondary (search synthesis; tesla.com 403) - verify in configurator,https://www.tesla.com/cybertruck,320,Tesla estimate (per WeTalkTesla citing Tesla page),INFERENCE/FACT-secondary,"2,500",INFERENCE (C&D MY2024 AWD figure carried over),"11,000","INFERENCE (MY2024 C&D; Tesla 'up to 11,000')",5,INFERENCE,UNKNOWN,"UNKNOWN (C&D: 123 kWh capacity, gross/usable not stated)",https://www.fueleconomy.gov/ws/rest/vehicle/50460 | https://www.fueleconomy.gov/ws/rest/vehicle/50039 | https://wetalktesla.com/2026/08/25/tesla-cybertruck-prices-five-thousand-six-months/ | /workspace/fleetfit/product/replacement-score/data-v2/b_preview_ev_specs.csv,N,2026-09-27,EPA 2026 also lists 'Cybertruck Long Range (20in Cyber wheels)' 335 mi id 50249 - no matching current price found (INFERENCE: discontinued RWD/LR config).
mb_esprinter_81,2026,Mercedes-Benz,eSprinter,Cargo Van 81 kWh (144/170 WB),cargo van,ON SALE (buildable on mbvans.com),FACT (mbvans.com); MY2026 = INFERENCE from MY2026 warranty booklet (created 2026-03-02),"52,700","FACT (mbvans.com: 'eSprinter Cargo Van Starting at $52,700'); config not stated - INFERENCE base = 81 kWh",https://www.mbvans.com/en/esprinter,,UNKNOWN,UNKNOWN - not on mbvans.com eSprinter page,,150,"Mercedes 'Maximum Range' (OEM est, not EPA)",FACT (OEM est),UNKNOWN,UNKNOWN - not on mbvans.com key specs,UNKNOWN,"UNKNOWN (GCWR 11,023 lb / GVWR 9,370 lb on OEM page)",2,INFERENCE,81,FACT (mbvans.com 'Battery Capacity (Usable)'),https://www.mbvans.com/en/esprinter,N,2026-09-27,RWD; 100 kW or 150 kW motor.
mb_esprinter_113,2026,Mercedes-Benz,eSprinter,Cargo Van 113 kWh (144/170 WB),cargo van,ON SALE (buildable on mbvans.com),FACT (mbvans.com); MY2026 = INFERENCE from MY2026 warranty booklet (created 2026-03-02),UNKNOWN,UNKNOWN - 113 kWh price not shown on landing page; build tool not scraped,https://www.mbvans.com/en/esprinter,,UNKNOWN,UNKNOWN - not on mbvans.com eSprinter page,,206,"Mercedes 'Maximum Range' (OEM est, not EPA)",FACT (OEM est),UNKNOWN,UNKNOWN - not on mbvans.com key specs,UNKNOWN,"UNKNOWN (GCWR 11,023 lb / GVWR 9,370 lb on OEM page)",2,INFERENCE,113,FACT (mbvans.com 'Battery Capacity (Usable)'),https://www.mbvans.com/en/esprinter,N,2026-09-27,RWD; 100 kW or 150 kW motor.
