make,model,build_configure_url,inventory_url_zip_32960,inventory_url_label,fleet_url,status_page_url,label,accessed,notes
Ford,F-150 Lightning,n/a (removed),https://www.ford.com/inventory/f150-lightning/results?zipcode=32960,INFERENCE (URL pattern; ford.com blocks bots),https://www.fordpro.com/en-us/service/warranty/,https://www.ford.com/trucks/f150/f150-lightning/,FACT status page,2026-09-27,Leftover stock only
Ford,E-Transit,https://www.ford.com/commercial-trucks/e-transit/models/,https://www.ford.com/inventory/e-transit/results?zipcode=32960,INFERENCE (URL pattern; 403),https://www.fordpro.com/en-us/resources/fleet-identification-number/create-new,https://www.fromtheroad.ford.com/us/en/articles/2026/whats-new-2026-ford-transit,build=INFERENCE (403),2026-09-27,
Chevrolet,Silverado EV,https://www.chevrolet.com/electric/silverado-ev/build-and-price,https://www.chevrolet.com/shopping/inventory/search/silverado-ev/2026?zipCode=32960,INFERENCE (URL pattern),https://www.gmfleet.com/vehicles/electric-vehicles/chevrolet-silverado-ev,https://www.chevrolet.com/electric/silverado-ev,build=INFERENCE pattern,2026-09-27,WT trims: GM Fleet / Business Elite dealer
Chevrolet,BrightDrop 400/600,https://www.chevrolet.com/commercial/brightdrop,https://www.chevrolet.com/shopping/inventory/search/brightdrop/2025?zipCode=32960,INFERENCE (URL pattern),https://www.gmfleet.com/offers-and-discounts,https://www.cbc.ca/lite/story/9.6946611,FACT page / INFERENCE inventory,2026-09-27,
GMC,Sierra EV,https://www.gmc.com/electric/sierra-ev/build-and-price,https://www.gmc.com/shopping/inventory/search/sierra-ev/2026?zipCode=32960,INFERENCE (URL pattern),https://www.gmfleet.com/offers-and-discounts,https://www.gmc.com/electric/sierra-ev,INFERENCE pattern,2026-09-27,
GMC,HUMMER EV Pickup,https://www.gmc.com/electric/hummer-ev/pickup/build-and-price,https://www.gmc.com/shopping/inventory/search/hummer-ev-pickup/2026?zipCode=32960,INFERENCE (URL pattern),https://www.gmfleet.com/offers-and-discounts,https://www.gmc.com/electric/hummer-ev/pickup,INFERENCE pattern,2026-09-27,
Ram,ProMaster EV,https://www.ramtrucks.com/bmo.html#/models/2026/promaster_ev,https://www.ramtrucks.com/new-inventory.html?modelYearCode=IUT202606&zip=32960,INFERENCE (URL pattern; model code guessed),https://www.stellantisfleet.com/ramtrucks/promaster-ev.html,https://www.ramtrucks.com/electric/2026/ram-promaster-ev.html,INFERENCE pattern,2026-09-27,Fallback: ramtrucks.com/new-inventory.html then enter 32960
Rivian,R1T,https://rivian.com/configurations/r1t,https://rivian.com/r1t/inventory,INFERENCE (Rivian direct-sales inventory; no zip param known),https://rivian.com/fleet,https://rivian.com/stories/2027-r1s-r1t-updates,INFERENCE pattern,2026-09-27,Rivian service/sales: nearest FL locations not checked
Rivian,Commercial Van,https://rivian.com/fleet ('Start an Order' - not used),n/a (fleet order only),FACT (no public inventory),https://rivian.com/fleet,https://rivian.com/newsroom/article/rivian-opens-sales-of-the-rivian-commercial-van-to-fleets-of-all-sizes-in-the-us,FACT,2026-09-27,
Tesla,Cybertruck,https://www.tesla.com/cybertruck/design,https://www.tesla.com/inventory/new/ct?zip=32960,INFERENCE (URL pattern; tesla.com 403),https://www.tesla.com/fleet,https://wetalktesla.com/2026/08/25/tesla-cybertruck-prices-five-thousand-six-months/,INFERENCE pattern,2026-09-27,
Mercedes-Benz,eSprinter,https://www.mbvans.com/en/build/esprinter,https://www.mbvans.com/en/inventory?zip=32960&model=esprinter,INFERENCE (URL pattern),https://www.mbvans.com/en/fleet-solutions,https://www.mbvans.com/en/esprinter,page FACT; build/inventory INFERENCE,2026-09-27,
Excluded,Kia PV5 / Ford E-Transit Custom,n/a,n/a,,,https://www.caranddriver.com/news/a70235391/kia-pv5-ev-van-us-spied/ | https://en.wikipedia.org/wiki/Ford_Transit_Custom,FACT-secondary (not sold in US),2026-09-27,
Excluded (medium-duty),Harbinger stripped chassis (Class 4-6),https://harbingermotors.com/,n/a,,,https://chargedevs.com/features/harbingers-plan-to-conquer-an-underserved-segment-of-the-electric-truck-market/,FACT-secondary (orderable; from ~$103k; outside light-duty scope),2026-09-27,
