trade,attribute,value,label,source_url,source_published,note,accessed
All trades (class-level),daily_mi,"74 mi/day average for US commercial vans (Ford Pro Telematics, >2.5M trips / 30M mi)","FACT (class-level, not trade-specific)",https://www.fromtheroad.ford.com/us/en/articles/2024/ford-pro-marks-10-years-of-u-s--transit-by-bolstering-e-transit,2024,,2026-09-27
All trades (class-level),ev_suitability,"EVs more suitable for Door-to-Door, Hub-and-Spoke and Local vocations; ~half of those vehicles could save money electrifying",FACT (Geotab report),https://www.geotab.com/CMS-GeneralFiles-production/NA/ebooks/Taking_Charge/taking-charge-report-ebook-2024-1244275079-geotab-web-EN-EN-final-Mar24-AODA-web.pdf,2024-03,,2026-09-27
All trades (class-level),daily_mi,"NREL Fleet DNA service vans: 4 vehicles, 29 vehicle-days, 951.3 mi total (~32.8 mi/vehicle-day by division)",INF (tiny sample; division is ours),https://www.nlr.gov/media/docs/libraries/transportation/fleet_dna_service_vans_report.pdf,2014-08-18 (generated),trade not specified,2026-09-27
Electrical,daily_mi,"No electrician-specific telematics study found; one electrical contractor (Fize Electrique, Quebec) reports ~25,000 km (15,534 mi)/yr per E-Transit, ~100 km (62 mi)/day",FACT (single fleet),https://www.worktruckonline.com/news/ford-pro-e-telematics-helps-fleet-track-e-transit-efficiency,not captured,use Ford 74 mi/day class-level as fallback,2026-09-27
Electrical,payload,"Adrian Steel Electrical Contractor interior pkg 4319TL148 (Transit low roof 148""): 401.03 lb",FACT (upfit weight only),https://industrialladder.com/adrian-steel-4319tl148-electrical-contractor-package-ford-transit-low-roof-148-wb/,,,2026-09-27
Electrical,payload,"Adrian Steel ELE-FTMR148B electrical pkg (Transit mid roof 148""): 542.73 lb",FACT (upfit weight only),https://industrialladder.com/Adrian-ELE-FTMR148B-Electrical-Package-FTM148/,,,2026-09-27
Electrical,payload,Loaded working payload (upfit + wire + parts + ladders),UNKNOWN,,,searched: electrician van loaded weight / payload study,2026-09-27
Electrical,body,"Share of electrical contracting firms with each vehicle type in fleet (2024, n=195): vans/panel trucks 62%; pickups (3/4 ton or less) 61%; medium/heavy trucks 36%; any vehicle 83%. Firms 10+ employees: vans 74%, pickups 78%",FACT (EC&M Profile survey),https://www.ecmag.com/docs/default-source/profile-reports/profile-topic-specific-reports/ec_2024_profile_breakout-report_vehicles.pdf,2025-01,,2026-09-27
Electrical,fleet_size,Average 8.6 vehicles per firm (2024); 10% considering EV/hybrid purchase in next 1-3 yrs (down from 28% in 2022),FACT,https://www.ecmag.com/docs/default-source/profile-reports/profile-topic-specific-reports/ec_2024_profile_breakout-report_vehicles.pdf,2025-01,,2026-09-27
Electrical,crew,"""Many electricians work alone, but sometimes they collaborate with others."" ""Electricians employed by large companies are likely to work as part of a crew, directing helpers and apprentices""",FACT (BLS OOH),https://www.bls.gov/ooh/construction-and-extraction/electricians.htm,2026-08-27 (last modified),crew per vehicle typical 1-2 = INF,2026-09-27
Electrical,tow,Trailer/tow frequency for electricians,UNKNOWN,,,searched: electrician trailer towing survey; none found,2026-09-27
Electrical,upfits,"Adrian 4319TL148 contents: 3 shelf units, partition with door, wire reel holder, drawer units, divider kit, hook bar",FACT,https://industrialladder.com/adrian-steel-4319tl148-electrical-contractor-package-ford-transit-low-roof-148-wb/,,,2026-09-27
Electrical,upfits,Ranger Design: combination ladder rack (step + extension ladder + transport tube for materials); drop-down ladder rack for high roofs; wire reel holders; transport tube kits for conduit,FACT,https://rangerdesign.com/trades/electrician-van-shelving/,,,2026-09-27
Electrical,upfits,Knapheide lists Electrical Van Interior Packages (Transit/Express/ProMaster/Sprinter) and KUV bodies with conduit chute,FACT,https://www.knapheide.com/industries/skilled-trades,,,2026-09-27
HVAC,daily_mi,Azuga study of HVAC fleets with 10+ vehicles: average 63.3 mi/vehicle/day; 85.0% of fleets have median 45-90 mi/vehicle/day; 83.5% of fleets median 6-8 stops/day,FACT (telematics vendor study),https://azuga.com/blog/productivity-gains-for-hvac-fleets-our-reports-highlights,2018-08-14,,2026-09-27
HVAC,daily_mi,ACHR News infographic repeats 63.3 mi/day average and 6-8 median stops,"FACT (trade magazine, same data)",https://www.achrnews.com/ext/resources/2019/01-2019/1-21-2019/HVAC-Satellite-Office.pdf,2019-01-21,,2026-09-27
HVAC,daily_mi,"Verizon Connect (3,700 plumbing/heating/AC vehicles, 2018): ""average distance traveled per vehicle reached 117.9 miles"" in summer vs 113.2 spring / 113.8 fall; article frames these as weekly averages alongside 5.8 stops/week",FACT (quote) / INF (unit ambiguous; conflicts with Azuga daily figures),https://www.automotive-fleet.com/news/hvac-service-fleet-activity-peaks-in-summer,2019-09-05,,2026-09-27
HVAC,payload,"Adrian Steel HVAC-FTMR148B pkg (Transit mid roof 148""): 517.44 lb",FACT (upfit weight only),https://industrialtruckandvan.com/Adrian-HVAC-FTMR148B-HVAC-Package.FTM148/,,,2026-09-27
HVAC,payload,Example heavy item: Goodman GLXS4BA3610 3-ton condenser 158 lb equipment / 173 lb ship weight,FACT (manufacturer spec),http://chadwellsupply.s3.amazonaws.com/Forms/goodman_glxs4b-r32.pdf,,,2026-09-27
HVAC,payload,Loaded working payload,UNKNOWN,,,searched: HVAC service van loaded weight study,2026-09-27
HVAC,body,"Contracting Business 2013 HVAC Service Vehicle Survey (n=343): pickups owned/leased by >71% across sectors, then box/cube trucks; vans only 22-23%; avg fleet 8 (residential) / 9 (commercial) / 12 (industrial); truck lifespan 9 yr; 75% allow take-home","FACT (old survey, 2013)",https://www.contractingbusiness.com/residential-hvac/article/20866156/2013-hvac-service-vehicle-survey-making-tracks,2013-04-04,body mix may have shifted since 2013,2026-09-27
HVAC,crew,"BLS: technicians ""may be assigned to a single jobsite or to several locations at the beginning of the day. They then travel to each site, making service calls."" ""Newly hired HVAC technicians typically work alongside experienced technicians.""",FACT (BLS OOH),https://www.bls.gov/ooh/installation-maintenance-and-repair/heating-air-conditioning-and-refrigeration-mechanics-and-installers.htm,2026-08-27 (last modified),"crew per vehicle 1 (service) / 2 (install, trainee) = INF",2026-09-27
HVAC,tow,Trailer/tow frequency for HVAC,UNKNOWN,,,searched; none found,2026-09-27
HVAC,upfits,"Refrigerant bottle racks and lockers (Ranger Design); welded tank rack in Adrian HVAC starter pkg; shelving, drawers, partition, ladder rack",FACT,https://rangerdesign.com/blog/upfit-truck-van-accessories/,2017-06-02,,2026-09-27
HVAC,upfits,"Adrian HVAC starter package (Transit Connect LWB) includes welded tank rack, shelf units, drawer units, partition, hook bars, parts bins",FACT,https://www.adriansteel.com/wp-content/uploads/2023/12/Ford-Interior-Starter-Packages.pdf,2023-12,,2026-09-27
Plumbing,daily_mi,"No plumbing-specific telematics study found. 128 Plumbing, Heating, Cooling & Electric (MA, 28 vehicles): 12,000-15,000 mi/yr per vehicle; Colepepper Services (San Diego-LA): 60,000 mi/yr per vehicle",FACT (two fleets),https://www.worktruckonline.com/articles/keeping-hvac-and-plumbing-fleets-on-track,2017-08-08,,2026-09-27
Plumbing,daily_mi,"12,000-15,000 mi/yr = ~48-60 mi/workday assuming 250 workdays",INF (our division; assumption),https://www.worktruckonline.com/articles/keeping-hvac-and-plumbing-fleets-on-track,2017-08-08,,2026-09-27
Plumbing,payload,"Adrian Steel PLUM-FTMR148B pkg (Transit mid roof 148""): 480.70 lb",FACT (upfit weight only),https://industrialladder.com/Adrian-PLUM-FTMR148B-Plumbing-Package-FTM148/,,,2026-09-27
Plumbing,payload,Example heavy item: Rheem Professional Classic 50-gal tall gas water heater ship weight 150-165 lb (short 186 lb),FACT (manufacturer spec),https://hvacdirect.com/media/pdf/PROG50-38N%20RH60%20spec%20sheet.pdf,,,2026-09-27
Plumbing,payload,Colepepper high-roof service vans each carry two drain cleaning machines plus common stock,FACT (single fleet),https://www.worktruckonline.com/articles/keeping-hvac-and-plumbing-fleets-on-track,2017-08-08,,2026-09-27
Plumbing,payload,Loaded working payload,UNKNOWN,,,searched,2026-09-27
Plumbing,body,"PM magazine reader survey (residential plumbing/heating, ~19% of 1,000 responded): own pickups 69%, cargo vans 68%, service/utility body 34%, cube truck 20%, step van 14%; 36% have >5 trucks","FACT (old survey, 2002)",https://www.pmmag.com/articles/86616-contractors-love-trucks,2002-03-29,very old; directional only,2026-09-27
Plumbing,crew,"BLS: ""residential water systems use copper, steel, and plastic pipe that one or two plumbers install""",FACT (BLS OOH),https://www.bls.gov/ooh/construction-and-extraction/plumbers-pipefitters-and-steamfitters.htm,2026-08-27 (last modified),,2026-09-27
Plumbing,tow,Trailer/tow frequency for plumbers,UNKNOWN,,,searched; none found,2026-09-27
Plumbing,upfits,Transport tube kits for pipe/conduit (Ranger); Adrian plumbing starter pkg heavy on drawer units (8x DC6) + parts bins + utility hooks; Knapheide Plumbing Van Interior Packages,FACT,https://rangerdesign.com/blog/upfit-truck-van-accessories/,2017-06-02,,2026-09-27
Landscaping / lawn care,daily_mi,Landscaping daily miles,UNKNOWN,,,"searched: Geotab/Samsara/Motive landscaping mileage, NALP route density (404), LM/L&L; only vendor blog guidance on drive-time ratio found (not used)",2026-09-27
Landscaping / lawn care,payload,"Bumper-pull trailer tongue weight commonly 10-15% of loaded weight; a 7,000 lb loaded trailer puts ~700-1,050 lb on the hitch, counted against truck payload",FACT (trailer dealer guide),https://www.spencertrailers.com/best-trailers-for-landscaping-businesses-in-2024/,2026-08-04,,2026-09-27
Landscaping / lawn care,payload,"Professional zero-turn mower ~900 to >1,600 lb; hydro walk-behind ~500-700 lb (ride on trailer, not truck)",FACT (trailer dealer guide),https://www.spencertrailers.com/best-trailers-for-landscaping-businesses-in-2024/,2026-08-04,,2026-09-27
Landscaping / lawn care,body,Maintenance route: crew truck + equipment trailer; installation: landscape or dump body on chassis cab,"FACT (FL Ford commercial dealer guide, qualitative)",https://commercialfleetvehicles.com/industries/landscaping-companies/,,,2026-09-27
Landscaping / lawn care,body,"Example crew rig: ""a three-quarter-ton truck and a two-axle, 18-foot trailer with three mowers on it""",FACT (Landscape Management / U.S. Lawns),https://stage.landscapemanagement.net/tips-for-determining-your-ideal-maintenance-crew-size/,2017-09-25 (upd 2023-11-03),,2026-09-27
Landscaping / lawn care,body,"LM 2024 State of the Industry: 78% planned to add equipment in 2025, mainly trucks and trailers (81%)",FACT (survey),https://stage.landscapemanagement.net/lm-state-of-the-industry-something-to-smile-about/,2025-01-28,,2026-09-27
Landscaping / lawn care,crew,"""If your average crew is three people...""; crews sized 1-5+ by route density and property size",FACT (LM / U.S. Lawns),https://stage.landscapemanagement.net/tips-for-determining-your-ideal-maintenance-crew-size/,2017-09-25 (upd 2023-11-03),typical 3 = INF from example,2026-09-27
Landscaping / lawn care,crew,"Tandem 7x16 enclosed trailer ""a practical starting size for many two-person mowing crews""",FACT (dealer guide),https://www.spencertrailers.com/best-trailers-for-landscaping-businesses-in-2024/,2026-08-04,,2026-09-27
Landscaping / lawn care,tow,"Daily trailer: ""A practical baseline for a professional mower crew is a 7,000 lb GVWR tandem-axle open utility trailer""; dump trailers ~9,890-12,000 lb GVWR for mulch/soil",FACT (dealer guide),https://www.spencertrailers.com/best-trailers-for-landscaping-businesses-in-2024/,2026-08-04,,2026-09-27
Landscaping / lawn care,upfits,"Trimmer racks on trailer rails (Jungle Jim, Green Touch, Pack'em); E-track in enclosed trailers; landscape body / dump body; brake controller + hitch",FACT,https://www.spencertrailers.com/best-trailers-for-landscaping-businesses-in-2024/,2026-08-04,,2026-09-27
General contracting,daily_mi,GC / construction pickup daily miles,UNKNOWN,,,searched: Motive/Samsara/Verizon construction mileage; CarData construction report page no longer shows the 615-692 mi/month figure seen in a search snippet (not used),2026-09-27
General contracting,payload,GC loaded payload,UNKNOWN,,,searched,2026-09-27
General contracting,body,"Knapheide Contractor Platform Body: flatbed with overhead material rack, drop-down side/rear stake racks, above- and underbody toolboxes; also combo body and service bodies","FACT (upfitter catalog; exists, not share)",https://www.knapheide.com/industries/skilled-trades,,,2026-09-27
General contracting,crew,"BLS: construction laborers/helpers assist tradesworkers and ""need to work as a team""; ""Travel to jobsites may be required.""",FACT (BLS OOH),https://www.bls.gov/ooh/construction-and-extraction/construction-laborers-and-helpers.htm,2026-08-27 (last modified),crew per vehicle UNKNOWN,2026-09-27
General contracting,tow,GC trailer habit (dump / equipment trailer frequency),UNKNOWN,,,searched; none found,2026-09-27
General contracting,upfits,"Overhead ladder/material rack, crossover/underbody toolboxes, stake racks, contractor or service body (Knapheide product list)",FACT (catalog),https://www.knapheide.com/industries/skilled-trades,,,2026-09-27
